##,###,b5,~7,b2,~4,b6,~1,b3,~5,b7,~2,4,~6,1,~3,5,~7,2,~4,6,~1
0,0,0.989999999999997,0.311999999999997,0.574999999999997,0.896999999999997,0.159999999999997,0.481999999999997,0.744999999999997,0.066999999999997,0.329999999999997,0.651999999999997,0.914999999999997,0.236999999999997,0.499999999999996,0.821999999999997,0.084999999999996,0.406999999999996,0.669999999999996,0.991999999999996,0.254999999999996,0.576999999999996
1,1,0.989999999999997,0.311999999999997,0.574999999999997,0.896999999999997,0.159999999999997,0.481999999999997,0.744999999999997,0.066999999999997,0.329999999999997,0.651999999999997,0.914999999999997,0.236999999999997,0.499999999999996,0.821999999999997,0.084999999999996,0.406999999999996,0.669999999999996,0.991999999999996,0.254999999999996,0.576999999999996
2,2,0.311999999999997,0.574999999999997,0.896999999999997,0.159999999999997,0.481999999999997,0.744999999999997,0.066999999999997,0.329999999999997,0.651999999999997,0.914999999999997,0.236999999999997,0.499999999999996,0.821999999999997,0.084999999999996,0.406999999999996,0.669999999999996,0.991999999999996,0.254999999999996,0.576999999999996,0.839999999999996
3,3,0.311999999999997,0.574999999999997,0.896999999999997,0.159999999999997,0.481999999999997,0.744999999999997,0.066999999999997,0.329999999999997,0.651999999999997,0.914999999999997,0.236999999999997,0.499999999999996,0.821999999999997,0.084999999999996,0.406999999999996,0.669999999999996,0.991999999999996,0.254999999999996,0.576999999999996,0.839999999999996
4,4,0.574999999999997,0.896999999999997,0.159999999999997,0.481999999999997,0.744999999999997,0.066999999999997,0.329999999999997,0.651999999999997,0.914999999999997,0.236999999999997,0.499999999999996,0.821999999999997,0.084999999999996,0.406999999999996,0.669999999999996,0.991999999999996,0.254999999999996,0.576999999999996,0.839999999999996,0.161999999999996
5,5,0.574999999999997,0.896999999999997,0.159999999999997,0.481999999999997,0.744999999999997,0.066999999999997,0.329999999999997,0.651999999999997,0.914999999999997,0.236999999999997,0.499999999999996,0.821999999999997,0.084999999999996,0.406999999999996,0.669999999999996,0.991999999999996,0.254999999999996,0.576999999999996,0.839999999999996,0.161999999999996
6,6,0.896999999999997,0.159999999999997,0.481999999999997,0.744999999999997,0.066999999999997,0.329999999999997,0.651999999999997,0.914999999999997,0.236999999999997,0.499999999999996,0.821999999999997,0.084999999999996,0.406999999999996,0.669999999999996,0.991999999999996,0.254999999999996,0.576999999999996,0.839999999999996,0.161999999999996,0.424999999999996
7,7,0.896999999999997,0.159999999999997,0.481999999999997,0.744999999999997,0.066999999999997,0.329999999999997,0.651999999999997,0.914999999999997,0.236999999999997,0.499999999999996,0.821999999999997,0.084999999999996,0.406999999999996,0.669999999999996,0.991999999999996,0.254999999999996,0.576999999999996,0.839999999999996,0.161999999999996,0.424999999999996
8,8,0.159999999999997,0.481999999999997,0.744999999999997,0.066999999999997,0.329999999999997,0.651999999999997,0.914999999999997,0.236999999999997,0.499999999999996,0.821999999999997,0.084999999999996,0.406999999999996,0.669999999999996,0.991999999999996,0.254999999999996,0.576999999999996,0.839999999999996,0.161999999999996,0.424999999999996,0.746999999999996
9,9,0.159999999999997,0.481999999999997,0.744999999999997,0.066999999999997,0.329999999999997,0.651999999999997,0.914999999999997,0.236999999999997,0.499999999999996,0.821999999999997,0.084999999999996,0.406999999999996,0.669999999999996,0.991999999999996,0.254999999999996,0.576999999999996,0.839999999999996,0.161999999999996,0.424999999999996,0.746999999999996
10,10,0.481999999999997,0.744999999999997,0.066999999999997,0.329999999999997,0.651999999999997,0.914999999999997,0.236999999999997,0.499999999999996,0.821999999999997,0.084999999999996,0.406999999999996,0.669999999999996,0.991999999999996,0.254999999999996,0.576999999999996,0.839999999999996,0.161999999999996,0.424999999999996,0.746999999999996,0.009999999999996
11,11,0.481999999999997,0.744999999999997,0.066999999999997,0.329999999999997,0.651999999999997,0.914999999999997,0.236999999999997,0.499999999999996,0.821999999999997,0.084999999999996,0.406999999999996,0.669999999999996,0.991999999999996,0.254999999999996,0.576999999999996,0.839999999999996,0.161999999999996,0.424999999999996,0.746999999999996,0.009999999999996
12,12,0.744999999999997,0.066999999999997,0.329999999999997,0.651999999999997,0.914999999999997,0.236999999999997,0.499999999999996,0.821999999999997,0.084999999999996,0.406999999999996,0.669999999999996,0.991999999999996,0.254999999999996,0.576999999999996,0.839999999999996,0.161999999999996,0.424999999999996,0.746999999999996,0.009999999999996,0.331999999999996
13,13,0.744999999999997,0.066999999999997,0.329999999999997,0.651999999999997,0.914999999999997,0.236999999999997,0.499999999999996,0.821999999999997,0.084999999999996,0.406999999999996,0.669999999999996,0.991999999999996,0.254999999999996,0.576999999999996,0.839999999999996,0.161999999999996,0.424999999999996,0.746999999999996,0.009999999999996,0.331999999999996
14,14,0.066999999999997,0.329999999999997,0.651999999999997,0.914999999999997,0.236999999999997,0.499999999999996,0.821999999999997,0.084999999999996,0.406999999999996,0.669999999999996,0.991999999999996,0.254999999999996,0.576999999999996,0.839999999999996,0.161999999999996,0.424999999999996,0.746999999999996,0.009999999999996,0.331999999999996,0.594999999999996
15,15,0.066999999999997,0.329999999999997,0.651999999999997,0.914999999999997,0.236999999999997,0.499999999999996,0.821999999999997,0.084999999999996,0.406999999999996,0.669999999999996,0.991999999999996,0.254999999999996,0.576999999999996,0.839999999999996,0.161999999999996,0.424999999999996,0.746999999999996,0.009999999999996,0.331999999999996,0.594999999999996
16,16,0.329999999999997,0.651999999999997,0.914999999999997,0.236999999999997,0.499999999999996,0.821999999999997,0.084999999999996,0.406999999999996,0.669999999999996,0.991999999999996,0.254999999999996,0.576999999999996,0.839999999999996,0.161999999999996,0.424999999999996,0.746999999999996,0.009999999999996,0.331999999999996,0.594999999999996,0.916999999999996
17,17,0.329999999999997,0.651999999999997,0.914999999999997,0.236999999999997,0.499999999999996,0.821999999999997,0.084999999999996,0.406999999999996,0.669999999999996,0.991999999999996,0.254999999999996,0.576999999999996,0.839999999999996,0.161999999999996,0.424999999999996,0.746999999999996,0.009999999999996,0.331999999999996,0.594999999999996,0.916999999999996
18,18,0.651999999999997,0.914999999999997,0.236999999999997,0.499999999999996,0.821999999999997,0.084999999999996,0.406999999999996,0.669999999999996,0.991999999999996,0.254999999999996,0.576999999999996,0.839999999999996,0.161999999999996,0.424999999999996,0.746999999999996,0.009999999999996,0.331999999999996,0.594999999999996,0.916999999999996,0.179999999999996
19,19,0.651999999999997,0.914999999999997,0.236999999999997,0.499999999999996,0.821999999999997,0.084999999999996,0.406999999999996,0.669999999999996,0.991999999999996,0.254999999999996,0.576999999999996,0.839999999999996,0.161999999999996,0.424999999999996,0.746999999999996,0.009999999999996,0.331999999999996,0.594999999999996,0.916999999999996,0.179999999999996
20,20,0.914999999999997,0.236999999999997,0.499999999999996,0.821999999999997,0.084999999999996,0.406999999999996,0.669999999999996,0.991999999999996,0.254999999999996,0.576999999999996,0.839999999999996,0.161999999999996,0.424999999999996,0.746999999999996,0.009999999999996,0.331999999999996,0.594999999999996,0.916999999999996,0.179999999999996,0.501999999999996
21,21,0.914999999999997,0.236999999999997,0.499999999999996,0.821999999999997,0.084999999999996,0.406999999999996,0.669999999999996,0.991999999999996,0.254999999999996,0.576999999999996,0.839999999999996,0.161999999999996,0.424999999999996,0.746999999999996,0.009999999999996,0.331999999999996,0.594999999999996,0.916999999999996,0.179999999999996,0.501999999999996
22,22,0.236999999999997,0.499999999999996,0.821999999999997,0.084999999999996,0.406999999999996,0.669999999999996,0.991999999999996,0.254999999999996,0.576999999999996,0.839999999999996,0.161999999999996,0.424999999999996,0.746999999999996,0.009999999999996,0.331999999999996,0.594999999999996,0.916999999999996,0.179999999999996,0.501999999999996,0.764999999999996
23,23,0.236999999999997,0.499999999999996,0.821999999999997,0.084999999999996,0.406999999999996,0.669999999999996,0.991999999999996,0.254999999999996,0.576999999999996,0.839999999999996,0.161999999999996,0.424999999999996,0.746999999999996,0.009999999999996,0.331999999999996,0.594999999999996,0.916999999999996,0.179999999999996,0.501999999999996,0.764999999999996
24,24,0.499999999999996,0.821999999999997,0.084999999999996,0.406999999999996,0.669999999999996,0.991999999999996,0.254999999999996,0.576999999999996,0.839999999999996,0.161999999999996,0.424999999999996,0.746999999999996,0.009999999999996,0.331999999999996,0.594999999999996,0.916999999999996,0.179999999999996,0.501999999999996,0.764999999999996,0.086999999999996
25,25,0.499999999999996,0.821999999999997,0.084999999999996,0.406999999999996,0.669999999999996,0.991999999999996,0.254999999999996,0.576999999999996,0.839999999999996,0.161999999999996,0.424999999999996,0.746999999999996,0.009999999999996,0.331999999999996,0.594999999999996,0.916999999999996,0.179999999999996,0.501999999999996,0.764999999999996,0.086999999999996
26,26,0.821999999999997,0.084999999999996,0.406999999999996,0.669999999999996,0.991999999999996,0.254999999999996,0.576999999999996,0.839999999999996,0.161999999999996,0.424999999999996,0.746999999999996,0.009999999999996,0.331999999999996,0.594999999999996,0.916999999999996,0.179999999999996,0.501999999999996,0.764999999999996,0.086999999999996,0.349999999999996
27,27,0.821999999999997,0.084999999999996,0.406999999999996,0.669999999999996,0.991999999999996,0.254999999999996,0.576999999999996,0.839999999999996,0.161999999999996,0.424999999999996,0.746999999999996,0.009999999999996,0.331999999999996,0.594999999999996,0.916999999999996,0.179999999999996,0.501999999999996,0.764999999999996,0.086999999999996,0.349999999999996
28,28,0.084999999999996,0.406999999999996,0.669999999999996,0.991999999999996,0.254999999999996,0.576999999999996,0.839999999999996,0.161999999999996,0.424999999999996,0.746999999999996,0.009999999999996,0.331999999999996,0.594999999999996,0.916999999999996,0.179999999999996,0.501999999999996,0.764999999999996,0.086999999999996,0.349999999999996,0.671999999999996
29,29,0.084999999999996,0.406999999999996,0.669999999999996,0.991999999999996,0.254999999999996,0.576999999999996,0.839999999999996,0.161999999999996,0.424999999999996,0.746999999999996,0.009999999999996,0.331999999999996,0.594999999999996,0.916999999999996,0.179999999999996,0.501999999999996,0.764999999999996,0.086999999999996,0.349999999999996,0.671999999999996
30,30,0.406999999999996,0.669999999999996,0.991999999999996,0.254999999999996,0.576999999999996,0.839999999999996,0.161999999999996,0.424999999999996,0.746999999999996,0.009999999999996,0.331999999999996,0.594999999999996,0.916999999999996,0.179999999999996,0.501999999999996,0.764999999999996,0.086999999999996,0.349999999999996,0.671999999999996,0.934999999999996
31,31,0.406999999999996,0.669999999999996,0.991999999999996,0.254999999999996,0.576999999999996,0.839999999999996,0.161999999999996,0.424999999999996,0.746999999999996,0.009999999999996,0.331999999999996,0.594999999999996,0.916999999999996,0.179999999999996,0.501999999999996,0.764999999999996,0.086999999999996,0.349999999999996,0.671999999999996,0.934999999999996
32,32,0.669999999999996,0.991999999999996,0.254999999999996,0.576999999999996,0.839999999999996,0.161999999999996,0.424999999999996,0.746999999999996,0.009999999999996,0.331999999999996,0.594999999999996,0.916999999999996,0.179999999999996,0.501999999999996,0.764999999999996,0.086999999999996,0.349999999999996,0.671999999999996,0.934999999999996,0.256999999999996
33,33,0.669999999999996,0.991999999999996,0.254999999999996,0.576999999999996,0.839999999999996,0.161999999999996,0.424999999999996,0.746999999999996,0.009999999999996,0.331999999999996,0.594999999999996,0.916999999999996,0.179999999999996,0.501999999999996,0.764999999999996,0.086999999999996,0.349999999999996,0.671999999999996,0.934999999999996,0.256999999999996
34,34,0.991999999999996,0.254999999999996,0.576999999999996,0.839999999999996,0.161999999999996,0.424999999999996,0.746999999999996,0.009999999999996,0.331999999999996,0.594999999999996,0.916999999999996,0.179999999999996,0.501999999999996,0.764999999999996,0.086999999999996,0.349999999999996,0.671999999999996,0.934999999999996,0.256999999999996,0.519999999999996
35,35,0.991999999999996,0.254999999999996,0.576999999999996,0.839999999999996,0.161999999999996,0.424999999999996,0.746999999999996,0.009999999999996,0.331999999999996,0.594999999999996,0.916999999999996,0.179999999999996,0.501999999999996,0.764999999999996,0.086999999999996,0.349999999999996,0.671999999999996,0.934999999999996,0.256999999999996,0.519999999999996
36,36,0.254999999999996,0.576999999999996,0.839999999999996,0.161999999999996,0.424999999999996,0.746999999999996,0.009999999999996,0.331999999999996,0.594999999999996,0.916999999999996,0.179999999999996,0.501999999999996,0.764999999999996,0.086999999999996,0.349999999999996,0.671999999999996,0.934999999999996,0.256999999999996,0.519999999999996,0.841999999999996
37,37,0.254999999999996,0.576999999999996,0.839999999999996,0.161999999999996,0.424999999999996,0.746999999999996,0.009999999999996,0.331999999999996,0.594999999999996,0.916999999999996,0.179999999999996,0.501999999999996,0.764999999999996,0.086999999999996,0.349999999999996,0.671999999999996,0.934999999999996,0.256999999999996,0.519999999999996,0.841999999999996
38,38,0.576999999999996,0.839999999999996,0.161999999999996,0.424999999999996,0.746999999999996,0.009999999999996,0.331999999999996,0.594999999999996,0.916999999999996,0.179999999999996,0.501999999999996,0.764999999999996,0.086999999999996,0.349999999999996,0.671999999999996,0.934999999999996,0.256999999999996,0.519999999999996,0.841999999999996,0.104999999999996
39,39,0.576999999999996,0.839999999999996,0.161999999999996,0.424999999999996,0.746999999999996,0.009999999999996,0.331999999999996,0.594999999999996,0.916999999999996,0.179999999999996,0.501999999999996,0.764999999999996,0.086999999999996,0.349999999999996,0.671999999999996,0.934999999999996,0.256999999999996,0.519999999999996,0.841999999999996,0.104999999999996
40,40,0.839999999999996,0.161999999999996,0.424999999999996,0.746999999999996,0.009999999999996,0.331999999999996,0.594999999999996,0.916999999999996,0.179999999999996,0.501999999999996,0.764999999999996,0.086999999999996,0.349999999999996,0.671999999999996,0.934999999999996,0.256999999999996,0.519999999999996,0.841999999999996,0.104999999999996,0.426999999999996
41,41,0.839999999999996,0.161999999999996,0.424999999999996,0.746999999999996,0.009999999999996,0.331999999999996,0.594999999999996,0.916999999999996,0.179999999999996,0.501999999999996,0.764999999999996,0.086999999999996,0.349999999999996,0.671999999999996,0.934999999999996,0.256999999999996,0.519999999999996,0.841999999999996,0.104999999999996,0.426999999999996
42,42,0.161999999999996,0.424999999999996,0.746999999999996,0.009999999999996,0.331999999999996,0.594999999999996,0.916999999999996,0.179999999999996,0.501999999999996,0.764999999999996,0.086999999999996,0.349999999999996,0.671999999999996,0.934999999999996,0.256999999999996,0.519999999999996,0.841999999999996,0.104999999999996,0.426999999999996,0.689999999999996
43,43,0.161999999999996,0.424999999999996,0.746999999999996,0.009999999999996,0.331999999999996,0.594999999999996,0.916999999999996,0.179999999999996,0.501999999999996,0.764999999999996,0.086999999999996,0.349999999999996,0.671999999999996,0.934999999999996,0.256999999999996,0.519999999999996,0.841999999999996,0.104999999999996,0.426999999999996,0.689999999999996
44,44,0.424999999999996,0.746999999999996,0.009999999999996,0.331999999999996,0.594999999999996,0.916999999999996,0.179999999999996,0.501999999999996,0.764999999999996,0.086999999999996,0.349999999999996,0.671999999999996,0.934999999999996,0.256999999999996,0.519999999999996,0.841999999999996,0.104999999999996,0.426999999999996,0.689999999999996,0.011999999999996
45,45,0.424999999999996,0.746999999999996,0.009999999999996,0.331999999999996,0.594999999999996,0.916999999999996,0.179999999999996,0.501999999999996,0.764999999999996,0.086999999999996,0.349999999999996,0.671999999999996,0.934999999999996,0.256999999999996,0.519999999999996,0.841999999999996,0.104999999999996,0.426999999999996,0.689999999999996,0.011999999999996
46,46,0.746999999999996,0.009999999999996,0.331999999999996,0.594999999999996,0.916999999999996,0.179999999999996,0.501999999999996,0.764999999999996,0.086999999999996,0.349999999999996,0.671999999999996,0.934999999999996,0.256999999999996,0.519999999999996,0.841999999999996,0.104999999999996,0.426999999999996,0.689999999999996,0.011999999999996,0.274999999999996
47,47,0.746999999999996,0.009999999999996,0.331999999999996,0.594999999999996,0.916999999999996,0.179999999999996,0.501999999999996,0.764999999999996,0.086999999999996,0.349999999999996,0.671999999999996,0.934999999999996,0.256999999999996,0.519999999999996,0.841999999999996,0.104999999999996,0.426999999999996,0.689999999999996,0.011999999999996,0.274999999999996
48,48,0.009999999999996,0.331999999999996,0.594999999999996,0.916999999999996,0.179999999999996,0.501999999999996,0.764999999999996,0.086999999999996,0.349999999999996,0.671999999999996,0.934999999999996,0.256999999999996,0.519999999999996,0.841999999999996,0.104999999999996,0.426999999999996,0.689999999999996,0.011999999999996,0.274999999999996,0.596999999999996
49,49,0.009999999999996,0.331999999999996,0.594999999999996,0.916999999999996,0.179999999999996,0.501999999999996,0.764999999999996,0.086999999999996,0.349999999999996,0.671999999999996,0.934999999999996,0.256999999999996,0.519999999999996,0.841999999999996,0.104999999999996,0.426999999999996,0.689999999999996,0.011999999999996,0.274999999999996,0.596999999999996
50,50,0.331999999999996,0.594999999999996,0.916999999999996,0.179999999999996,0.501999999999996,0.764999999999996,0.086999999999996,0.349999999999996,0.671999999999996,0.934999999999996,0.256999999999996,0.519999999999996,0.841999999999996,0.104999999999996,0.426999999999996,0.689999999999996,0.011999999999996,0.274999999999996,0.596999999999996,0.859999999999996
51,51,0.331999999999996,0.594999999999996,0.916999999999996,0.179999999999996,0.501999999999996,0.764999999999996,0.086999999999996,0.349999999999996,0.671999999999996,0.934999999999996,0.256999999999996,0.519999999999996,0.841999999999996,0.104999999999996,0.426999999999996,0.689999999999996,0.011999999999996,0.274999999999996,0.596999999999996,0.859999999999996
52,52,0.594999999999996,0.916999999999996,0.179999999999996,0.501999999999996,0.764999999999996,0.086999999999996,0.349999999999996,0.671999999999996,0.934999999999996,0.256999999999996,0.519999999999996,0.841999999999996,0.104999999999996,0.426999999999996,0.689999999999996,0.011999999999996,0.274999999999996,0.596999999999996,0.859999999999996,0.181999999999996
53,53,0.594999999999996,0.916999999999996,0.179999999999996,0.501999999999996,0.764999999999996,0.086999999999996,0.349999999999996,0.671999999999996,0.934999999999996,0.256999999999996,0.519999999999996,0.841999999999996,0.104999999999996,0.426999999999996,0.689999999999996,0.011999999999996,0.274999999999996,0.596999999999996,0.859999999999996,0.181999999999996
54,54,0.916999999999996,0.179999999999996,0.501999999999996,0.764999999999996,0.086999999999996,0.349999999999996,0.671999999999996,0.934999999999996,0.256999999999996,0.519999999999996,0.841999999999996,0.104999999999996,0.426999999999996,0.689999999999996,0.011999999999996,0.274999999999996,0.596999999999996,0.859999999999996,0.181999999999996,0.444999999999996
55,55,0.916999999999996,0.179999999999996,0.501999999999996,0.764999999999996,0.086999999999996,0.349999999999996,0.671999999999996,0.934999999999996,0.256999999999996,0.519999999999996,0.841999999999996,0.104999999999996,0.426999999999996,0.689999999999996,0.011999999999996,0.274999999999996,0.596999999999996,0.859999999999996,0.181999999999996,0.444999999999996
56,56,0.179999999999996,0.501999999999996,0.764999999999996,0.086999999999996,0.349999999999996,0.671999999999996,0.934999999999996,0.256999999999996,0.519999999999996,0.841999999999996,0.104999999999996,0.426999999999996,0.689999999999996,0.011999999999996,0.274999999999996,0.596999999999996,0.859999999999996,0.181999999999996,0.444999999999996,0.766999999999996
57,57,0.179999999999996,0.501999999999996,0.764999999999996,0.086999999999996,0.349999999999996,0.671999999999996,0.934999999999996,0.256999999999996,0.519999999999996,0.841999999999996,0.104999999999996,0.426999999999996,0.689999999999996,0.011999999999996,0.274999999999996,0.596999999999996,0.859999999999996,0.181999999999996,0.444999999999996,0.766999999999996
58,58,0.501999999999996,0.764999999999996,0.086999999999996,0.349999999999996,0.671999999999996,0.934999999999996,0.256999999999996,0.519999999999996,0.841999999999996,0.104999999999996,0.426999999999996,0.689999999999996,0.011999999999996,0.274999999999996,0.596999999999996,0.859999999999996,0.181999999999996,0.444999999999996,0.766999999999996,0.029999999999996
59,59,0.501999999999996,0.764999999999996,0.086999999999996,0.349999999999996,0.671999999999996,0.934999999999996,0.256999999999996,0.519999999999996,0.841999999999996,0.104999999999996,0.426999999999996,0.689999999999996,0.011999999999996,0.274999999999996,0.596999999999996,0.859999999999996,0.181999999999996,0.444999999999996,0.766999999999996,0.029999999999996
60,60,0.764999999999996,0.086999999999996,0.349999999999996,0.671999999999996,0.934999999999996,0.256999999999996,0.519999999999996,0.841999999999996,0.104999999999996,0.426999999999996,0.689999999999996,0.011999999999996,0.274999999999996,0.596999999999996,0.859999999999996,0.181999999999996,0.444999999999996,0.766999999999996,0.029999999999996,0.351999999999996
61,61,0.764999999999996,0.086999999999996,0.349999999999996,0.671999999999996,0.934999999999996,0.256999999999996,0.519999999999996,0.841999999999996,0.104999999999996,0.426999999999996,0.689999999999996,0.011999999999996,0.274999999999996,0.596999999999996,0.859999999999996,0.181999999999996,0.444999999999996,0.766999999999996,0.029999999999996,0.351999999999996
62,62,0.086999999999996,0.349999999999996,0.671999999999996,0.934999999999996,0.256999999999996,0.519999999999996,0.841999999999996,0.104999999999996,0.426999999999996,0.689999999999996,0.011999999999996,0.274999999999996,0.596999999999996,0.859999999999996,0.181999999999996,0.444999999999996,0.766999999999996,0.029999999999996,0.351999999999996,0.614999999999996
63,63,0.086999999999996,0.349999999999996,0.671999999999996,0.934999999999996,0.256999999999996,0.519999999999996,0.841999999999996,0.104999999999996,0.426999999999996,0.689999999999996,0.011999999999996,0.274999999999996,0.596999999999996,0.859999999999996,0.181999999999996,0.444999999999996,0.766999999999996,0.029999999999996,0.351999999999996,0.614999999999996
64,64,0.349999999999996,0.671999999999996,0.934999999999996,0.256999999999996,0.519999999999996,0.841999999999996,0.104999999999996,0.426999999999996,0.689999999999996,0.011999999999996,0.274999999999996,0.596999999999996,0.859999999999996,0.181999999999996,0.444999999999996,0.766999999999996,0.029999999999996,0.351999999999996,0.614999999999996,0.936999999999996
65,65,0.349999999999996,0.671999999999996,0.934999999999996,0.256999999999996,0.519999999999996,0.841999999999996,0.104999999999996,0.426999999999996,0.689999999999996,0.011999999999996,0.274999999999996,0.596999999999996,0.859999999999996,0.181999999999996,0.444999999999996,0.766999999999996,0.029999999999996,0.351999999999996,0.614999999999996,0.936999999999996
66,66,0.671999999999996,0.934999999999996,0.256999999999996,0.519999999999996,0.841999999999996,0.104999999999996,0.426999999999996,0.689999999999996,0.011999999999996,0.274999999999996,0.596999999999996,0.859999999999996,0.181999999999996,0.444999999999996,0.766999999999996,0.029999999999996,0.351999999999996,0.614999999999996,0.936999999999996,0.199999999999996
67,67,0.671999999999996,0.934999999999996,0.256999999999996,0.519999999999996,0.841999999999996,0.104999999999996,0.426999999999996,0.689999999999996,0.011999999999996,0.274999999999996,0.596999999999996,0.859999999999996,0.181999999999996,0.444999999999996,0.766999999999996,0.029999999999996,0.351999999999996,0.614999999999996,0.936999999999996,0.199999999999996
68,68,0.934999999999996,0.256999999999996,0.519999999999996,0.841999999999996,0.104999999999996,0.426999999999996,0.689999999999996,0.011999999999996,0.274999999999996,0.596999999999996,0.859999999999996,0.181999999999996,0.444999999999996,0.766999999999996,0.029999999999996,0.351999999999996,0.614999999999996,0.936999999999996,0.199999999999996,0.521999999999996
69,69,0.934999999999996,0.256999999999996,0.519999999999996,0.841999999999996,0.104999999999996,0.426999999999996,0.689999999999996,0.011999999999996,0.274999999999996,0.596999999999996,0.859999999999996,0.181999999999996,0.444999999999996,0.766999999999996,0.029999999999996,0.351999999999996,0.614999999999996,0.936999999999996,0.199999999999996,0.521999999999996
70,70,0.256999999999996,0.519999999999996,0.841999999999996,0.104999999999996,0.426999999999996,0.689999999999996,0.011999999999996,0.274999999999996,0.596999999999996,0.859999999999996,0.181999999999996,0.444999999999996,0.766999999999996,0.029999999999996,0.351999999999996,0.614999999999996,0.936999999999996,0.199999999999996,0.521999999999996,0.784999999999996
71,71,0.256999999999996,0.519999999999996,0.841999999999996,0.104999999999996,0.426999999999996,0.689999999999996,0.011999999999996,0.274999999999996,0.596999999999996,0.859999999999996,0.181999999999996,0.444999999999996,0.766999999999996,0.029999999999996,0.351999999999996,0.614999999999996,0.936999999999996,0.199999999999996,0.521999999999996,0.784999999999996
72,72,0.519999999999996,0.841999999999996,0.104999999999996,0.426999999999996,0.689999999999996,0.011999999999996,0.274999999999996,0.596999999999996,0.859999999999996,0.181999999999996,0.444999999999996,0.766999999999996,0.029999999999996,0.351999999999996,0.614999999999996,0.936999999999996,0.199999999999996,0.521999999999996,0.784999999999996,0.106999999999996
73,73,0.519999999999996,0.841999999999996,0.104999999999996,0.426999999999996,0.689999999999996,0.011999999999996,0.274999999999996,0.596999999999996,0.859999999999996,0.181999999999996,0.444999999999996,0.766999999999996,0.029999999999996,0.351999999999996,0.614999999999996,0.936999999999996,0.199999999999996,0.521999999999996,0.784999999999996,0.106999999999996
74,74,0.841999999999996,0.104999999999996,0.426999999999996,0.689999999999996,0.011999999999996,0.274999999999996,0.596999999999996,0.859999999999996,0.181999999999996,0.444999999999996,0.766999999999996,0.029999999999996,0.351999999999996,0.614999999999996,0.936999999999996,0.199999999999996,0.521999999999996,0.784999999999996,0.106999999999996,0.369999999999996
75,75,0.841999999999996,0.104999999999996,0.426999999999996,0.689999999999996,0.011999999999996,0.274999999999996,0.596999999999996,0.859999999999996,0.181999999999996,0.444999999999996,0.766999999999996,0.029999999999996,0.351999999999996,0.614999999999996,0.936999999999996,0.199999999999996,0.521999999999996,0.784999999999996,0.106999999999996,0.369999999999996
76,76,0.104999999999996,0.426999999999996,0.689999999999996,0.011999999999996,0.274999999999996,0.596999999999996,0.859999999999996,0.181999999999996,0.444999999999996,0.766999999999996,0.029999999999996,0.351999999999996,0.614999999999996,0.936999999999996,0.199999999999996,0.521999999999996,0.784999999999996,0.106999999999996,0.369999999999996,0.691999999999996
77,77,0.104999999999996,0.426999999999996,0.689999999999996,0.011999999999996,0.274999999999996,0.596999999999996,0.859999999999996,0.181999999999996,0.444999999999996,0.766999999999996,0.029999999999996,0.351999999999996,0.614999999999996,0.936999999999996,0.199999999999996,0.521999999999996,0.784999999999996,0.106999999999996,0.369999999999996,0.691999999999996
78,78,0.426999999999996,0.689999999999996,0.011999999999996,0.274999999999996,0.596999999999996,0.859999999999996,0.181999999999996,0.444999999999996,0.766999999999996,0.029999999999996,0.351999999999996,0.614999999999996,0.936999999999996,0.199999999999996,0.521999999999996,0.784999999999996,0.106999999999996,0.369999999999996,0.691999999999996,0.954999999999996
79,79,0.426999999999996,0.689999999999996,0.011999999999996,0.274999999999996,0.596999999999996,0.859999999999996,0.181999999999996,0.444999999999996,0.766999999999996,0.029999999999996,0.351999999999996,0.614999999999996,0.936999999999996,0.199999999999996,0.521999999999996,0.784999999999996,0.106999999999996,0.369999999999996,0.691999999999996,0.954999999999996
80,80,0.689999999999996,0.011999999999996,0.274999999999996,0.596999999999996,0.859999999999996,0.181999999999996,0.444999999999996,0.766999999999996,0.029999999999996,0.351999999999996,0.614999999999996,0.936999999999996,0.199999999999996,0.521999999999996,0.784999999999996,0.106999999999996,0.369999999999996,0.691999999999996,0.954999999999996,0.276999999999996
81,81,0.689999999999996,0.011999999999996,0.274999999999996,0.596999999999996,0.859999999999996,0.181999999999996,0.444999999999996,0.766999999999996,0.029999999999996,0.351999999999996,0.614999999999996,0.936999999999996,0.199999999999996,0.521999999999996,0.784999999999996,0.106999999999996,0.369999999999996,0.691999999999996,0.954999999999996,0.276999999999996
82,82,0.011999999999996,0.274999999999996,0.596999999999996,0.859999999999996,0.181999999999996,0.444999999999996,0.766999999999996,0.029999999999996,0.351999999999996,0.614999999999996,0.936999999999996,0.199999999999996,0.521999999999996,0.784999999999996,0.106999999999996,0.369999999999996,0.691999999999996,0.954999999999996,0.276999999999996,0.539999999999996
83,83,0.011999999999996,0.274999999999996,0.596999999999996,0.859999999999996,0.181999999999996,0.444999999999996,0.766999999999996,0.029999999999996,0.351999999999996,0.614999999999996,0.936999999999996,0.199999999999996,0.521999999999996,0.784999999999996,0.106999999999996,0.369999999999996,0.691999999999996,0.954999999999996,0.276999999999996,0.539999999999996
84,84,0.274999999999996,0.596999999999996,0.859999999999996,0.181999999999996,0.444999999999996,0.766999999999996,0.029999999999996,0.351999999999996,0.614999999999996,0.936999999999996,0.199999999999996,0.521999999999996,0.784999999999996,0.106999999999996,0.369999999999996,0.691999999999996,0.954999999999996,0.276999999999996,0.539999999999996,0.861999999999996
85,85,0.274999999999996,0.596999999999996,0.859999999999996,0.181999999999996,0.444999999999996,0.766999999999996,0.029999999999996,0.351999999999996,0.614999999999996,0.936999999999996,0.199999999999996,0.521999999999996,0.784999999999996,0.106999999999996,0.369999999999996,0.691999999999996,0.954999999999996,0.276999999999996,0.539999999999996,0.861999999999996
86,86,0.596999999999996,0.859999999999996,0.181999999999996,0.444999999999996,0.766999999999996,0.029999999999996,0.351999999999996,0.614999999999996,0.936999999999996,0.199999999999996,0.521999999999996,0.784999999999996,0.106999999999996,0.369999999999996,0.691999999999996,0.954999999999996,0.276999999999996,0.539999999999996,0.861999999999996,0.124999999999996
87,87,0.596999999999996,0.859999999999996,0.181999999999996,0.444999999999996,0.766999999999996,0.029999999999996,0.351999999999996,0.614999999999996,0.936999999999996,0.199999999999996,0.521999999999996,0.784999999999996,0.106999999999996,0.369999999999996,0.691999999999996,0.954999999999996,0.276999999999996,0.539999999999996,0.861999999999996,0.124999999999996
88,88,0.859999999999996,0.181999999999996,0.444999999999996,0.766999999999996,0.029999999999996,0.351999999999996,0.614999999999996,0.936999999999996,0.199999999999996,0.521999999999996,0.784999999999996,0.106999999999996,0.369999999999996,0.691999999999996,0.954999999999996,0.276999999999996,0.539999999999996,0.861999999999996,0.124999999999996,0.446999999999996
89,89,0.859999999999996,0.181999999999996,0.444999999999996,0.766999999999996,0.029999999999996,0.351999999999996,0.614999999999996,0.936999999999996,0.199999999999996,0.521999999999996,0.784999999999996,0.106999999999996,0.369999999999996,0.691999999999996,0.954999999999996,0.276999999999996,0.539999999999996,0.861999999999996,0.124999999999996,0.446999999999996
90,90,0.181999999999996,0.444999999999996,0.766999999999996,0.029999999999996,0.351999999999996,0.614999999999996,0.936999999999996,0.199999999999996,0.521999999999996,0.784999999999996,0.106999999999996,0.369999999999996,0.691999999999996,0.954999999999996,0.276999999999996,0.539999999999996,0.861999999999996,0.124999999999996,0.446999999999996,0.709999999999996
91,91,0.181999999999996,0.444999999999996,0.766999999999996,0.029999999999996,0.351999999999996,0.614999999999996,0.936999999999996,0.199999999999996,0.521999999999996,0.784999999999996,0.106999999999996,0.369999999999996,0.691999999999996,0.954999999999996,0.276999999999996,0.539999999999996,0.861999999999996,0.124999999999996,0.446999999999996,0.709999999999996
92,92,0.444999999999996,0.766999999999996,0.029999999999996,0.351999999999996,0.614999999999996,0.936999999999996,0.199999999999996,0.521999999999996,0.784999999999996,0.106999999999996,0.369999999999996,0.691999999999996,0.954999999999996,0.276999999999996,0.539999999999996,0.861999999999996,0.124999999999996,0.446999999999996,0.709999999999996,0.031999999999996
93,93,0.444999999999996,0.766999999999996,0.029999999999996,0.351999999999996,0.614999999999996,0.936999999999996,0.199999999999996,0.521999999999996,0.784999999999996,0.106999999999996,0.369999999999996,0.691999999999996,0.954999999999996,0.276999999999996,0.539999999999996,0.861999999999996,0.124999999999996,0.446999999999996,0.709999999999996,0.031999999999996
94,94,0.766999999999996,0.029999999999996,0.351999999999996,0.614999999999996,0.936999999999996,0.199999999999996,0.521999999999996,0.784999999999996,0.106999999999996,0.369999999999996,0.691999999999996,0.954999999999996,0.276999999999996,0.539999999999996,0.861999999999996,0.124999999999996,0.446999999999996,0.709999999999996,0.031999999999996,0.294999999999995
95,95,0.766999999999996,0.029999999999996,0.351999999999996,0.614999999999996,0.936999999999996,0.199999999999996,0.521999999999996,0.784999999999996,0.106999999999996,0.369999999999996,0.691999999999996,0.954999999999996,0.276999999999996,0.539999999999996,0.861999999999996,0.124999999999996,0.446999999999996,0.709999999999996,0.031999999999996,0.294999999999995
96,96,0.029999999999996,0.351999999999996,0.614999999999996,0.936999999999996,0.199999999999996,0.521999999999996,0.784999999999996,0.106999999999996,0.369999999999996,0.691999999999996,0.954999999999996,0.276999999999996,0.539999999999996,0.861999999999996,0.124999999999996,0.446999999999996,0.709999999999996,0.031999999999996,0.294999999999995,0.616999999999996
97,97,0.029999999999996,0.351999999999996,0.614999999999996,0.936999999999996,0.199999999999996,0.521999999999996,0.784999999999996,0.106999999999996,0.369999999999996,0.691999999999996,0.954999999999996,0.276999999999996,0.539999999999996,0.861999999999996,0.124999999999996,0.446999999999996,0.709999999999996,0.031999999999996,0.294999999999995,0.616999999999996
98,98,0.351999999999996,0.614999999999996,0.936999999999996,0.199999999999996,0.521999999999996,0.784999999999996,0.106999999999996,0.369999999999996,0.691999999999996,0.954999999999996,0.276999999999996,0.539999999999996,0.861999999999996,0.124999999999996,0.446999999999996,0.709999999999996,0.031999999999996,0.294999999999995,0.616999999999996,0.879999999999995
99,99,0.351999999999996,0.614999999999996,0.936999999999996,0.199999999999996,0.521999999999996,0.784999999999996,0.106999999999996,0.369999999999996,0.691999999999996,0.954999999999996,0.276999999999996,0.539999999999996,0.861999999999996,0.124999999999996,0.446999999999996,0.709999999999996,0.031999999999996,0.294999999999995,0.616999999999996,0.879999999999995
100,100,0.614999999999996,0.936999999999996,0.199999999999996,0.521999999999996,0.784999999999996,0.106999999999996,0.369999999999996,0.691999999999996,0.954999999999996,0.276999999999996,0.539999999999996,0.861999999999996,0.124999999999996,0.446999999999996,0.709999999999996,0.031999999999996,0.294999999999995,0.616999999999996,0.879999999999995,0.201999999999996
101,101,0.614999999999996,0.936999999999996,0.199999999999996,0.521999999999996,0.784999999999996,0.106999999999996,0.369999999999996,0.691999999999996,0.954999999999996,0.276999999999996,0.539999999999996,0.861999999999996,0.124999999999996,0.446999999999996,0.709999999999996,0.031999999999996,0.294999999999995,0.616999999999996,0.879999999999995,0.201999999999996
102,102,0.936999999999996,0.199999999999996,0.521999999999996,0.784999999999996,0.106999999999996,0.369999999999996,0.691999999999996,0.954999999999996,0.276999999999996,0.539999999999996,0.861999999999996,0.124999999999996,0.446999999999996,0.709999999999996,0.031999999999996,0.294999999999995,0.616999999999996,0.879999999999995,0.201999999999996,0.464999999999995
103,103,0.936999999999996,0.199999999999996,0.521999999999996,0.784999999999996,0.106999999999996,0.369999999999996,0.691999999999996,0.954999999999996,0.276999999999996,0.539999999999996,0.861999999999996,0.124999999999996,0.446999999999996,0.709999999999996,0.031999999999996,0.294999999999995,0.616999999999996,0.879999999999995,0.201999999999996,0.464999999999995
104,104,0.199999999999996,0.521999999999996,0.784999999999996,0.106999999999996,0.369999999999996,0.691999999999996,0.954999999999996,0.276999999999996,0.539999999999996,0.861999999999996,0.124999999999996,0.446999999999996,0.709999999999996,0.031999999999996,0.294999999999995,0.616999999999996,0.879999999999995,0.201999999999996,0.464999999999995,0.786999999999996
105,105,0.199999999999996,0.521999999999996,0.784999999999996,0.106999999999996,0.369999999999996,0.691999999999996,0.954999999999996,0.276999999999996,0.539999999999996,0.861999999999996,0.124999999999996,0.446999999999996,0.709999999999996,0.031999999999996,0.294999999999995,0.616999999999996,0.879999999999995,0.201999999999996,0.464999999999995,0.786999999999996
106,106,0.521999999999996,0.784999999999996,0.106999999999996,0.369999999999996,0.691999999999996,0.954999999999996,0.276999999999996,0.539999999999996,0.861999999999996,0.124999999999996,0.446999999999996,0.709999999999996,0.031999999999996,0.294999999999995,0.616999999999996,0.879999999999995,0.201999999999996,0.464999999999995,0.786999999999996,0.049999999999995
107,107,0.521999999999996,0.784999999999996,0.106999999999996,0.369999999999996,0.691999999999996,0.954999999999996,0.276999999999996,0.539999999999996,0.861999999999996,0.124999999999996,0.446999999999996,0.709999999999996,0.031999999999996,0.294999999999995,0.616999999999996,0.879999999999995,0.201999999999996,0.464999999999995,0.786999999999996,0.049999999999995
108,108,0.784999999999996,0.106999999999996,0.369999999999996,0.691999999999996,0.954999999999996,0.276999999999996,0.539999999999996,0.861999999999996,0.124999999999996,0.446999999999996,0.709999999999996,0.031999999999996,0.294999999999995,0.616999999999996,0.879999999999995,0.201999999999996,0.464999999999995,0.786999999999996,0.049999999999995,0.371999999999995
109,109,0.784999999999996,0.106999999999996,0.369999999999996,0.691999999999996,0.954999999999996,0.276999999999996,0.539999999999996,0.861999999999996,0.124999999999996,0.446999999999996,0.709999999999996,0.031999999999996,0.294999999999995,0.616999999999996,0.879999999999995,0.201999999999996,0.464999999999995,0.786999999999996,0.049999999999995,0.371999999999995
110,110,0.106999999999996,0.369999999999996,0.691999999999996,0.954999999999996,0.276999999999996,0.539999999999996,0.861999999999996,0.124999999999996,0.446999999999996,0.709999999999996,0.031999999999996,0.294999999999995,0.616999999999996,0.879999999999995,0.201999999999996,0.464999999999995,0.786999999999996,0.049999999999995,0.371999999999995,0.634999999999995
111,111,0.106999999999996,0.369999999999996,0.691999999999996,0.954999999999996,0.276999999999996,0.539999999999996,0.861999999999996,0.124999999999996,0.446999999999996,0.709999999999996,0.031999999999996,0.294999999999995,0.616999999999996,0.879999999999995,0.201999999999996,0.464999999999995,0.786999999999996,0.049999999999995,0.371999999999995,0.634999999999995
112,112,0.369999999999996,0.691999999999996,0.954999999999996,0.276999999999996,0.539999999999996,0.861999999999996,0.124999999999996,0.446999999999996,0.709999999999996,0.031999999999996,0.294999999999995,0.616999999999996,0.879999999999995,0.201999999999996,0.464999999999995,0.786999999999996,0.049999999999995,0.371999999999995,0.634999999999995,0.956999999999995
113,113,0.369999999999996,0.691999999999996,0.954999999999996,0.276999999999996,0.539999999999996,0.861999999999996,0.124999999999996,0.446999999999996,0.709999999999996,0.031999999999996,0.294999999999995,0.616999999999996,0.879999999999995,0.201999999999996,0.464999999999995,0.786999999999996,0.049999999999995,0.371999999999995,0.634999999999995,0.956999999999995
114,114,0.691999999999996,0.954999999999996,0.276999999999996,0.539999999999996,0.861999999999996,0.124999999999996,0.446999999999996,0.709999999999996,0.031999999999996,0.294999999999995,0.616999999999996,0.879999999999995,0.201999999999996,0.464999999999995,0.786999999999996,0.049999999999995,0.371999999999995,0.634999999999995,0.956999999999995,0.219999999999995
115,115,0.691999999999996,0.954999999999996,0.276999999999996,0.539999999999996,0.861999999999996,0.124999999999996,0.446999999999996,0.709999999999996,0.031999999999996,0.294999999999995,0.616999999999996,0.879999999999995,0.201999999999996,0.464999999999995,0.786999999999996,0.049999999999995,0.371999999999995,0.634999999999995,0.956999999999995,0.219999999999995
116,116,0.954999999999996,0.276999999999996,0.539999999999996,0.861999999999996,0.124999999999996,0.446999999999996,0.709999999999996,0.031999999999996,0.294999999999995,0.616999999999996,0.879999999999995,0.201999999999996,0.464999999999995,0.786999999999996,0.049999999999995,0.371999999999995,0.634999999999995,0.956999999999995,0.219999999999995,0.541999999999995
117,117,0.954999999999996,0.276999999999996,0.539999999999996,0.861999999999996,0.124999999999996,0.446999999999996,0.709999999999996,0.031999999999996,0.294999999999995,0.616999999999996,0.879999999999995,0.201999999999996,0.464999999999995,0.786999999999996,0.049999999999995,0.371999999999995,0.634999999999995,0.956999999999995,0.219999999999995,0.541999999999995
118,118,0.276999999999996,0.539999999999996,0.861999999999996,0.124999999999996,0.446999999999996,0.709999999999996,0.031999999999996,0.294999999999995,0.616999999999996,0.879999999999995,0.201999999999996,0.464999999999995,0.786999999999996,0.049999999999995,0.371999999999995,0.634999999999995,0.956999999999995,0.219999999999995,0.541999999999995,0.804999999999995
119,119,0.276999999999996,0.539999999999996,0.861999999999996,0.124999999999996,0.446999999999996,0.709999999999996,0.031999999999996,0.294999999999995,0.616999999999996,0.879999999999995,0.201999999999996,0.464999999999995,0.786999999999996,0.049999999999995,0.371999999999995,0.634999999999995,0.956999999999995,0.219999999999995,0.541999999999995,0.804999999999995
120,120,0.539999999999996,0.861999999999996,0.124999999999996,0.446999999999996,0.709999999999996,0.031999999999996,0.294999999999995,0.616999999999996,0.879999999999995,0.201999999999996,0.464999999999995,0.786999999999996,0.049999999999995,0.371999999999995,0.634999999999995,0.956999999999995,0.219999999999995,0.541999999999995,0.804999999999995,0.126999999999995
121,121,0.539999999999996,0.861999999999996,0.124999999999996,0.446999999999996,0.709999999999996,0.031999999999996,0.294999999999995,0.616999999999996,0.879999999999995,0.201999999999996,0.464999999999995,0.786999999999996,0.049999999999995,0.371999999999995,0.634999999999995,0.956999999999995,0.219999999999995,0.541999999999995,0.804999999999995,0.126999999999995
122,122,0.861999999999996,0.124999999999996,0.446999999999996,0.709999999999996,0.031999999999996,0.294999999999995,0.616999999999996,0.879999999999995,0.201999999999996,0.464999999999995,0.786999999999996,0.049999999999995,0.371999999999995,0.634999999999995,0.956999999999995,0.219999999999995,0.541999999999995,0.804999999999995,0.126999999999995,0.389999999999995
123,123,0.861999999999996,0.124999999999996,0.446999999999996,0.709999999999996,0.031999999999996,0.294999999999995,0.616999999999996,0.879999999999995,0.201999999999996,0.464999999999995,0.786999999999996,0.049999999999995,0.371999999999995,0.634999999999995,0.956999999999995,0.219999999999995,0.541999999999995,0.804999999999995,0.126999999999995,0.389999999999995
124,124,0.124999999999996,0.446999999999996,0.709999999999996,0.031999999999996,0.294999999999995,0.616999999999996,0.879999999999995,0.201999999999996,0.464999999999995,0.786999999999996,0.049999999999995,0.371999999999995,0.634999999999995,0.956999999999995,0.219999999999995,0.541999999999995,0.804999999999995,0.126999999999995,0.389999999999995,0.711999999999995
125,125,0.124999999999996,0.446999999999996,0.709999999999996,0.031999999999996,0.294999999999995,0.616999999999996,0.879999999999995,0.201999999999996,0.464999999999995,0.786999999999996,0.049999999999995,0.371999999999995,0.634999999999995,0.956999999999995,0.219999999999995,0.541999999999995,0.804999999999995,0.126999999999995,0.389999999999995,0.711999999999995
126,126,0.446999999999996,0.709999999999996,0.031999999999996,0.294999999999995,0.616999999999996,0.879999999999995,0.201999999999996,0.464999999999995,0.786999999999996,0.049999999999995,0.371999999999995,0.634999999999995,0.956999999999995,0.219999999999995,0.541999999999995,0.804999999999995,0.126999999999995,0.389999999999995,0.711999999999995,0.974999999999995
127,127,0.446999999999996,0.709999999999996,0.031999999999996,0.294999999999995,0.616999999999996,0.879999999999995,0.201999999999996,0.464999999999995,0.786999999999996,0.049999999999995,0.371999999999995,0.634999999999995,0.956999999999995,0.219999999999995,0.541999999999995,0.804999999999995,0.126999999999995,0.389999999999995,0.711999999999995,0.974999999999995
128,128,0.709999999999996,0.031999999999996,0.294999999999995,0.616999999999996,0.879999999999995,0.201999999999996,0.464999999999995,0.786999999999996,0.049999999999995,0.371999999999995,0.634999999999995,0.956999999999995,0.219999999999995,0.541999999999995,0.804999999999995,0.126999999999995,0.389999999999995,0.711999999999995,0.974999999999995,0.296999999999995
129,129,0.709999999999996,0.031999999999996,0.294999999999995,0.616999999999996,0.879999999999995,0.201999999999996,0.464999999999995,0.786999999999996,0.049999999999995,0.371999999999995,0.634999999999995,0.956999999999995,0.219999999999995,0.541999999999995,0.804999999999995,0.126999999999995,0.389999999999995,0.711999999999995,0.974999999999995,0.296999999999995
130,130,0.031999999999996,0.294999999999995,0.616999999999996,0.879999999999995,0.201999999999996,0.464999999999995,0.786999999999996,0.049999999999995,0.371999999999995,0.634999999999995,0.956999999999995,0.219999999999995,0.541999999999995,0.804999999999995,0.126999999999995,0.389999999999995,0.711999999999995,0.974999999999995,0.296999999999995,0.559999999999995
131,131,0.031999999999996,0.294999999999995,0.616999999999996,0.879999999999995,0.201999999999996,0.464999999999995,0.786999999999996,0.049999999999995,0.371999999999995,0.634999999999995,0.956999999999995,0.219999999999995,0.541999999999995,0.804999999999995,0.126999999999995,0.389999999999995,0.711999999999995,0.974999999999995,0.296999999999995,0.559999999999995
132,132,0.294999999999995,0.616999999999996,0.879999999999995,0.201999999999996,0.464999999999995,0.786999999999996,0.049999999999995,0.371999999999995,0.634999999999995,0.956999999999995,0.219999999999995,0.541999999999995,0.804999999999995,0.126999999999995,0.389999999999995,0.711999999999995,0.974999999999995,0.296999999999995,0.559999999999995,0.881999999999995
133,133,0.294999999999995,0.616999999999996,0.879999999999995,0.201999999999996,0.464999999999995,0.786999999999996,0.049999999999995,0.371999999999995,0.634999999999995,0.956999999999995,0.219999999999995,0.541999999999995,0.804999999999995,0.126999999999995,0.389999999999995,0.711999999999995,0.974999999999995,0.296999999999995,0.559999999999995,0.881999999999995
134,134,0.616999999999996,0.879999999999995,0.201999999999996,0.464999999999995,0.786999999999996,0.049999999999995,0.371999999999995,0.634999999999995,0.956999999999995,0.219999999999995,0.541999999999995,0.804999999999995,0.126999999999995,0.389999999999995,0.711999999999995,0.974999999999995,0.296999999999995,0.559999999999995,0.881999999999995,0.144999999999995
135,135,0.616999999999996,0.879999999999995,0.201999999999996,0.464999999999995,0.786999999999996,0.049999999999995,0.371999999999995,0.634999999999995,0.956999999999995,0.219999999999995,0.541999999999995,0.804999999999995,0.126999999999995,0.389999999999995,0.711999999999995,0.974999999999995,0.296999999999995,0.559999999999995,0.881999999999995,0.144999999999995
136,136,0.879999999999995,0.201999999999996,0.464999999999995,0.786999999999996,0.049999999999995,0.371999999999995,0.634999999999995,0.956999999999995,0.219999999999995,0.541999999999995,0.804999999999995,0.126999999999995,0.389999999999995,0.711999999999995,0.974999999999995,0.296999999999995,0.559999999999995,0.881999999999995,0.144999999999995,0.466999999999995
137,137,0.879999999999995,0.201999999999996,0.464999999999995,0.786999999999996,0.049999999999995,0.371999999999995,0.634999999999995,0.956999999999995,0.219999999999995,0.541999999999995,0.804999999999995,0.126999999999995,0.389999999999995,0.711999999999995,0.974999999999995,0.296999999999995,0.559999999999995,0.881999999999995,0.144999999999995,0.466999999999995
138,138,0.201999999999996,0.464999999999995,0.786999999999996,0.049999999999995,0.371999999999995,0.634999999999995,0.956999999999995,0.219999999999995,0.541999999999995,0.804999999999995,0.126999999999995,0.389999999999995,0.711999999999995,0.974999999999995,0.296999999999995,0.559999999999995,0.881999999999995,0.144999999999995,0.466999999999995,0.729999999999995
139,139,0.201999999999996,0.464999999999995,0.786999999999996,0.049999999999995,0.371999999999995,0.634999999999995,0.956999999999995,0.219999999999995,0.541999999999995,0.804999999999995,0.126999999999995,0.389999999999995,0.711999999999995,0.974999999999995,0.296999999999995,0.559999999999995,0.881999999999995,0.144999999999995,0.466999999999995,0.729999999999995
140,140,0.464999999999995,0.786999999999996,0.049999999999995,0.371999999999995,0.634999999999995,0.956999999999995,0.219999999999995,0.541999999999995,0.804999999999995,0.126999999999995,0.389999999999995,0.711999999999995,0.974999999999995,0.296999999999995,0.559999999999995,0.881999999999995,0.144999999999995,0.466999999999995,0.729999999999995,0.051999999999995
141,141,0.464999999999995,0.786999999999996,0.049999999999995,0.371999999999995,0.634999999999995,0.956999999999995,0.219999999999995,0.541999999999995,0.804999999999995,0.126999999999995,0.389999999999995,0.711999999999995,0.974999999999995,0.296999999999995,0.559999999999995,0.881999999999995,0.144999999999995,0.466999999999995,0.729999999999995,0.051999999999995
142,142,0.786999999999996,0.049999999999995,0.371999999999995,0.634999999999995,0.956999999999995,0.219999999999995,0.541999999999995,0.804999999999995,0.126999999999995,0.389999999999995,0.711999999999995,0.974999999999995,0.296999999999995,0.559999999999995,0.881999999999995,0.144999999999995,0.466999999999995,0.729999999999995,0.051999999999995,0.314999999999995
143,143,0.786999999999996,0.049999999999995,0.371999999999995,0.634999999999995,0.956999999999995,0.219999999999995,0.541999999999995,0.804999999999995,0.126999999999995,0.389999999999995,0.711999999999995,0.974999999999995,0.296999999999995,0.559999999999995,0.881999999999995,0.144999999999995,0.466999999999995,0.729999999999995,0.051999999999995,0.314999999999995
144,144,0.049999999999995,0.371999999999995,0.634999999999995,0.956999999999995,0.219999999999995,0.541999999999995,0.804999999999995,0.126999999999995,0.389999999999995,0.711999999999995,0.974999999999995,0.296999999999995,0.559999999999995,0.881999999999995,0.144999999999995,0.466999999999995,0.729999999999995,0.051999999999995,0.314999999999995,0.636999999999995
145,145,0.049999999999995,0.371999999999995,0.634999999999995,0.956999999999995,0.219999999999995,0.541999999999995,0.804999999999995,0.126999999999995,0.389999999999995,0.711999999999995,0.974999999999995,0.296999999999995,0.559999999999995,0.881999999999995,0.144999999999995,0.466999999999995,0.729999999999995,0.051999999999995,0.314999999999995,0.636999999999995
146,146,0.371999999999995,0.634999999999995,0.956999999999995,0.219999999999995,0.541999999999995,0.804999999999995,0.126999999999995,0.389999999999995,0.711999999999995,0.974999999999995,0.296999999999995,0.559999999999995,0.881999999999995,0.144999999999995,0.466999999999995,0.729999999999995,0.051999999999995,0.314999999999995,0.636999999999995,0.899999999999995
147,147,0.371999999999995,0.634999999999995,0.956999999999995,0.219999999999995,0.541999999999995,0.804999999999995,0.126999999999995,0.389999999999995,0.711999999999995,0.974999999999995,0.296999999999995,0.559999999999995,0.881999999999995,0.144999999999995,0.466999999999995,0.729999999999995,0.051999999999995,0.314999999999995,0.636999999999995,0.899999999999995
148,148,0.634999999999995,0.956999999999995,0.219999999999995,0.541999999999995,0.804999999999995,0.126999999999995,0.389999999999995,0.711999999999995,0.974999999999995,0.296999999999995,0.559999999999995,0.881999999999995,0.144999999999995,0.466999999999995,0.729999999999995,0.051999999999995,0.314999999999995,0.636999999999995,0.899999999999995,0.221999999999995
149,149,0.634999999999995,0.956999999999995,0.219999999999995,0.541999999999995,0.804999999999995,0.126999999999995,0.389999999999995,0.711999999999995,0.974999999999995,0.296999999999995,0.559999999999995,0.881999999999995,0.144999999999995,0.466999999999995,0.729999999999995,0.051999999999995,0.314999999999995,0.636999999999995,0.899999999999995,0.221999999999995
150,150,0.956999999999995,0.219999999999995,0.541999999999995,0.804999999999995,0.126999999999995,0.389999999999995,0.711999999999995,0.974999999999995,0.296999999999995,0.559999999999995,0.881999999999995,0.144999999999995,0.466999999999995,0.729999999999995,0.051999999999995,0.314999999999995,0.636999999999995,0.899999999999995,0.221999999999995,0.484999999999995
151,151,0.956999999999995,0.219999999999995,0.541999999999995,0.804999999999995,0.126999999999995,0.389999999999995,0.711999999999995,0.974999999999995,0.296999999999995,0.559999999999995,0.881999999999995,0.144999999999995,0.466999999999995,0.729999999999995,0.051999999999995,0.314999999999995,0.636999999999995,0.899999999999995,0.221999999999995,0.484999999999995
152,152,0.219999999999995,0.541999999999995,0.804999999999995,0.126999999999995,0.389999999999995,0.711999999999995,0.974999999999995,0.296999999999995,0.559999999999995,0.881999999999995,0.144999999999995,0.466999999999995,0.729999999999995,0.051999999999995,0.314999999999995,0.636999999999995,0.899999999999995,0.221999999999995,0.484999999999995,0.806999999999995
153,153,0.219999999999995,0.541999999999995,0.804999999999995,0.126999999999995,0.389999999999995,0.711999999999995,0.974999999999995,0.296999999999995,0.559999999999995,0.881999999999995,0.144999999999995,0.466999999999995,0.729999999999995,0.051999999999995,0.314999999999995,0.636999999999995,0.899999999999995,0.221999999999995,0.484999999999995,0.806999999999995
154,154,0.541999999999995,0.804999999999995,0.126999999999995,0.389999999999995,0.711999999999995,0.974999999999995,0.296999999999995,0.559999999999995,0.881999999999995,0.144999999999995,0.466999999999995,0.729999999999995,0.051999999999995,0.314999999999995,0.636999999999995,0.899999999999995,0.221999999999995,0.484999999999995,0.806999999999995,0.069999999999995
155,155,0.541999999999995,0.804999999999995,0.126999999999995,0.389999999999995,0.711999999999995,0.974999999999995,0.296999999999995,0.559999999999995,0.881999999999995,0.144999999999995,0.466999999999995,0.729999999999995,0.051999999999995,0.314999999999995,0.636999999999995,0.899999999999995,0.221999999999995,0.484999999999995,0.806999999999995,0.069999999999995
156,156,0.804999999999995,0.126999999999995,0.389999999999995,0.711999999999995,0.974999999999995,0.296999999999995,0.559999999999995,0.881999999999995,0.144999999999995,0.466999999999995,0.729999999999995,0.051999999999995,0.314999999999995,0.636999999999995,0.899999999999995,0.221999999999995,0.484999999999995,0.806999999999995,0.069999999999995,0.391999999999995
157,157,0.804999999999995,0.126999999999995,0.389999999999995,0.711999999999995,0.974999999999995,0.296999999999995,0.559999999999995,0.881999999999995,0.144999999999995,0.466999999999995,0.729999999999995,0.051999999999995,0.314999999999995,0.636999999999995,0.899999999999995,0.221999999999995,0.484999999999995,0.806999999999995,0.069999999999995,0.391999999999995
158,158,0.126999999999995,0.389999999999995,0.711999999999995,0.974999999999995,0.296999999999995,0.559999999999995,0.881999999999995,0.144999999999995,0.466999999999995,0.729999999999995,0.051999999999995,0.314999999999995,0.636999999999995,0.899999999999995,0.221999999999995,0.484999999999995,0.806999999999995,0.069999999999995,0.391999999999995,0.654999999999995
159,159,0.126999999999995,0.389999999999995,0.711999999999995,0.974999999999995,0.296999999999995,0.559999999999995,0.881999999999995,0.144999999999995,0.466999999999995,0.729999999999995,0.051999999999995,0.314999999999995,0.636999999999995,0.899999999999995,0.221999999999995,0.484999999999995,0.806999999999995,0.069999999999995,0.391999999999995,0.654999999999995
160,160,0.389999999999995,0.711999999999995,0.974999999999995,0.296999999999995,0.559999999999995,0.881999999999995,0.144999999999995,0.466999999999995,0.729999999999995,0.051999999999995,0.314999999999995,0.636999999999995,0.899999999999995,0.221999999999995,0.484999999999995,0.806999999999995,0.069999999999995,0.391999999999995,0.654999999999995,0.976999999999995
161,161,0.389999999999995,0.711999999999995,0.974999999999995,0.296999999999995,0.559999999999995,0.881999999999995,0.144999999999995,0.466999999999995,0.729999999999995,0.051999999999995,0.314999999999995,0.636999999999995,0.899999999999995,0.221999999999995,0.484999999999995,0.806999999999995,0.069999999999995,0.391999999999995,0.654999999999995,0.976999999999995
162,162,0.711999999999995,0.974999999999995,0.296999999999995,0.559999999999995,0.881999999999995,0.144999999999995,0.466999999999995,0.729999999999995,0.051999999999995,0.314999999999995,0.636999999999995,0.899999999999995,0.221999999999995,0.484999999999995,0.806999999999995,0.069999999999995,0.391999999999995,0.654999999999995,0.976999999999995,0.239999999999995
163,163,0.711999999999995,0.974999999999995,0.296999999999995,0.559999999999995,0.881999999999995,0.144999999999995,0.466999999999995,0.729999999999995,0.051999999999995,0.314999999999995,0.636999999999995,0.899999999999995,0.221999999999995,0.484999999999995,0.806999999999995,0.069999999999995,0.391999999999995,0.654999999999995,0.976999999999995,0.239999999999995
164,164,0.974999999999995,0.296999999999995,0.559999999999995,0.881999999999995,0.144999999999995,0.466999999999995,0.729999999999995,0.051999999999995,0.314999999999995,0.636999999999995,0.899999999999995,0.221999999999995,0.484999999999995,0.806999999999995,0.069999999999995,0.391999999999995,0.654999999999995,0.976999999999995,0.239999999999995,0.561999999999995
165,165,0.974999999999995,0.296999999999995,0.559999999999995,0.881999999999995,0.144999999999995,0.466999999999995,0.729999999999995,0.051999999999995,0.314999999999995,0.636999999999995,0.899999999999995,0.221999999999995,0.484999999999995,0.806999999999995,0.069999999999995,0.391999999999995,0.654999999999995,0.976999999999995,0.239999999999995,0.561999999999995
166,166,0.296999999999995,0.559999999999995,0.881999999999995,0.144999999999995,0.466999999999995,0.729999999999995,0.051999999999995,0.314999999999995,0.636999999999995,0.899999999999995,0.221999999999995,0.484999999999995,0.806999999999995,0.069999999999995,0.391999999999995,0.654999999999995,0.976999999999995,0.239999999999995,0.561999999999995,0.824999999999995
167,167,0.296999999999995,0.559999999999995,0.881999999999995,0.144999999999995,0.466999999999995,0.729999999999995,0.051999999999995,0.314999999999995,0.636999999999995,0.899999999999995,0.221999999999995,0.484999999999995,0.806999999999995,0.069999999999995,0.391999999999995,0.654999999999995,0.976999999999995,0.239999999999995,0.561999999999995,0.824999999999995
168,168,0.559999999999995,0.881999999999995,0.144999999999995,0.466999999999995,0.729999999999995,0.051999999999995,0.314999999999995,0.636999999999995,0.899999999999995,0.221999999999995,0.484999999999995,0.806999999999995,0.069999999999995,0.391999999999995,0.654999999999995,0.976999999999995,0.239999999999995,0.561999999999995,0.824999999999995,0.146999999999995
169,169,0.559999999999995,0.881999999999995,0.144999999999995,0.466999999999995,0.729999999999995,0.051999999999995,0.314999999999995,0.636999999999995,0.899999999999995,0.221999999999995,0.484999999999995,0.806999999999995,0.069999999999995,0.391999999999995,0.654999999999995,0.976999999999995,0.239999999999995,0.561999999999995,0.824999999999995,0.146999999999995
170,170,0.881999999999995,0.144999999999995,0.466999999999995,0.729999999999995,0.051999999999995,0.314999999999995,0.636999999999995,0.899999999999995,0.221999999999995,0.484999999999995,0.806999999999995,0.069999999999995,0.391999999999995,0.654999999999995,0.976999999999995,0.239999999999995,0.561999999999995,0.824999999999995,0.146999999999995,0.409999999999995
171,171,0.881999999999995,0.144999999999995,0.466999999999995,0.729999999999995,0.051999999999995,0.314999999999995,0.636999999999995,0.899999999999995,0.221999999999995,0.484999999999995,0.806999999999995,0.069999999999995,0.391999999999995,0.654999999999995,0.976999999999995,0.239999999999995,0.561999999999995,0.824999999999995,0.146999999999995,0.409999999999995
172,172,0.144999999999995,0.466999999999995,0.729999999999995,0.051999999999995,0.314999999999995,0.636999999999995,0.899999999999995,0.221999999999995,0.484999999999995,0.806999999999995,0.069999999999995,0.391999999999995,0.654999999999995,0.976999999999995,0.239999999999995,0.561999999999995,0.824999999999995,0.146999999999995,0.409999999999995,0.731999999999995
173,173,0.144999999999995,0.466999999999995,0.729999999999995,0.051999999999995,0.314999999999995,0.636999999999995,0.899999999999995,0.221999999999995,0.484999999999995,0.806999999999995,0.069999999999995,0.391999999999995,0.654999999999995,0.976999999999995,0.239999999999995,0.561999999999995,0.824999999999995,0.146999999999995,0.409999999999995,0.731999999999995
174,174,0.466999999999995,0.729999999999995,0.051999999999995,0.314999999999995,0.636999999999995,0.899999999999995,0.221999999999995,0.484999999999995,0.806999999999995,0.069999999999995,0.391999999999995,0.654999999999995,0.976999999999995,0.239999999999995,0.561999999999995,0.824999999999995,0.146999999999995,0.409999999999995,0.731999999999995,0.994999999999995
175,175,0.466999999999995,0.729999999999995,0.051999999999995,0.314999999999995,0.636999999999995,0.899999999999995,0.221999999999995,0.484999999999995,0.806999999999995,0.069999999999995,0.391999999999995,0.654999999999995,0.976999999999995,0.239999999999995,0.561999999999995,0.824999999999995,0.146999999999995,0.409999999999995,0.731999999999995,0.994999999999995
176,176,0.729999999999995,0.051999999999995,0.314999999999995,0.636999999999995,0.899999999999995,0.221999999999995,0.484999999999995,0.806999999999995,0.069999999999995,0.391999999999995,0.654999999999995,0.976999999999995,0.239999999999995,0.561999999999995,0.824999999999995,0.146999999999995,0.409999999999995,0.731999999999995,0.994999999999995,0.316999999999995
177,177,0.729999999999995,0.051999999999995,0.314999999999995,0.636999999999995,0.899999999999995,0.221999999999995,0.484999999999995,0.806999999999995,0.069999999999995,0.391999999999995,0.654999999999995,0.976999999999995,0.239999999999995,0.561999999999995,0.824999999999995,0.146999999999995,0.409999999999995,0.731999999999995,0.994999999999995,0.316999999999995
178,178,0.051999999999995,0.314999999999995,0.636999999999995,0.899999999999995,0.221999999999995,0.484999999999995,0.806999999999995,0.069999999999995,0.391999999999995,0.654999999999995,0.976999999999995,0.239999999999995,0.561999999999995,0.824999999999995,0.146999999999995,0.409999999999995,0.731999999999995,0.994999999999995,0.316999999999995,0.579999999999995
179,179,0.051999999999995,0.314999999999995,0.636999999999995,0.899999999999995,0.221999999999995,0.484999999999995,0.806999999999995,0.069999999999995,0.391999999999995,0.654999999999995,0.976999999999995,0.239999999999995,0.561999999999995,0.824999999999995,0.146999999999995,0.409999999999995,0.731999999999995,0.994999999999995,0.316999999999995,0.579999999999995
180,180,0.314999999999995,0.636999999999995,0.899999999999995,0.221999999999995,0.484999999999995,0.806999999999995,0.069999999999995,0.391999999999995,0.654999999999995,0.976999999999995,0.239999999999995,0.561999999999995,0.824999999999995,0.146999999999995,0.409999999999995,0.731999999999995,0.994999999999995,0.316999999999995,0.579999999999995,0.901999999999995
181,181,0.314999999999995,0.636999999999995,0.899999999999995,0.221999999999995,0.484999999999995,0.806999999999995,0.069999999999995,0.391999999999995,0.654999999999995,0.976999999999995,0.239999999999995,0.561999999999995,0.824999999999995,0.146999999999995,0.409999999999995,0.731999999999995,0.994999999999995,0.316999999999995,0.579999999999995,0.901999999999995
182,182,0.636999999999995,0.899999999999995,0.221999999999995,0.484999999999995,0.806999999999995,0.069999999999995,0.391999999999995,0.654999999999995,0.976999999999995,0.239999999999995,0.561999999999995,0.824999999999995,0.146999999999995,0.409999999999995,0.731999999999995,0.994999999999995,0.316999999999995,0.579999999999995,0.901999999999995,0.164999999999995
183,183,0.636999999999995,0.899999999999995,0.221999999999995,0.484999999999995,0.806999999999995,0.069999999999995,0.391999999999995,0.654999999999995,0.976999999999995,0.239999999999995,0.561999999999995,0.824999999999995,0.146999999999995,0.409999999999995,0.731999999999995,0.994999999999995,0.316999999999995,0.579999999999995,0.901999999999995,0.164999999999995
184,184,0.899999999999995,0.221999999999995,0.484999999999995,0.806999999999995,0.069999999999995,0.391999999999995,0.654999999999995,0.976999999999995,0.239999999999995,0.561999999999995,0.824999999999995,0.146999999999995,0.409999999999995,0.731999999999995,0.994999999999995,0.316999999999995,0.579999999999995,0.901999999999995,0.164999999999995,0.486999999999995
185,185,0.899999999999995,0.221999999999995,0.484999999999995,0.806999999999995,0.069999999999995,0.391999999999995,0.654999999999995,0.976999999999995,0.239999999999995,0.561999999999995,0.824999999999995,0.146999999999995,0.409999999999995,0.731999999999995,0.994999999999995,0.316999999999995,0.579999999999995,0.901999999999995,0.164999999999995,0.486999999999995
186,186,0.221999999999995,0.484999999999995,0.806999999999995,0.069999999999995,0.391999999999995,0.654999999999995,0.976999999999995,0.239999999999995,0.561999999999995,0.824999999999995,0.146999999999995,0.409999999999995,0.731999999999995,0.994999999999995,0.316999999999995,0.579999999999995,0.901999999999995,0.164999999999995,0.486999999999995,0.749999999999995
187,187,0.221999999999995,0.484999999999995,0.806999999999995,0.069999999999995,0.391999999999995,0.654999999999995,0.976999999999995,0.239999999999995,0.561999999999995,0.824999999999995,0.146999999999995,0.409999999999995,0.731999999999995,0.994999999999995,0.316999999999995,0.579999999999995,0.901999999999995,0.164999999999995,0.486999999999995,0.749999999999995
188,188,0.484999999999995,0.806999999999995,0.069999999999995,0.391999999999995,0.654999999999995,0.976999999999995,0.239999999999995,0.561999999999995,0.824999999999995,0.146999999999995,0.409999999999995,0.731999999999995,0.994999999999995,0.316999999999995,0.579999999999995,0.901999999999995,0.164999999999995,0.486999999999995,0.749999999999995,0.071999999999995
189,189,0.484999999999995,0.806999999999995,0.069999999999995,0.391999999999995,0.654999999999995,0.976999999999995,0.239999999999995,0.561999999999995,0.824999999999995,0.146999999999995,0.409999999999995,0.731999999999995,0.994999999999995,0.316999999999995,0.579999999999995,0.901999999999995,0.164999999999995,0.486999999999995,0.749999999999995,0.071999999999995
190,190,0.806999999999995,0.069999999999995,0.391999999999995,0.654999999999995,0.976999999999995,0.239999999999995,0.561999999999995,0.824999999999995,0.146999999999995,0.409999999999995,0.731999999999995,0.994999999999995,0.316999999999995,0.579999999999995,0.901999999999995,0.164999999999995,0.486999999999995,0.749999999999995,0.071999999999995,0.334999999999995
191,191,0.806999999999995,0.069999999999995,0.391999999999995,0.654999999999995,0.976999999999995,0.239999999999995,0.561999999999995,0.824999999999995,0.146999999999995,0.409999999999995,0.731999999999995,0.994999999999995,0.316999999999995,0.579999999999995,0.901999999999995,0.164999999999995,0.486999999999995,0.749999999999995,0.071999999999995,0.334999999999995
192,192,0.069999999999995,0.391999999999995,0.654999999999995,0.976999999999995,0.239999999999995,0.561999999999995,0.824999999999995,0.146999999999995,0.409999999999995,0.731999999999995,0.994999999999995,0.316999999999995,0.579999999999995,0.901999999999995,0.164999999999995,0.486999999999995,0.749999999999995,0.071999999999995,0.334999999999995,0.656999999999995
193,193,0.069999999999995,0.391999999999995,0.654999999999995,0.976999999999995,0.239999999999995,0.561999999999995,0.824999999999995,0.146999999999995,0.409999999999995,0.731999999999995,0.994999999999995,0.316999999999995,0.579999999999995,0.901999999999995,0.164999999999995,0.486999999999995,0.749999999999995,0.071999999999995,0.334999999999995,0.656999999999995
194,194,0.391999999999995,0.654999999999995,0.976999999999995,0.239999999999995,0.561999999999995,0.824999999999995,0.146999999999995,0.409999999999995,0.731999999999995,0.994999999999995,0.316999999999995,0.579999999999995,0.901999999999995,0.164999999999995,0.486999999999995,0.749999999999995,0.071999999999995,0.334999999999995,0.656999999999995,0.919999999999995
195,195,0.391999999999995,0.654999999999995,0.976999999999995,0.239999999999995,0.561999999999995,0.824999999999995,0.146999999999995,0.409999999999995,0.731999999999995,0.994999999999995,0.316999999999995,0.579999999999995,0.901999999999995,0.164999999999995,0.486999999999995,0.749999999999995,0.071999999999995,0.334999999999995,0.656999999999995,0.919999999999995
196,196,0.654999999999995,0.976999999999995,0.239999999999995,0.561999999999995,0.824999999999995,0.146999999999995,0.409999999999995,0.731999999999995,0.994999999999995,0.316999999999995,0.579999999999995,0.901999999999995,0.164999999999995,0.486999999999995,0.749999999999995,0.071999999999995,0.334999999999995,0.656999999999995,0.919999999999995,0.241999999999995
197,197,0.654999999999995,0.976999999999995,0.239999999999995,0.561999999999995,0.824999999999995,0.146999999999995,0.409999999999995,0.731999999999995,0.994999999999995,0.316999999999995,0.579999999999995,0.901999999999995,0.164999999999995,0.486999999999995,0.749999999999995,0.071999999999995,0.334999999999995,0.656999999999995,0.919999999999995,0.241999999999995
198,198,0.976999999999995,0.239999999999995,0.561999999999995,0.824999999999995,0.146999999999995,0.409999999999995,0.731999999999995,0.994999999999995,0.316999999999995,0.579999999999995,0.901999999999995,0.164999999999995,0.486999999999995,0.749999999999995,0.071999999999995,0.334999999999995,0.656999999999995,0.919999999999995,0.241999999999995,0.504999999999995
199,199,0.976999999999995,0.239999999999995,0.561999999999995,0.824999999999995,0.146999999999995,0.409999999999995,0.731999999999995,0.994999999999995,0.316999999999995,0.579999999999995,0.901999999999995,0.164999999999995,0.486999999999995,0.749999999999995,0.071999999999995,0.334999999999995,0.656999999999995,0.919999999999995,0.241999999999995,0.504999999999995
200,200,0.239999999999995,0.561999999999995,0.824999999999995,0.146999999999995,0.409999999999995,0.731999999999995,0.994999999999995,0.316999999999995,0.579999999999995,0.901999999999995,0.164999999999995,0.486999999999995,0.749999999999995,0.071999999999995,0.334999999999995,0.656999999999995,0.919999999999995,0.241999999999995,0.504999999999995,0.826999999999995
201,201,0.239999999999995,0.561999999999995,0.824999999999995,0.146999999999995,0.409999999999995,0.731999999999995,0.994999999999995,0.316999999999995,0.579999999999995,0.901999999999995,0.164999999999995,0.486999999999995,0.749999999999995,0.071999999999995,0.334999999999995,0.656999999999995,0.919999999999995,0.241999999999995,0.504999999999995,0.826999999999995
202,202,0.561999999999995,0.824999999999995,0.146999999999995,0.409999999999995,0.731999999999995,0.994999999999995,0.316999999999995,0.579999999999995,0.901999999999995,0.164999999999995,0.486999999999995,0.749999999999995,0.071999999999995,0.334999999999995,0.656999999999995,0.919999999999995,0.241999999999995,0.504999999999995,0.826999999999995,0.089999999999995
203,203,0.561999999999995,0.824999999999995,0.146999999999995,0.409999999999995,0.731999999999995,0.994999999999995,0.316999999999995,0.579999999999995,0.901999999999995,0.164999999999995,0.486999999999995,0.749999999999995,0.071999999999995,0.334999999999995,0.656999999999995,0.919999999999995,0.241999999999995,0.504999999999995,0.826999999999995,0.089999999999995
204,204,0.824999999999995,0.146999999999995,0.409999999999995,0.731999999999995,0.994999999999995,0.316999999999995,0.579999999999995,0.901999999999995,0.164999999999995,0.486999999999995,0.749999999999995,0.071999999999995,0.334999999999995,0.656999999999995,0.919999999999995,0.241999999999995,0.504999999999995,0.826999999999995,0.089999999999995,0.411999999999995
205,205,0.824999999999995,0.146999999999995,0.409999999999995,0.731999999999995,0.994999999999995,0.316999999999995,0.579999999999995,0.901999999999995,0.164999999999995,0.486999999999995,0.749999999999995,0.071999999999995,0.334999999999995,0.656999999999995,0.919999999999995,0.241999999999995,0.504999999999995,0.826999999999995,0.089999999999995,0.411999999999995
206,206,0.146999999999995,0.409999999999995,0.731999999999995,0.994999999999995,0.316999999999995,0.579999999999995,0.901999999999995,0.164999999999995,0.486999999999995,0.749999999999995,0.071999999999995,0.334999999999995,0.656999999999995,0.919999999999995,0.241999999999995,0.504999999999995,0.826999999999995,0.089999999999995,0.411999999999995,0.674999999999995
207,207,0.146999999999995,0.409999999999995,0.731999999999995,0.994999999999995,0.316999999999995,0.579999999999995,0.901999999999995,0.164999999999995,0.486999999999995,0.749999999999995,0.071999999999995,0.334999999999995,0.656999999999995,0.919999999999995,0.241999999999995,0.504999999999995,0.826999999999995,0.089999999999995,0.411999999999995,0.674999999999995
208,208,0.409999999999995,0.731999999999995,0.994999999999995,0.316999999999995,0.579999999999995,0.901999999999995,0.164999999999995,0.486999999999995,0.749999999999995,0.071999999999995,0.334999999999995,0.656999999999995,0.919999999999995,0.241999999999995,0.504999999999995,0.826999999999995,0.089999999999995,0.411999999999995,0.674999999999995,0.996999999999995
209,209,0.409999999999995,0.731999999999995,0.994999999999995,0.316999999999995,0.579999999999995,0.901999999999995,0.164999999999995,0.486999999999995,0.749999999999995,0.071999999999995,0.334999999999995,0.656999999999995,0.919999999999995,0.241999999999995,0.504999999999995,0.826999999999995,0.089999999999995,0.411999999999995,0.674999999999995,0.996999999999995
210,210,0.731999999999995,0.994999999999995,0.316999999999995,0.579999999999995,0.901999999999995,0.164999999999995,0.486999999999995,0.749999999999995,0.071999999999995,0.334999999999995,0.656999999999995,0.919999999999995,0.241999999999995,0.504999999999995,0.826999999999995,0.089999999999995,0.411999999999995,0.674999999999995,0.996999999999995,0.259999999999994
211,211,0.731999999999995,0.994999999999995,0.316999999999995,0.579999999999995,0.901999999999995,0.164999999999995,0.486999999999995,0.749999999999995,0.071999999999995,0.334999999999995,0.656999999999995,0.919999999999995,0.241999999999995,0.504999999999995,0.826999999999995,0.089999999999995,0.411999999999995,0.674999999999995,0.996999999999995,0.259999999999994
212,212,0.994999999999995,0.316999999999995,0.579999999999995,0.901999999999995,0.164999999999995,0.486999999999995,0.749999999999995,0.071999999999995,0.334999999999995,0.656999999999995,0.919999999999995,0.241999999999995,0.504999999999995,0.826999999999995,0.089999999999995,0.411999999999995,0.674999999999995,0.996999999999995,0.259999999999994,0.581999999999995
213,213,0.994999999999995,0.316999999999995,0.579999999999995,0.901999999999995,0.164999999999995,0.486999999999995,0.749999999999995,0.071999999999995,0.334999999999995,0.656999999999995,0.919999999999995,0.241999999999995,0.504999999999995,0.826999999999995,0.089999999999995,0.411999999999995,0.674999999999995,0.996999999999995,0.259999999999994,0.581999999999995
214,214,0.316999999999995,0.579999999999995,0.901999999999995,0.164999999999995,0.486999999999995,0.749999999999995,0.071999999999995,0.334999999999995,0.656999999999995,0.919999999999995,0.241999999999995,0.504999999999995,0.826999999999995,0.089999999999995,0.411999999999995,0.674999999999995,0.996999999999995,0.259999999999994,0.581999999999995,0.844999999999994
215,215,0.316999999999995,0.579999999999995,0.901999999999995,0.164999999999995,0.486999999999995,0.749999999999995,0.071999999999995,0.334999999999995,0.656999999999995,0.919999999999995,0.241999999999995,0.504999999999995,0.826999999999995,0.089999999999995,0.411999999999995,0.674999999999995,0.996999999999995,0.259999999999994,0.581999999999995,0.844999999999994
216,216,0.579999999999995,0.901999999999995,0.164999999999995,0.486999999999995,0.749999999999995,0.071999999999995,0.334999999999995,0.656999999999995,0.919999999999995,0.241999999999995,0.504999999999995,0.826999999999995,0.089999999999995,0.411999999999995,0.674999999999995,0.996999999999995,0.259999999999994,0.581999999999995,0.844999999999994,0.166999999999995
217,217,0.579999999999995,0.901999999999995,0.164999999999995,0.486999999999995,0.749999999999995,0.071999999999995,0.334999999999995,0.656999999999995,0.919999999999995,0.241999999999995,0.504999999999995,0.826999999999995,0.089999999999995,0.411999999999995,0.674999999999995,0.996999999999995,0.259999999999994,0.581999999999995,0.844999999999994,0.166999999999995
218,218,0.901999999999995,0.164999999999995,0.486999999999995,0.749999999999995,0.071999999999995,0.334999999999995,0.656999999999995,0.919999999999995,0.241999999999995,0.504999999999995,0.826999999999995,0.089999999999995,0.411999999999995,0.674999999999995,0.996999999999995,0.259999999999994,0.581999999999995,0.844999999999994,0.166999999999995,0.429999999999994
219,219,0.901999999999995,0.164999999999995,0.486999999999995,0.749999999999995,0.071999999999995,0.334999999999995,0.656999999999995,0.919999999999995,0.241999999999995,0.504999999999995,0.826999999999995,0.089999999999995,0.411999999999995,0.674999999999995,0.996999999999995,0.259999999999994,0.581999999999995,0.844999999999994,0.166999999999995,0.429999999999994
220,220,0.164999999999995,0.486999999999995,0.749999999999995,0.071999999999995,0.334999999999995,0.656999999999995,0.919999999999995,0.241999999999995,0.504999999999995,0.826999999999995,0.089999999999995,0.411999999999995,0.674999999999995,0.996999999999995,0.259999999999994,0.581999999999995,0.844999999999994,0.166999999999995,0.429999999999994,0.751999999999994
221,221,0.164999999999995,0.486999999999995,0.749999999999995,0.071999999999995,0.334999999999995,0.656999999999995,0.919999999999995,0.241999999999995,0.504999999999995,0.826999999999995,0.089999999999995,0.411999999999995,0.674999999999995,0.996999999999995,0.259999999999994,0.581999999999995,0.844999999999994,0.166999999999995,0.429999999999994,0.751999999999994
222,222,0.486999999999995,0.749999999999995,0.071999999999995,0.334999999999995,0.656999999999995,0.919999999999995,0.241999999999995,0.504999999999995,0.826999999999995,0.089999999999995,0.411999999999995,0.674999999999995,0.996999999999995,0.259999999999994,0.581999999999995,0.844999999999994,0.166999999999995,0.429999999999994,0.751999999999994,0.014999999999994
223,223,0.486999999999995,0.749999999999995,0.071999999999995,0.334999999999995,0.656999999999995,0.919999999999995,0.241999999999995,0.504999999999995,0.826999999999995,0.089999999999995,0.411999999999995,0.674999999999995,0.996999999999995,0.259999999999994,0.581999999999995,0.844999999999994,0.166999999999995,0.429999999999994,0.751999999999994,0.014999999999994
224,224,0.749999999999995,0.071999999999995,0.334999999999995,0.656999999999995,0.919999999999995,0.241999999999995,0.504999999999995,0.826999999999995,0.089999999999995,0.411999999999995,0.674999999999995,0.996999999999995,0.259999999999994,0.581999999999995,0.844999999999994,0.166999999999995,0.429999999999994,0.751999999999994,0.014999999999994,0.336999999999994
225,225,0.749999999999995,0.071999999999995,0.334999999999995,0.656999999999995,0.919999999999995,0.241999999999995,0.504999999999995,0.826999999999995,0.089999999999995,0.411999999999995,0.674999999999995,0.996999999999995,0.259999999999994,0.581999999999995,0.844999999999994,0.166999999999995,0.429999999999994,0.751999999999994,0.014999999999994,0.336999999999994
226,226,0.071999999999995,0.334999999999995,0.656999999999995,0.919999999999995,0.241999999999995,0.504999999999995,0.826999999999995,0.089999999999995,0.411999999999995,0.674999999999995,0.996999999999995,0.259999999999994,0.581999999999995,0.844999999999994,0.166999999999995,0.429999999999994,0.751999999999994,0.014999999999994,0.336999999999994,0.599999999999994
227,227,0.071999999999995,0.334999999999995,0.656999999999995,0.919999999999995,0.241999999999995,0.504999999999995,0.826999999999995,0.089999999999995,0.411999999999995,0.674999999999995,0.996999999999995,0.259999999999994,0.581999999999995,0.844999999999994,0.166999999999995,0.429999999999994,0.751999999999994,0.014999999999994,0.336999999999994,0.599999999999994
228,228,0.334999999999995,0.656999999999995,0.919999999999995,0.241999999999995,0.504999999999995,0.826999999999995,0.089999999999995,0.411999999999995,0.674999999999995,0.996999999999995,0.259999999999994,0.581999999999995,0.844999999999994,0.166999999999995,0.429999999999994,0.751999999999994,0.014999999999994,0.336999999999994,0.599999999999994,0.921999999999994
229,229,0.334999999999995,0.656999999999995,0.919999999999995,0.241999999999995,0.504999999999995,0.826999999999995,0.089999999999995,0.411999999999995,0.674999999999995,0.996999999999995,0.259999999999994,0.581999999999995,0.844999999999994,0.166999999999995,0.429999999999994,0.751999999999994,0.014999999999994,0.336999999999994,0.599999999999994,0.921999999999994
230,230,0.656999999999995,0.919999999999995,0.241999999999995,0.504999999999995,0.826999999999995,0.089999999999995,0.411999999999995,0.674999999999995,0.996999999999995,0.259999999999994,0.581999999999995,0.844999999999994,0.166999999999995,0.429999999999994,0.751999999999994,0.014999999999994,0.336999999999994,0.599999999999994,0.921999999999994,0.184999999999994
231,231,0.656999999999995,0.919999999999995,0.241999999999995,0.504999999999995,0.826999999999995,0.089999999999995,0.411999999999995,0.674999999999995,0.996999999999995,0.259999999999994,0.581999999999995,0.844999999999994,0.166999999999995,0.429999999999994,0.751999999999994,0.014999999999994,0.336999999999994,0.599999999999994,0.921999999999994,0.184999999999994
232,232,0.919999999999995,0.241999999999995,0.504999999999995,0.826999999999995,0.089999999999995,0.411999999999995,0.674999999999995,0.996999999999995,0.259999999999994,0.581999999999995,0.844999999999994,0.166999999999995,0.429999999999994,0.751999999999994,0.014999999999994,0.336999999999994,0.599999999999994,0.921999999999994,0.184999999999994,0.506999999999994
233,233,0.919999999999995,0.241999999999995,0.504999999999995,0.826999999999995,0.089999999999995,0.411999999999995,0.674999999999995,0.996999999999995,0.259999999999994,0.581999999999995,0.844999999999994,0.166999999999995,0.429999999999994,0.751999999999994,0.014999999999994,0.336999999999994,0.599999999999994,0.921999999999994,0.184999999999994,0.506999999999994
234,234,0.241999999999995,0.504999999999995,0.826999999999995,0.089999999999995,0.411999999999995,0.674999999999995,0.996999999999995,0.259999999999994,0.581999999999995,0.844999999999994,0.166999999999995,0.429999999999994,0.751999999999994,0.014999999999994,0.336999999999994,0.599999999999994,0.921999999999994,0.184999999999994,0.506999999999994,0.769999999999994
235,235,0.241999999999995,0.504999999999995,0.826999999999995,0.089999999999995,0.411999999999995,0.674999999999995,0.996999999999995,0.259999999999994,0.581999999999995,0.844999999999994,0.166999999999995,0.429999999999994,0.751999999999994,0.014999999999994,0.336999999999994,0.599999999999994,0.921999999999994,0.184999999999994,0.506999999999994,0.769999999999994
236,236,0.504999999999995,0.826999999999995,0.089999999999995,0.411999999999995,0.674999999999995,0.996999999999995,0.259999999999994,0.581999999999995,0.844999999999994,0.166999999999995,0.429999999999994,0.751999999999994,0.014999999999994,0.336999999999994,0.599999999999994,0.921999999999994,0.184999999999994,0.506999999999994,0.769999999999994,0.091999999999994
237,237,0.504999999999995,0.826999999999995,0.089999999999995,0.411999999999995,0.674999999999995,0.996999999999995,0.259999999999994,0.581999999999995,0.844999999999994,0.166999999999995,0.429999999999994,0.751999999999994,0.014999999999994,0.336999999999994,0.599999999999994,0.921999999999994,0.184999999999994,0.506999999999994,0.769999999999994,0.091999999999994
238,238,0.826999999999995,0.089999999999995,0.411999999999995,0.674999999999995,0.996999999999995,0.259999999999994,0.581999999999995,0.844999999999994,0.166999999999995,0.429999999999994,0.751999999999994,0.014999999999994,0.336999999999994,0.599999999999994,0.921999999999994,0.184999999999994,0.506999999999994,0.769999999999994,0.091999999999994,0.354999999999994
239,239,0.826999999999995,0.089999999999995,0.411999999999995,0.674999999999995,0.996999999999995,0.259999999999994,0.581999999999995,0.844999999999994,0.166999999999995,0.429999999999994,0.751999999999994,0.014999999999994,0.336999999999994,0.599999999999994,0.921999999999994,0.184999999999994,0.506999999999994,0.769999999999994,0.091999999999994,0.354999999999994
240,240,0.089999999999995,0.411999999999995,0.674999999999995,0.996999999999995,0.259999999999994,0.581999999999995,0.844999999999994,0.166999999999995,0.429999999999994,0.751999999999994,0.014999999999994,0.336999999999994,0.599999999999994,0.921999999999994,0.184999999999994,0.506999999999994,0.769999999999994,0.091999999999994,0.354999999999994,0.676999999999994
241,241,0.089999999999995,0.411999999999995,0.674999999999995,0.996999999999995,0.259999999999994,0.581999999999995,0.844999999999994,0.166999999999995,0.429999999999994,0.751999999999994,0.014999999999994,0.336999999999994,0.599999999999994,0.921999999999994,0.184999999999994,0.506999999999994,0.769999999999994,0.091999999999994,0.354999999999994,0.676999999999994
242,242,0.411999999999995,0.674999999999995,0.996999999999995,0.259999999999994,0.581999999999995,0.844999999999994,0.166999999999995,0.429999999999994,0.751999999999994,0.014999999999994,0.336999999999994,0.599999999999994,0.921999999999994,0.184999999999994,0.506999999999994,0.769999999999994,0.091999999999994,0.354999999999994,0.676999999999994,0.939999999999994
243,243,0.411999999999995,0.674999999999995,0.996999999999995,0.259999999999994,0.581999999999995,0.844999999999994,0.166999999999995,0.429999999999994,0.751999999999994,0.014999999999994,0.336999999999994,0.599999999999994,0.921999999999994,0.184999999999994,0.506999999999994,0.769999999999994,0.091999999999994,0.354999999999994,0.676999999999994,0.939999999999994
244,244,0.674999999999995,0.996999999999995,0.259999999999994,0.581999999999995,0.844999999999994,0.166999999999995,0.429999999999994,0.751999999999994,0.014999999999994,0.336999999999994,0.599999999999994,0.921999999999994,0.184999999999994,0.506999999999994,0.769999999999994,0.091999999999994,0.354999999999994,0.676999999999994,0.939999999999994,0.261999999999994
245,245,0.674999999999995,0.996999999999995,0.259999999999994,0.581999999999995,0.844999999999994,0.166999999999995,0.429999999999994,0.751999999999994,0.014999999999994,0.336999999999994,0.599999999999994,0.921999999999994,0.184999999999994,0.506999999999994,0.769999999999994,0.091999999999994,0.354999999999994,0.676999999999994,0.939999999999994,0.261999999999994
246,246,0.996999999999995,0.259999999999994,0.581999999999995,0.844999999999994,0.166999999999995,0.429999999999994,0.751999999999994,0.014999999999994,0.336999999999994,0.599999999999994,0.921999999999994,0.184999999999994,0.506999999999994,0.769999999999994,0.091999999999994,0.354999999999994,0.676999999999994,0.939999999999994,0.261999999999994,0.524999999999994
247,247,0.996999999999995,0.259999999999994,0.581999999999995,0.844999999999994,0.166999999999995,0.429999999999994,0.751999999999994,0.014999999999994,0.336999999999994,0.599999999999994,0.921999999999994,0.184999999999994,0.506999999999994,0.769999999999994,0.091999999999994,0.354999999999994,0.676999999999994,0.939999999999994,0.261999999999994,0.524999999999994
248,248,0.259999999999994,0.581999999999995,0.844999999999994,0.166999999999995,0.429999999999994,0.751999999999994,0.014999999999994,0.336999999999994,0.599999999999994,0.921999999999994,0.184999999999994,0.506999999999994,0.769999999999994,0.091999999999994,0.354999999999994,0.676999999999994,0.939999999999994,0.261999999999994,0.524999999999994,0.846999999999994
249,249,0.259999999999994,0.581999999999995,0.844999999999994,0.166999999999995,0.429999999999994,0.751999999999994,0.014999999999994,0.336999999999994,0.599999999999994,0.921999999999994,0.184999999999994,0.506999999999994,0.769999999999994,0.091999999999994,0.354999999999994,0.676999999999994,0.939999999999994,0.261999999999994,0.524999999999994,0.846999999999994
250,250,0.581999999999995,0.844999999999994,0.166999999999995,0.429999999999994,0.751999999999994,0.014999999999994,0.336999999999994,0.599999999999994,0.921999999999994,0.184999999999994,0.506999999999994,0.769999999999994,0.091999999999994,0.354999999999994,0.676999999999994,0.939999999999994,0.261999999999994,0.524999999999994,0.846999999999994,0.109999999999994
251,251,0.581999999999995,0.844999999999994,0.166999999999995,0.429999999999994,0.751999999999994,0.014999999999994,0.336999999999994,0.599999999999994,0.921999999999994,0.184999999999994,0.506999999999994,0.769999999999994,0.091999999999994,0.354999999999994,0.676999999999994,0.939999999999994,0.261999999999994,0.524999999999994,0.846999999999994,0.109999999999994
252,252,0.844999999999994,0.166999999999995,0.429999999999994,0.751999999999994,0.014999999999994,0.336999999999994,0.599999999999994,0.921999999999994,0.184999999999994,0.506999999999994,0.769999999999994,0.091999999999994,0.354999999999994,0.676999999999994,0.939999999999994,0.261999999999994,0.524999999999994,0.846999999999994,0.109999999999994,0.431999999999994
253,253,0.844999999999994,0.166999999999995,0.429999999999994,0.751999999999994,0.014999999999994,0.336999999999994,0.599999999999994,0.921999999999994,0.184999999999994,0.506999999999994,0.769999999999994,0.091999999999994,0.354999999999994,0.676999999999994,0.939999999999994,0.261999999999994,0.524999999999994,0.846999999999994,0.109999999999994,0.431999999999994
254,254,0.166999999999995,0.429999999999994,0.751999999999994,0.014999999999994,0.336999999999994,0.599999999999994,0.921999999999994,0.184999999999994,0.506999999999994,0.769999999999994,0.091999999999994,0.354999999999994,0.676999999999994,0.939999999999994,0.261999999999994,0.524999999999994,0.846999999999994,0.109999999999994,0.431999999999994,0.694999999999994
255,255,0.166999999999995,0.429999999999994,0.751999999999994,0.014999999999994,0.336999999999994,0.599999999999994,0.921999999999994,0.184999999999994,0.506999999999994,0.769999999999994,0.091999999999994,0.354999999999994,0.676999999999994,0.939999999999994,0.261999999999994,0.524999999999994,0.846999999999994,0.109999999999994,0.431999999999994,0.694999999999994
256,256,0.429999999999994,0.751999999999994,0.014999999999994,0.336999999999994,0.599999999999994,0.921999999999994,0.184999999999994,0.506999999999994,0.769999999999994,0.091999999999994,0.354999999999994,0.676999999999994,0.939999999999994,0.261999999999994,0.524999999999994,0.846999999999994,0.109999999999994,0.431999999999994,0.694999999999994,0.016999999999994
257,257,0.429999999999994,0.751999999999994,0.014999999999994,0.336999999999994,0.599999999999994,0.921999999999994,0.184999999999994,0.506999999999994,0.769999999999994,0.091999999999994,0.354999999999994,0.676999999999994,0.939999999999994,0.261999999999994,0.524999999999994,0.846999999999994,0.109999999999994,0.431999999999994,0.694999999999994,0.016999999999994
258,258,0.751999999999994,0.014999999999994,0.336999999999994,0.599999999999994,0.921999999999994,0.184999999999994,0.506999999999994,0.769999999999994,0.091999999999994,0.354999999999994,0.676999999999994,0.939999999999994,0.261999999999994,0.524999999999994,0.846999999999994,0.109999999999994,0.431999999999994,0.694999999999994,0.016999999999994,0.279999999999994
259,259,0.751999999999994,0.014999999999994,0.336999999999994,0.599999999999994,0.921999999999994,0.184999999999994,0.506999999999994,0.769999999999994,0.091999999999994,0.354999999999994,0.676999999999994,0.939999999999994,0.261999999999994,0.524999999999994,0.846999999999994,0.109999999999994,0.431999999999994,0.694999999999994,0.016999999999994,0.279999999999994
260,260,0.014999999999994,0.336999999999994,0.599999999999994,0.921999999999994,0.184999999999994,0.506999999999994,0.769999999999994,0.091999999999994,0.354999999999994,0.676999999999994,0.939999999999994,0.261999999999994,0.524999999999994,0.846999999999994,0.109999999999994,0.431999999999994,0.694999999999994,0.016999999999994,0.279999999999994,0.601999999999994
261,261,0.014999999999994,0.336999999999994,0.599999999999994,0.921999999999994,0.184999999999994,0.506999999999994,0.769999999999994,0.091999999999994,0.354999999999994,0.676999999999994,0.939999999999994,0.261999999999994,0.524999999999994,0.846999999999994,0.109999999999994,0.431999999999994,0.694999999999994,0.016999999999994,0.279999999999994,0.601999999999994
262,262,0.336999999999994,0.599999999999994,0.921999999999994,0.184999999999994,0.506999999999994,0.769999999999994,0.091999999999994,0.354999999999994,0.676999999999994,0.939999999999994,0.261999999999994,0.524999999999994,0.846999999999994,0.109999999999994,0.431999999999994,0.694999999999994,0.016999999999994,0.279999999999994,0.601999999999994,0.864999999999994
263,263,0.336999999999994,0.599999999999994,0.921999999999994,0.184999999999994,0.506999999999994,0.769999999999994,0.091999999999994,0.354999999999994,0.676999999999994,0.939999999999994,0.261999999999994,0.524999999999994,0.846999999999994,0.109999999999994,0.431999999999994,0.694999999999994,0.016999999999994,0.279999999999994,0.601999999999994,0.864999999999994
264,264,0.599999999999994,0.921999999999994,0.184999999999994,0.506999999999994,0.769999999999994,0.091999999999994,0.354999999999994,0.676999999999994,0.939999999999994,0.261999999999994,0.524999999999994,0.846999999999994,0.109999999999994,0.431999999999994,0.694999999999994,0.016999999999994,0.279999999999994,0.601999999999994,0.864999999999994,0.186999999999994
265,265,0.599999999999994,0.921999999999994,0.184999999999994,0.506999999999994,0.769999999999994,0.091999999999994,0.354999999999994,0.676999999999994,0.939999999999994,0.261999999999994,0.524999999999994,0.846999999999994,0.109999999999994,0.431999999999994,0.694999999999994,0.016999999999994,0.279999999999994,0.601999999999994,0.864999999999994,0.186999999999994
266,266,0.921999999999994,0.184999999999994,0.506999999999994,0.769999999999994,0.091999999999994,0.354999999999994,0.676999999999994,0.939999999999994,0.261999999999994,0.524999999999994,0.846999999999994,0.109999999999994,0.431999999999994,0.694999999999994,0.016999999999994,0.279999999999994,0.601999999999994,0.864999999999994,0.186999999999994,0.449999999999994
267,267,0.921999999999994,0.184999999999994,0.506999999999994,0.769999999999994,0.091999999999994,0.354999999999994,0.676999999999994,0.939999999999994,0.261999999999994,0.524999999999994,0.846999999999994,0.109999999999994,0.431999999999994,0.694999999999994,0.016999999999994,0.279999999999994,0.601999999999994,0.864999999999994,0.186999999999994,0.449999999999994
268,268,0.184999999999994,0.506999999999994,0.769999999999994,0.091999999999994,0.354999999999994,0.676999999999994,0.939999999999994,0.261999999999994,0.524999999999994,0.846999999999994,0.109999999999994,0.431999999999994,0.694999999999994,0.016999999999994,0.279999999999994,0.601999999999994,0.864999999999994,0.186999999999994,0.449999999999994,0.771999999999994
269,269,0.184999999999994,0.506999999999994,0.769999999999994,0.091999999999994,0.354999999999994,0.676999999999994,0.939999999999994,0.261999999999994,0.524999999999994,0.846999999999994,0.109999999999994,0.431999999999994,0.694999999999994,0.016999999999994,0.279999999999994,0.601999999999994,0.864999999999994,0.186999999999994,0.449999999999994,0.771999999999994
270,270,0.506999999999994,0.769999999999994,0.091999999999994,0.354999999999994,0.676999999999994,0.939999999999994,0.261999999999994,0.524999999999994,0.846999999999994,0.109999999999994,0.431999999999994,0.694999999999994,0.016999999999994,0.279999999999994,0.601999999999994,0.864999999999994,0.186999999999994,0.449999999999994,0.771999999999994,0.034999999999994
271,271,0.506999999999994,0.769999999999994,0.091999999999994,0.354999999999994,0.676999999999994,0.939999999999994,0.261999999999994,0.524999999999994,0.846999999999994,0.109999999999994,0.431999999999994,0.694999999999994,0.016999999999994,0.279999999999994,0.601999999999994,0.864999999999994,0.186999999999994,0.449999999999994,0.771999999999994,0.034999999999994
272,272,0.769999999999994,0.091999999999994,0.354999999999994,0.676999999999994,0.939999999999994,0.261999999999994,0.524999999999994,0.846999999999994,0.109999999999994,0.431999999999994,0.694999999999994,0.016999999999994,0.279999999999994,0.601999999999994,0.864999999999994,0.186999999999994,0.449999999999994,0.771999999999994,0.034999999999994,0.356999999999994
273,273,0.769999999999994,0.091999999999994,0.354999999999994,0.676999999999994,0.939999999999994,0.261999999999994,0.524999999999994,0.846999999999994,0.109999999999994,0.431999999999994,0.694999999999994,0.016999999999994,0.279999999999994,0.601999999999994,0.864999999999994,0.186999999999994,0.449999999999994,0.771999999999994,0.034999999999994,0.356999999999994
274,274,0.091999999999994,0.354999999999994,0.676999999999994,0.939999999999994,0.261999999999994,0.524999999999994,0.846999999999994,0.109999999999994,0.431999999999994,0.694999999999994,0.016999999999994,0.279999999999994,0.601999999999994,0.864999999999994,0.186999999999994,0.449999999999994,0.771999999999994,0.034999999999994,0.356999999999994,0.619999999999994
275,275,0.091999999999994,0.354999999999994,0.676999999999994,0.939999999999994,0.261999999999994,0.524999999999994,0.846999999999994,0.109999999999994,0.431999999999994,0.694999999999994,0.016999999999994,0.279999999999994,0.601999999999994,0.864999999999994,0.186999999999994,0.449999999999994,0.771999999999994,0.034999999999994,0.356999999999994,0.619999999999994
276,276,0.354999999999994,0.676999999999994,0.939999999999994,0.261999999999994,0.524999999999994,0.846999999999994,0.109999999999994,0.431999999999994,0.694999999999994,0.016999999999994,0.279999999999994,0.601999999999994,0.864999999999994,0.186999999999994,0.449999999999994,0.771999999999994,0.034999999999994,0.356999999999994,0.619999999999994,0.941999999999994
277,277,0.354999999999994,0.676999999999994,0.939999999999994,0.261999999999994,0.524999999999994,0.846999999999994,0.109999999999994,0.431999999999994,0.694999999999994,0.016999999999994,0.279999999999994,0.601999999999994,0.864999999999994,0.186999999999994,0.449999999999994,0.771999999999994,0.034999999999994,0.356999999999994,0.619999999999994,0.941999999999994
278,278,0.676999999999994,0.939999999999994,0.261999999999994,0.524999999999994,0.846999999999994,0.109999999999994,0.431999999999994,0.694999999999994,0.016999999999994,0.279999999999994,0.601999999999994,0.864999999999994,0.186999999999994,0.449999999999994,0.771999999999994,0.034999999999994,0.356999999999994,0.619999999999994,0.941999999999994,0.204999999999994
279,279,0.676999999999994,0.939999999999994,0.261999999999994,0.524999999999994,0.846999999999994,0.109999999999994,0.431999999999994,0.694999999999994,0.016999999999994,0.279999999999994,0.601999999999994,0.864999999999994,0.186999999999994,0.449999999999994,0.771999999999994,0.034999999999994,0.356999999999994,0.619999999999994,0.941999999999994,0.204999999999994
280,280,0.939999999999994,0.261999999999994,0.524999999999994,0.846999999999994,0.109999999999994,0.431999999999994,0.694999999999994,0.016999999999994,0.279999999999994,0.601999999999994,0.864999999999994,0.186999999999994,0.449999999999994,0.771999999999994,0.034999999999994,0.356999999999994,0.619999999999994,0.941999999999994,0.204999999999994,0.526999999999994
281,281,0.939999999999994,0.261999999999994,0.524999999999994,0.846999999999994,0.109999999999994,0.431999999999994,0.694999999999994,0.016999999999994,0.279999999999994,0.601999999999994,0.864999999999994,0.186999999999994,0.449999999999994,0.771999999999994,0.034999999999994,0.356999999999994,0.619999999999994,0.941999999999994,0.204999999999994,0.526999999999994
282,282,0.261999999999994,0.524999999999994,0.846999999999994,0.109999999999994,0.431999999999994,0.694999999999994,0.016999999999994,0.279999999999994,0.601999999999994,0.864999999999994,0.186999999999994,0.449999999999994,0.771999999999994,0.034999999999994,0.356999999999994,0.619999999999994,0.941999999999994,0.204999999999994,0.526999999999994,0.789999999999994
283,283,0.261999999999994,0.524999999999994,0.846999999999994,0.109999999999994,0.431999999999994,0.694999999999994,0.016999999999994,0.279999999999994,0.601999999999994,0.864999999999994,0.186999999999994,0.449999999999994,0.771999999999994,0.034999999999994,0.356999999999994,0.619999999999994,0.941999999999994,0.204999999999994,0.526999999999994,0.789999999999994
284,284,0.524999999999994,0.846999999999994,0.109999999999994,0.431999999999994,0.694999999999994,0.016999999999994,0.279999999999994,0.601999999999994,0.864999999999994,0.186999999999994,0.449999999999994,0.771999999999994,0.034999999999994,0.356999999999994,0.619999999999994,0.941999999999994,0.204999999999994,0.526999999999994,0.789999999999994,0.111999999999994
285,285,0.524999999999994,0.846999999999994,0.109999999999994,0.431999999999994,0.694999999999994,0.016999999999994,0.279999999999994,0.601999999999994,0.864999999999994,0.186999999999994,0.449999999999994,0.771999999999994,0.034999999999994,0.356999999999994,0.619999999999994,0.941999999999994,0.204999999999994,0.526999999999994,0.789999999999994,0.111999999999994
286,286,0.846999999999994,0.109999999999994,0.431999999999994,0.694999999999994,0.016999999999994,0.279999999999994,0.601999999999994,0.864999999999994,0.186999999999994,0.449999999999994,0.771999999999994,0.034999999999994,0.356999999999994,0.619999999999994,0.941999999999994,0.204999999999994,0.526999999999994,0.789999999999994,0.111999999999994,0.374999999999994
287,287,0.846999999999994,0.109999999999994,0.431999999999994,0.694999999999994,0.016999999999994,0.279999999999994,0.601999999999994,0.864999999999994,0.186999999999994,0.449999999999994,0.771999999999994,0.034999999999994,0.356999999999994,0.619999999999994,0.941999999999994,0.204999999999994,0.526999999999994,0.789999999999994,0.111999999999994,0.374999999999994
288,288,0.109999999999994,0.431999999999994,0.694999999999994,0.016999999999994,0.279999999999994,0.601999999999994,0.864999999999994,0.186999999999994,0.449999999999994,0.771999999999994,0.034999999999994,0.356999999999994,0.619999999999994,0.941999999999994,0.204999999999994,0.526999999999994,0.789999999999994,0.111999999999994,0.374999999999994,0.696999999999994
289,289,0.109999999999994,0.431999999999994,0.694999999999994,0.016999999999994,0.279999999999994,0.601999999999994,0.864999999999994,0.186999999999994,0.449999999999994,0.771999999999994,0.034999999999994,0.356999999999994,0.619999999999994,0.941999999999994,0.204999999999994,0.526999999999994,0.789999999999994,0.111999999999994,0.374999999999994,0.696999999999994
290,290,0.431999999999994,0.694999999999994,0.016999999999994,0.279999999999994,0.601999999999994,0.864999999999994,0.186999999999994,0.449999999999994,0.771999999999994,0.034999999999994,0.356999999999994,0.619999999999994,0.941999999999994,0.204999999999994,0.526999999999994,0.789999999999994,0.111999999999994,0.374999999999994,0.696999999999994,0.959999999999994
291,291,0.431999999999994,0.694999999999994,0.016999999999994,0.279999999999994,0.601999999999994,0.864999999999994,0.186999999999994,0.449999999999994,0.771999999999994,0.034999999999994,0.356999999999994,0.619999999999994,0.941999999999994,0.204999999999994,0.526999999999994,0.789999999999994,0.111999999999994,0.374999999999994,0.696999999999994,0.959999999999994
292,292,0.694999999999994,0.016999999999994,0.279999999999994,0.601999999999994,0.864999999999994,0.186999999999994,0.449999999999994,0.771999999999994,0.034999999999994,0.356999999999994,0.619999999999994,0.941999999999994,0.204999999999994,0.526999999999994,0.789999999999994,0.111999999999994,0.374999999999994,0.696999999999994,0.959999999999994,0.281999999999994
293,293,0.694999999999994,0.016999999999994,0.279999999999994,0.601999999999994,0.864999999999994,0.186999999999994,0.449999999999994,0.771999999999994,0.034999999999994,0.356999999999994,0.619999999999994,0.941999999999994,0.204999999999994,0.526999999999994,0.789999999999994,0.111999999999994,0.374999999999994,0.696999999999994,0.959999999999994,0.281999999999994
294,294,0.016999999999994,0.279999999999994,0.601999999999994,0.864999999999994,0.186999999999994,0.449999999999994,0.771999999999994,0.034999999999994,0.356999999999994,0.619999999999994,0.941999999999994,0.204999999999994,0.526999999999994,0.789999999999994,0.111999999999994,0.374999999999994,0.696999999999994,0.959999999999994,0.281999999999994,0.544999999999994
295,295,0.016999999999994,0.279999999999994,0.601999999999994,0.864999999999994,0.186999999999994,0.449999999999994,0.771999999999994,0.034999999999994,0.356999999999994,0.619999999999994,0.941999999999994,0.204999999999994,0.526999999999994,0.789999999999994,0.111999999999994,0.374999999999994,0.696999999999994,0.959999999999994,0.281999999999994,0.544999999999994
296,296,0.279999999999994,0.601999999999994,0.864999999999994,0.186999999999994,0.449999999999994,0.771999999999994,0.034999999999994,0.356999999999994,0.619999999999994,0.941999999999994,0.204999999999994,0.526999999999994,0.789999999999994,0.111999999999994,0.374999999999994,0.696999999999994,0.959999999999994,0.281999999999994,0.544999999999994,0.866999999999994
297,297,0.279999999999994,0.601999999999994,0.864999999999994,0.186999999999994,0.449999999999994,0.771999999999994,0.034999999999994,0.356999999999994,0.619999999999994,0.941999999999994,0.204999999999994,0.526999999999994,0.789999999999994,0.111999999999994,0.374999999999994,0.696999999999994,0.959999999999994,0.281999999999994,0.544999999999994,0.866999999999994
298,298,0.601999999999994,0.864999999999994,0.186999999999994,0.449999999999994,0.771999999999994,0.034999999999994,0.356999999999994,0.619999999999994,0.941999999999994,0.204999999999994,0.526999999999994,0.789999999999994,0.111999999999994,0.374999999999994,0.696999999999994,0.959999999999994,0.281999999999994,0.544999999999994,0.866999999999994,0.129999999999994
299,299,0.601999999999994,0.864999999999994,0.186999999999994,0.449999999999994,0.771999999999994,0.034999999999994,0.356999999999994,0.619999999999994,0.941999999999994,0.204999999999994,0.526999999999994,0.789999999999994,0.111999999999994,0.374999999999994,0.696999999999994,0.959999999999994,0.281999999999994,0.544999999999994,0.866999999999994,0.129999999999994
300,300,0.864999999999994,0.186999999999994,0.449999999999994,0.771999999999994,0.034999999999994,0.356999999999994,0.619999999999994,0.941999999999994,0.204999999999994,0.526999999999994,0.789999999999994,0.111999999999994,0.374999999999994,0.696999999999994,0.959999999999994,0.281999999999994,0.544999999999994,0.866999999999994,0.129999999999994,0.451999999999994
301,301,0.864999999999994,0.186999999999994,0.449999999999994,0.771999999999994,0.034999999999994,0.356999999999994,0.619999999999994,0.941999999999994,0.204999999999994,0.526999999999994,0.789999999999994,0.111999999999994,0.374999999999994,0.696999999999994,0.959999999999994,0.281999999999994,0.544999999999994,0.866999999999994,0.129999999999994,0.451999999999994
302,302,0.186999999999994,0.449999999999994,0.771999999999994,0.034999999999994,0.356999999999994,0.619999999999994,0.941999999999994,0.204999999999994,0.526999999999994,0.789999999999994,0.111999999999994,0.374999999999994,0.696999999999994,0.959999999999994,0.281999999999994,0.544999999999994,0.866999999999994,0.129999999999994,0.451999999999994,0.714999999999994
303,303,0.186999999999994,0.449999999999994,0.771999999999994,0.034999999999994,0.356999999999994,0.619999999999994,0.941999999999994,0.204999999999994,0.526999999999994,0.789999999999994,0.111999999999994,0.374999999999994,0.696999999999994,0.959999999999994,0.281999999999994,0.544999999999994,0.866999999999994,0.129999999999994,0.451999999999994,0.714999999999994
304,304,0.449999999999994,0.771999999999994,0.034999999999994,0.356999999999994,0.619999999999994,0.941999999999994,0.204999999999994,0.526999999999994,0.789999999999994,0.111999999999994,0.374999999999994,0.696999999999994,0.959999999999994,0.281999999999994,0.544999999999994,0.866999999999994,0.129999999999994,0.451999999999994,0.714999999999994,0.036999999999994
305,305,0.449999999999994,0.771999999999994,0.034999999999994,0.356999999999994,0.619999999999994,0.941999999999994,0.204999999999994,0.526999999999994,0.789999999999994,0.111999999999994,0.374999999999994,0.696999999999994,0.959999999999994,0.281999999999994,0.544999999999994,0.866999999999994,0.129999999999994,0.451999999999994,0.714999999999994,0.036999999999994
306,306,0.771999999999994,0.034999999999994,0.356999999999994,0.619999999999994,0.941999999999994,0.204999999999994,0.526999999999994,0.789999999999994,0.111999999999994,0.374999999999994,0.696999999999994,0.959999999999994,0.281999999999994,0.544999999999994,0.866999999999994,0.129999999999994,0.451999999999994,0.714999999999994,0.036999999999994,0.299999999999994
307,307,0.771999999999994,0.034999999999994,0.356999999999994,0.619999999999994,0.941999999999994,0.204999999999994,0.526999999999994,0.789999999999994,0.111999999999994,0.374999999999994,0.696999999999994,0.959999999999994,0.281999999999994,0.544999999999994,0.866999999999994,0.129999999999994,0.451999999999994,0.714999999999994,0.036999999999994,0.299999999999994
308,308,0.034999999999994,0.356999999999994,0.619999999999994,0.941999999999994,0.204999999999994,0.526999999999994,0.789999999999994,0.111999999999994,0.374999999999994,0.696999999999994,0.959999999999994,0.281999999999994,0.544999999999994,0.866999999999994,0.129999999999994,0.451999999999994,0.714999999999994,0.036999999999994,0.299999999999994,0.621999999999994
309,309,0.034999999999994,0.356999999999994,0.619999999999994,0.941999999999994,0.204999999999994,0.526999999999994,0.789999999999994,0.111999999999994,0.374999999999994,0.696999999999994,0.959999999999994,0.281999999999994,0.544999999999994,0.866999999999994,0.129999999999994,0.451999999999994,0.714999999999994,0.036999999999994,0.299999999999994,0.621999999999994
310,310,0.356999999999994,0.619999999999994,0.941999999999994,0.204999999999994,0.526999999999994,0.789999999999994,0.111999999999994,0.374999999999994,0.696999999999994,0.959999999999994,0.281999999999994,0.544999999999994,0.866999999999994,0.129999999999994,0.451999999999994,0.714999999999994,0.036999999999994,0.299999999999994,0.621999999999994,0.884999999999994
311,311,0.356999999999994,0.619999999999994,0.941999999999994,0.204999999999994,0.526999999999994,0.789999999999994,0.111999999999994,0.374999999999994,0.696999999999994,0.959999999999994,0.281999999999994,0.544999999999994,0.866999999999994,0.129999999999994,0.451999999999994,0.714999999999994,0.036999999999994,0.299999999999994,0.621999999999994,0.884999999999994
312,312,0.619999999999994,0.941999999999994,0.204999999999994,0.526999999999994,0.789999999999994,0.111999999999994,0.374999999999994,0.696999999999994,0.959999999999994,0.281999999999994,0.544999999999994,0.866999999999994,0.129999999999994,0.451999999999994,0.714999999999994,0.036999999999994,0.299999999999994,0.621999999999994,0.884999999999994,0.206999999999994
313,313,0.619999999999994,0.941999999999994,0.204999999999994,0.526999999999994,0.789999999999994,0.111999999999994,0.374999999999994,0.696999999999994,0.959999999999994,0.281999999999994,0.544999999999994,0.866999999999994,0.129999999999994,0.451999999999994,0.714999999999994,0.036999999999994,0.299999999999994,0.621999999999994,0.884999999999994,0.206999999999994
314,314,0.941999999999994,0.204999999999994,0.526999999999994,0.789999999999994,0.111999999999994,0.374999999999994,0.696999999999994,0.959999999999994,0.281999999999994,0.544999999999994,0.866999999999994,0.129999999999994,0.451999999999994,0.714999999999994,0.036999999999994,0.299999999999994,0.621999999999994,0.884999999999994,0.206999999999994,0.469999999999994
315,315,0.941999999999994,0.204999999999994,0.526999999999994,0.789999999999994,0.111999999999994,0.374999999999994,0.696999999999994,0.959999999999994,0.281999999999994,0.544999999999994,0.866999999999994,0.129999999999994,0.451999999999994,0.714999999999994,0.036999999999994,0.299999999999994,0.621999999999994,0.884999999999994,0.206999999999994,0.469999999999994
316,316,0.204999999999994,0.526999999999994,0.789999999999994,0.111999999999994,0.374999999999994,0.696999999999994,0.959999999999994,0.281999999999994,0.544999999999994,0.866999999999994,0.129999999999994,0.451999999999994,0.714999999999994,0.036999999999994,0.299999999999994,0.621999999999994,0.884999999999994,0.206999999999994,0.469999999999994,0.791999999999994
317,317,0.204999999999994,0.526999999999994,0.789999999999994,0.111999999999994,0.374999999999994,0.696999999999994,0.959999999999994,0.281999999999994,0.544999999999994,0.866999999999994,0.129999999999994,0.451999999999994,0.714999999999994,0.036999999999994,0.299999999999994,0.621999999999994,0.884999999999994,0.206999999999994,0.469999999999994,0.791999999999994
318,318,0.526999999999994,0.789999999999994,0.111999999999994,0.374999999999994,0.696999999999994,0.959999999999994,0.281999999999994,0.544999999999994,0.866999999999994,0.129999999999994,0.451999999999994,0.714999999999994,0.036999999999994,0.299999999999994,0.621999999999994,0.884999999999994,0.206999999999994,0.469999999999994,0.791999999999994,0.054999999999994
319,319,0.526999999999994,0.789999999999994,0.111999999999994,0.374999999999994,0.696999999999994,0.959999999999994,0.281999999999994,0.544999999999994,0.866999999999994,0.129999999999994,0.451999999999994,0.714999999999994,0.036999999999994,0.299999999999994,0.621999999999994,0.884999999999994,0.206999999999994,0.469999999999994,0.791999999999994,0.054999999999994
320,320,0.789999999999994,0.111999999999994,0.374999999999994,0.696999999999994,0.959999999999994,0.281999999999994,0.544999999999994,0.866999999999994,0.129999999999994,0.451999999999994,0.714999999999994,0.036999999999994,0.299999999999994,0.621999999999994,0.884999999999994,0.206999999999994,0.469999999999994,0.791999999999994,0.054999999999994,0.376999999999993
321,321,0.789999999999994,0.111999999999994,0.374999999999994,0.696999999999994,0.959999999999994,0.281999999999994,0.544999999999994,0.866999999999994,0.129999999999994,0.451999999999994,0.714999999999994,0.036999999999994,0.299999999999994,0.621999999999994,0.884999999999994,0.206999999999994,0.469999999999994,0.791999999999994,0.054999999999994,0.376999999999993
322,322,0.111999999999994,0.374999999999994,0.696999999999994,0.959999999999994,0.281999999999994,0.544999999999994,0.866999999999994,0.129999999999994,0.451999999999994,0.714999999999994,0.036999999999994,0.299999999999994,0.621999999999994,0.884999999999994,0.206999999999994,0.469999999999994,0.791999999999994,0.054999999999994,0.376999999999993,0.639999999999993
323,323,0.111999999999994,0.374999999999994,0.696999999999994,0.959999999999994,0.281999999999994,0.544999999999994,0.866999999999994,0.129999999999994,0.451999999999994,0.714999999999994,0.036999999999994,0.299999999999994,0.621999999999994,0.884999999999994,0.206999999999994,0.469999999999994,0.791999999999994,0.054999999999994,0.376999999999993,0.639999999999993
324,324,0.374999999999994,0.696999999999994,0.959999999999994,0.281999999999994,0.544999999999994,0.866999999999994,0.129999999999994,0.451999999999994,0.714999999999994,0.036999999999994,0.299999999999994,0.621999999999994,0.884999999999994,0.206999999999994,0.469999999999994,0.791999999999994,0.054999999999994,0.376999999999993,0.639999999999993,0.961999999999994
325,325,0.374999999999994,0.696999999999994,0.959999999999994,0.281999999999994,0.544999999999994,0.866999999999994,0.129999999999994,0.451999999999994,0.714999999999994,0.036999999999994,0.299999999999994,0.621999999999994,0.884999999999994,0.206999999999994,0.469999999999994,0.791999999999994,0.054999999999994,0.376999999999993,0.639999999999993,0.961999999999994
326,326,0.696999999999994,0.959999999999994,0.281999999999994,0.544999999999994,0.866999999999994,0.129999999999994,0.451999999999994,0.714999999999994,0.036999999999994,0.299999999999994,0.621999999999994,0.884999999999994,0.206999999999994,0.469999999999994,0.791999999999994,0.054999999999994,0.376999999999993,0.639999999999993,0.961999999999994,0.224999999999993
327,327,0.696999999999994,0.959999999999994,0.281999999999994,0.544999999999994,0.866999999999994,0.129999999999994,0.451999999999994,0.714999999999994,0.036999999999994,0.299999999999994,0.621999999999994,0.884999999999994,0.206999999999994,0.469999999999994,0.791999999999994,0.054999999999994,0.376999999999993,0.639999999999993,0.961999999999994,0.224999999999993
328,328,0.959999999999994,0.281999999999994,0.544999999999994,0.866999999999994,0.129999999999994,0.451999999999994,0.714999999999994,0.036999999999994,0.299999999999994,0.621999999999994,0.884999999999994,0.206999999999994,0.469999999999994,0.791999999999994,0.054999999999994,0.376999999999993,0.639999999999993,0.961999999999994,0.224999999999993,0.546999999999994
329,329,0.959999999999994,0.281999999999994,0.544999999999994,0.866999999999994,0.129999999999994,0.451999999999994,0.714999999999994,0.036999999999994,0.299999999999994,0.621999999999994,0.884999999999994,0.206999999999994,0.469999999999994,0.791999999999994,0.054999999999994,0.376999999999993,0.639999999999993,0.961999999999994,0.224999999999993,0.546999999999994
330,330,0.281999999999994,0.544999999999994,0.866999999999994,0.129999999999994,0.451999999999994,0.714999999999994,0.036999999999994,0.299999999999994,0.621999999999994,0.884999999999994,0.206999999999994,0.469999999999994,0.791999999999994,0.054999999999994,0.376999999999993,0.639999999999993,0.961999999999994,0.224999999999993,0.546999999999994,0.809999999999993
331,331,0.281999999999994,0.544999999999994,0.866999999999994,0.129999999999994,0.451999999999994,0.714999999999994,0.036999999999994,0.299999999999994,0.621999999999994,0.884999999999994,0.206999999999994,0.469999999999994,0.791999999999994,0.054999999999994,0.376999999999993,0.639999999999993,0.961999999999994,0.224999999999993,0.546999999999994,0.809999999999993
332,332,0.544999999999994,0.866999999999994,0.129999999999994,0.451999999999994,0.714999999999994,0.036999999999994,0.299999999999994,0.621999999999994,0.884999999999994,0.206999999999994,0.469999999999994,0.791999999999994,0.054999999999994,0.376999999999993,0.639999999999993,0.961999999999994,0.224999999999993,0.546999999999994,0.809999999999993,0.131999999999993
333,333,0.544999999999994,0.866999999999994,0.129999999999994,0.451999999999994,0.714999999999994,0.036999999999994,0.299999999999994,0.621999999999994,0.884999999999994,0.206999999999994,0.469999999999994,0.791999999999994,0.054999999999994,0.376999999999993,0.639999999999993,0.961999999999994,0.224999999999993,0.546999999999994,0.809999999999993,0.131999999999993
334,334,0.866999999999994,0.129999999999994,0.451999999999994,0.714999999999994,0.036999999999994,0.299999999999994,0.621999999999994,0.884999999999994,0.206999999999994,0.469999999999994,0.791999999999994,0.054999999999994,0.376999999999993,0.639999999999993,0.961999999999994,0.224999999999993,0.546999999999994,0.809999999999993,0.131999999999993,0.394999999999993
335,335,0.866999999999994,0.129999999999994,0.451999999999994,0.714999999999994,0.036999999999994,0.299999999999994,0.621999999999994,0.884999999999994,0.206999999999994,0.469999999999994,0.791999999999994,0.054999999999994,0.376999999999993,0.639999999999993,0.961999999999994,0.224999999999993,0.546999999999994,0.809999999999993,0.131999999999993,0.394999999999993
336,336,0.129999999999994,0.451999999999994,0.714999999999994,0.036999999999994,0.299999999999994,0.621999999999994,0.884999999999994,0.206999999999994,0.469999999999994,0.791999999999994,0.054999999999994,0.376999999999993,0.639999999999993,0.961999999999994,0.224999999999993,0.546999999999994,0.809999999999993,0.131999999999993,0.394999999999993,0.716999999999993
337,337,0.129999999999994,0.451999999999994,0.714999999999994,0.036999999999994,0.299999999999994,0.621999999999994,0.884999999999994,0.206999999999994,0.469999999999994,0.791999999999994,0.054999999999994,0.376999999999993,0.639999999999993,0.961999999999994,0.224999999999993,0.546999999999994,0.809999999999993,0.131999999999993,0.394999999999993,0.716999999999993
338,338,0.451999999999994,0.714999999999994,0.036999999999994,0.299999999999994,0.621999999999994,0.884999999999994,0.206999999999994,0.469999999999994,0.791999999999994,0.054999999999994,0.376999999999993,0.639999999999993,0.961999999999994,0.224999999999993,0.546999999999994,0.809999999999993,0.131999999999993,0.394999999999993,0.716999999999993,0.979999999999993
339,339,0.451999999999994,0.714999999999994,0.036999999999994,0.299999999999994,0.621999999999994,0.884999999999994,0.206999999999994,0.469999999999994,0.791999999999994,0.054999999999994,0.376999999999993,0.639999999999993,0.961999999999994,0.224999999999993,0.546999999999994,0.809999999999993,0.131999999999993,0.394999999999993,0.716999999999993,0.979999999999993
340,340,0.714999999999994,0.036999999999994,0.299999999999994,0.621999999999994,0.884999999999994,0.206999999999994,0.469999999999994,0.791999999999994,0.054999999999994,0.376999999999993,0.639999999999993,0.961999999999994,0.224999999999993,0.546999999999994,0.809999999999993,0.131999999999993,0.394999999999993,0.716999999999993,0.979999999999993,0.301999999999993
341,341,0.714999999999994,0.036999999999994,0.299999999999994,0.621999999999994,0.884999999999994,0.206999999999994,0.469999999999994,0.791999999999994,0.054999999999994,0.376999999999993,0.639999999999993,0.961999999999994,0.224999999999993,0.546999999999994,0.809999999999993,0.131999999999993,0.394999999999993,0.716999999999993,0.979999999999993,0.301999999999993
342,342,0.036999999999994,0.299999999999994,0.621999999999994,0.884999999999994,0.206999999999994,0.469999999999994,0.791999999999994,0.054999999999994,0.376999999999993,0.639999999999993,0.961999999999994,0.224999999999993,0.546999999999994,0.809999999999993,0.131999999999993,0.394999999999993,0.716999999999993,0.979999999999993,0.301999999999993,0.564999999999993
343,343,0.036999999999994,0.299999999999994,0.621999999999994,0.884999999999994,0.206999999999994,0.469999999999994,0.791999999999994,0.054999999999994,0.376999999999993,0.639999999999993,0.961999999999994,0.224999999999993,0.546999999999994,0.809999999999993,0.131999999999993,0.394999999999993,0.716999999999993,0.979999999999993,0.301999999999993,0.564999999999993
344,344,0.299999999999994,0.621999999999994,0.884999999999994,0.206999999999994,0.469999999999994,0.791999999999994,0.054999999999994,0.376999999999993,0.639999999999993,0.961999999999994,0.224999999999993,0.546999999999994,0.809999999999993,0.131999999999993,0.394999999999993,0.716999999999993,0.979999999999993,0.301999999999993,0.564999999999993,0.886999999999993
345,345,0.299999999999994,0.621999999999994,0.884999999999994,0.206999999999994,0.469999999999994,0.791999999999994,0.054999999999994,0.376999999999993,0.639999999999993,0.961999999999994,0.224999999999993,0.546999999999994,0.809999999999993,0.131999999999993,0.394999999999993,0.716999999999993,0.979999999999993,0.301999999999993,0.564999999999993,0.886999999999993
346,346,0.621999999999994,0.884999999999994,0.206999999999994,0.469999999999994,0.791999999999994,0.054999999999994,0.376999999999993,0.639999999999993,0.961999999999994,0.224999999999993,0.546999999999994,0.809999999999993,0.131999999999993,0.394999999999993,0.716999999999993,0.979999999999993,0.301999999999993,0.564999999999993,0.886999999999993,0.149999999999993
347,347,0.621999999999994,0.884999999999994,0.206999999999994,0.469999999999994,0.791999999999994,0.054999999999994,0.376999999999993,0.639999999999993,0.961999999999994,0.224999999999993,0.546999999999994,0.809999999999993,0.131999999999993,0.394999999999993,0.716999999999993,0.979999999999993,0.301999999999993,0.564999999999993,0.886999999999993,0.149999999999993
348,348,0.884999999999994,0.206999999999994,0.469999999999994,0.791999999999994,0.054999999999994,0.376999999999993,0.639999999999993,0.961999999999994,0.224999999999993,0.546999999999994,0.809999999999993,0.131999999999993,0.394999999999993,0.716999999999993,0.979999999999993,0.301999999999993,0.564999999999993,0.886999999999993,0.149999999999993,0.471999999999993
349,349,0.884999999999994,0.206999999999994,0.469999999999994,0.791999999999994,0.054999999999994,0.376999999999993,0.639999999999993,0.961999999999994,0.224999999999993,0.546999999999994,0.809999999999993,0.131999999999993,0.394999999999993,0.716999999999993,0.979999999999993,0.301999999999993,0.564999999999993,0.886999999999993,0.149999999999993,0.471999999999993
350,350,0.206999999999994,0.469999999999994,0.791999999999994,0.054999999999994,0.376999999999993,0.639999999999993,0.961999999999994,0.224999999999993,0.546999999999994,0.809999999999993,0.131999999999993,0.394999999999993,0.716999999999993,0.979999999999993,0.301999999999993,0.564999999999993,0.886999999999993,0.149999999999993,0.471999999999993,0.734999999999993
351,351,0.206999999999994,0.469999999999994,0.791999999999994,0.054999999999994,0.376999999999993,0.639999999999993,0.961999999999994,0.224999999999993,0.546999999999994,0.809999999999993,0.131999999999993,0.394999999999993,0.716999999999993,0.979999999999993,0.301999999999993,0.564999999999993,0.886999999999993,0.149999999999993,0.471999999999993,0.734999999999993
352,352,0.469999999999994,0.791999999999994,0.054999999999994,0.376999999999993,0.639999999999993,0.961999999999994,0.224999999999993,0.546999999999994,0.809999999999993,0.131999999999993,0.394999999999993,0.716999999999993,0.979999999999993,0.301999999999993,0.564999999999993,0.886999999999993,0.149999999999993,0.471999999999993,0.734999999999993,0.056999999999993
353,353,0.469999999999994,0.791999999999994,0.054999999999994,0.376999999999993,0.639999999999993,0.961999999999994,0.224999999999993,0.546999999999994,0.809999999999993,0.131999999999993,0.394999999999993,0.716999999999993,0.979999999999993,0.301999999999993,0.564999999999993,0.886999999999993,0.149999999999993,0.471999999999993,0.734999999999993,0.056999999999993
354,354,0.791999999999994,0.054999999999994,0.376999999999993,0.639999999999993,0.961999999999994,0.224999999999993,0.546999999999994,0.809999999999993,0.131999999999993,0.394999999999993,0.716999999999993,0.979999999999993,0.301999999999993,0.564999999999993,0.886999999999993,0.149999999999993,0.471999999999993,0.734999999999993,0.056999999999993,0.319999999999993
355,355,0.791999999999994,0.054999999999994,0.376999999999993,0.639999999999993,0.961999999999994,0.224999999999993,0.546999999999994,0.809999999999993,0.131999999999993,0.394999999999993,0.716999999999993,0.979999999999993,0.301999999999993,0.564999999999993,0.886999999999993,0.149999999999993,0.471999999999993,0.734999999999993,0.056999999999993,0.319999999999993
356,356,0.054999999999994,0.376999999999993,0.639999999999993,0.961999999999994,0.224999999999993,0.546999999999994,0.809999999999993,0.131999999999993,0.394999999999993,0.716999999999993,0.979999999999993,0.301999999999993,0.564999999999993,0.886999999999993,0.149999999999993,0.471999999999993,0.734999999999993,0.056999999999993,0.319999999999993,0.641999999999993
357,357,0.054999999999994,0.376999999999993,0.639999999999993,0.961999999999994,0.224999999999993,0.546999999999994,0.809999999999993,0.131999999999993,0.394999999999993,0.716999999999993,0.979999999999993,0.301999999999993,0.564999999999993,0.886999999999993,0.149999999999993,0.471999999999993,0.734999999999993,0.056999999999993,0.319999999999993,0.641999999999993
358,358,0.376999999999993,0.639999999999993,0.961999999999994,0.224999999999993,0.546999999999994,0.809999999999993,0.131999999999993,0.394999999999993,0.716999999999993,0.979999999999993,0.301999999999993,0.564999999999993,0.886999999999993,0.149999999999993,0.471999999999993,0.734999999999993,0.056999999999993,0.319999999999993,0.641999999999993,0.904999999999993
359,359,0.376999999999993,0.639999999999993,0.961999999999994,0.224999999999993,0.546999999999994,0.809999999999993,0.131999999999993,0.394999999999993,0.716999999999993,0.979999999999993,0.301999999999993,0.564999999999993,0.886999999999993,0.149999999999993,0.471999999999993,0.734999999999993,0.056999999999993,0.319999999999993,0.641999999999993,0.904999999999993
360,360,0.639999999999993,0.961999999999994,0.224999999999993,0.546999999999994,0.809999999999993,0.131999999999993,0.394999999999993,0.716999999999993,0.979999999999993,0.301999999999993,0.564999999999993,0.886999999999993,0.149999999999993,0.471999999999993,0.734999999999993,0.056999999999993,0.319999999999993,0.641999999999993,0.904999999999993,0.226999999999993
361,361,0.639999999999993,0.961999999999994,0.224999999999993,0.546999999999994,0.809999999999993,0.131999999999993,0.394999999999993,0.716999999999993,0.979999999999993,0.301999999999993,0.564999999999993,0.886999999999993,0.149999999999993,0.471999999999993,0.734999999999993,0.056999999999993,0.319999999999993,0.641999999999993,0.904999999999993,0.226999999999993
362,362,0.961999999999994,0.224999999999993,0.546999999999994,0.809999999999993,0.131999999999993,0.394999999999993,0.716999999999993,0.979999999999993,0.301999999999993,0.564999999999993,0.886999999999993,0.149999999999993,0.471999999999993,0.734999999999993,0.056999999999993,0.319999999999993,0.641999999999993,0.904999999999993,0.226999999999993,0.489999999999993
363,363,0.961999999999994,0.224999999999993,0.546999999999994,0.809999999999993,0.131999999999993,0.394999999999993,0.716999999999993,0.979999999999993,0.301999999999993,0.564999999999993,0.886999999999993,0.149999999999993,0.471999999999993,0.734999999999993,0.056999999999993,0.319999999999993,0.641999999999993,0.904999999999993,0.226999999999993,0.489999999999993
364,364,0.224999999999993,0.546999999999994,0.809999999999993,0.131999999999993,0.394999999999993,0.716999999999993,0.979999999999993,0.301999999999993,0.564999999999993,0.886999999999993,0.149999999999993,0.471999999999993,0.734999999999993,0.056999999999993,0.319999999999993,0.641999999999993,0.904999999999993,0.226999999999993,0.489999999999993,0.811999999999993
365,365,0.224999999999993,0.546999999999994,0.809999999999993,0.131999999999993,0.394999999999993,0.716999999999993,0.979999999999993,0.301999999999993,0.564999999999993,0.886999999999993,0.149999999999993,0.471999999999993,0.734999999999993,0.056999999999993,0.319999999999993,0.641999999999993,0.904999999999993,0.226999999999993,0.489999999999993,0.811999999999993
366,366,0.546999999999994,0.809999999999993,0.131999999999993,0.394999999999993,0.716999999999993,0.979999999999993,0.301999999999993,0.564999999999993,0.886999999999993,0.149999999999993,0.471999999999993,0.734999999999993,0.056999999999993,0.319999999999993,0.641999999999993,0.904999999999993,0.226999999999993,0.489999999999993,0.811999999999993,0.074999999999993
367,367,0.546999999999994,0.809999999999993,0.131999999999993,0.394999999999993,0.716999999999993,0.979999999999993,0.301999999999993,0.564999999999993,0.886999999999993,0.149999999999993,0.471999999999993,0.734999999999993,0.056999999999993,0.319999999999993,0.641999999999993,0.904999999999993,0.226999999999993,0.489999999999993,0.811999999999993,0.074999999999993
368,368,0.809999999999993,0.131999999999993,0.394999999999993,0.716999999999993,0.979999999999993,0.301999999999993,0.564999999999993,0.886999999999993,0.149999999999993,0.471999999999993,0.734999999999993,0.056999999999993,0.319999999999993,0.641999999999993,0.904999999999993,0.226999999999993,0.489999999999993,0.811999999999993,0.074999999999993,0.396999999999993
369,369,0.809999999999993,0.131999999999993,0.394999999999993,0.716999999999993,0.979999999999993,0.301999999999993,0.564999999999993,0.886999999999993,0.149999999999993,0.471999999999993,0.734999999999993,0.056999999999993,0.319999999999993,0.641999999999993,0.904999999999993,0.226999999999993,0.489999999999993,0.811999999999993,0.074999999999993,0.396999999999993
370,370,0.131999999999993,0.394999999999993,0.716999999999993,0.979999999999993,0.301999999999993,0.564999999999993,0.886999999999993,0.149999999999993,0.471999999999993,0.734999999999993,0.056999999999993,0.319999999999993,0.641999999999993,0.904999999999993,0.226999999999993,0.489999999999993,0.811999999999993,0.074999999999993,0.396999999999993,0.659999999999993
371,371,0.131999999999993,0.394999999999993,0.716999999999993,0.979999999999993,0.301999999999993,0.564999999999993,0.886999999999993,0.149999999999993,0.471999999999993,0.734999999999993,0.056999999999993,0.319999999999993,0.641999999999993,0.904999999999993,0.226999999999993,0.489999999999993,0.811999999999993,0.074999999999993,0.396999999999993,0.659999999999993
372,372,0.394999999999993,0.716999999999993,0.979999999999993,0.301999999999993,0.564999999999993,0.886999999999993,0.149999999999993,0.471999999999993,0.734999999999993,0.056999999999993,0.319999999999993,0.641999999999993,0.904999999999993,0.226999999999993,0.489999999999993,0.811999999999993,0.074999999999993,0.396999999999993,0.659999999999993,0.981999999999993
373,373,0.394999999999993,0.716999999999993,0.979999999999993,0.301999999999993,0.564999999999993,0.886999999999993,0.149999999999993,0.471999999999993,0.734999999999993,0.056999999999993,0.319999999999993,0.641999999999993,0.904999999999993,0.226999999999993,0.489999999999993,0.811999999999993,0.074999999999993,0.396999999999993,0.659999999999993,0.981999999999993
374,374,0.716999999999993,0.979999999999993,0.301999999999993,0.564999999999993,0.886999999999993,0.149999999999993,0.471999999999993,0.734999999999993,0.056999999999993,0.319999999999993,0.641999999999993,0.904999999999993,0.226999999999993,0.489999999999993,0.811999999999993,0.074999999999993,0.396999999999993,0.659999999999993,0.981999999999993,0.244999999999993
375,375,0.716999999999993,0.979999999999993,0.301999999999993,0.564999999999993,0.886999999999993,0.149999999999993,0.471999999999993,0.734999999999993,0.056999999999993,0.319999999999993,0.641999999999993,0.904999999999993,0.226999999999993,0.489999999999993,0.811999999999993,0.074999999999993,0.396999999999993,0.659999999999993,0.981999999999993,0.244999999999993
376,376,0.979999999999993,0.301999999999993,0.564999999999993,0.886999999999993,0.149999999999993,0.471999999999993,0.734999999999993,0.056999999999993,0.319999999999993,0.641999999999993,0.904999999999993,0.226999999999993,0.489999999999993,0.811999999999993,0.074999999999993,0.396999999999993,0.659999999999993,0.981999999999993,0.244999999999993,0.566999999999993
377,377,0.979999999999993,0.301999999999993,0.564999999999993,0.886999999999993,0.149999999999993,0.471999999999993,0.734999999999993,0.056999999999993,0.319999999999993,0.641999999999993,0.904999999999993,0.226999999999993,0.489999999999993,0.811999999999993,0.074999999999993,0.396999999999993,0.659999999999993,0.981999999999993,0.244999999999993,0.566999999999993
378,378,0.301999999999993,0.564999999999993,0.886999999999993,0.149999999999993,0.471999999999993,0.734999999999993,0.056999999999993,0.319999999999993,0.641999999999993,0.904999999999993,0.226999999999993,0.489999999999993,0.811999999999993,0.074999999999993,0.396999999999993,0.659999999999993,0.981999999999993,0.244999999999993,0.566999999999993,0.829999999999993
379,379,0.301999999999993,0.564999999999993,0.886999999999993,0.149999999999993,0.471999999999993,0.734999999999993,0.056999999999993,0.319999999999993,0.641999999999993,0.904999999999993,0.226999999999993,0.489999999999993,0.811999999999993,0.074999999999993,0.396999999999993,0.659999999999993,0.981999999999993,0.244999999999993,0.566999999999993,0.829999999999993
380,380,0.564999999999993,0.886999999999993,0.149999999999993,0.471999999999993,0.734999999999993,0.056999999999993,0.319999999999993,0.641999999999993,0.904999999999993,0.226999999999993,0.489999999999993,0.811999999999993,0.074999999999993,0.396999999999993,0.659999999999993,0.981999999999993,0.244999999999993,0.566999999999993,0.829999999999993,0.151999999999993
381,381,0.564999999999993,0.886999999999993,0.149999999999993,0.471999999999993,0.734999999999993,0.056999999999993,0.319999999999993,0.641999999999993,0.904999999999993,0.226999999999993,0.489999999999993,0.811999999999993,0.074999999999993,0.396999999999993,0.659999999999993,0.981999999999993,0.244999999999993,0.566999999999993,0.829999999999993,0.151999999999993
382,382,0.886999999999993,0.149999999999993,0.471999999999993,0.734999999999993,0.056999999999993,0.319999999999993,0.641999999999993,0.904999999999993,0.226999999999993,0.489999999999993,0.811999999999993,0.074999999999993,0.396999999999993,0.659999999999993,0.981999999999993,0.244999999999993,0.566999999999993,0.829999999999993,0.151999999999993,0.414999999999993
383,383,0.886999999999993,0.149999999999993,0.471999999999993,0.734999999999993,0.056999999999993,0.319999999999993,0.641999999999993,0.904999999999993,0.226999999999993,0.489999999999993,0.811999999999993,0.074999999999993,0.396999999999993,0.659999999999993,0.981999999999993,0.244999999999993,0.566999999999993,0.829999999999993,0.151999999999993,0.414999999999993
384,384,0.149999999999993,0.471999999999993,0.734999999999993,0.056999999999993,0.319999999999993,0.641999999999993,0.904999999999993,0.226999999999993,0.489999999999993,0.811999999999993,0.074999999999993,0.396999999999993,0.659999999999993,0.981999999999993,0.244999999999993,0.566999999999993,0.829999999999993,0.151999999999993,0.414999999999993,0.736999999999993
385,385,0.149999999999993,0.471999999999993,0.734999999999993,0.056999999999993,0.319999999999993,0.641999999999993,0.904999999999993,0.226999999999993,0.489999999999993,0.811999999999993,0.074999999999993,0.396999999999993,0.659999999999993,0.981999999999993,0.244999999999993,0.566999999999993,0.829999999999993,0.151999999999993,0.414999999999993,0.736999999999993
386,386,0.471999999999993,0.734999999999993,0.056999999999993,0.319999999999993,0.641999999999993,0.904999999999993,0.226999999999993,0.489999999999993,0.811999999999993,0.074999999999993,0.396999999999993,0.659999999999993,0.981999999999993,0.244999999999993,0.566999999999993,0.829999999999993,0.151999999999993,0.414999999999993,0.736999999999993,0
387,387,0.471999999999993,0.734999999999993,0.056999999999993,0.319999999999993,0.641999999999993,0.904999999999993,0.226999999999993,0.489999999999993,0.811999999999993,0.074999999999993,0.396999999999993,0.659999999999993,0.981999999999993,0.244999999999993,0.566999999999993,0.829999999999993,0.151999999999993,0.414999999999993,0.736999999999993,0
388,388,0.734999999999993,0.056999999999993,0.319999999999993,0.641999999999993,0.904999999999993,0.226999999999993,0.489999999999993,0.811999999999993,0.074999999999993,0.396999999999993,0.659999999999993,0.981999999999993,0.244999999999993,0.566999999999993,0.829999999999993,0.151999999999993,0.414999999999993,0.736999999999993,0,0.322
389,389,0.734999999999993,0.056999999999993,0.319999999999993,0.641999999999993,0.904999999999993,0.226999999999993,0.489999999999993,0.811999999999993,0.074999999999993,0.396999999999993,0.659999999999993,0.981999999999993,0.244999999999993,0.566999999999993,0.829999999999993,0.151999999999993,0.414999999999993,0.736999999999993,0,0.322
390,390,0.056999999999993,0.319999999999993,0.641999999999993,0.904999999999993,0.226999999999993,0.489999999999993,0.811999999999993,0.074999999999993,0.396999999999993,0.659999999999993,0.981999999999993,0.244999999999993,0.566999999999993,0.829999999999993,0.151999999999993,0.414999999999993,0.736999999999993,0,0.322,0.585
391,391,0.056999999999993,0.319999999999993,0.641999999999993,0.904999999999993,0.226999999999993,0.489999999999993,0.811999999999993,0.074999999999993,0.396999999999993,0.659999999999993,0.981999999999993,0.244999999999993,0.566999999999993,0.829999999999993,0.151999999999993,0.414999999999993,0.736999999999993,0,0.322,0.585
392,392,0.319999999999993,0.641999999999993,0.904999999999993,0.226999999999993,0.489999999999993,0.811999999999993,0.074999999999993,0.396999999999993,0.659999999999993,0.981999999999993,0.244999999999993,0.566999999999993,0.829999999999993,0.151999999999993,0.414999999999993,0.736999999999993,0,0.322,0.585,0.907
393,393,0.319999999999993,0.641999999999993,0.904999999999993,0.226999999999993,0.489999999999993,0.811999999999993,0.074999999999993,0.396999999999993,0.659999999999993,0.981999999999993,0.244999999999993,0.566999999999993,0.829999999999993,0.151999999999993,0.414999999999993,0.736999999999993,0,0.322,0.585,0.907
394,394,0.641999999999993,0.904999999999993,0.226999999999993,0.489999999999993,0.811999999999993,0.074999999999993,0.396999999999993,0.659999999999993,0.981999999999993,0.244999999999993,0.566999999999993,0.829999999999993,0.151999999999993,0.414999999999993,0.736999999999993,0,0.322,0.585,0.907,0.17
395,395,0.641999999999993,0.904999999999993,0.226999999999993,0.489999999999993,0.811999999999993,0.074999999999993,0.396999999999993,0.659999999999993,0.981999999999993,0.244999999999993,0.566999999999993,0.829999999999993,0.151999999999993,0.414999999999993,0.736999999999993,0,0.322,0.585,0.907,0.17
396,396,0.904999999999993,0.226999999999993,0.489999999999993,0.811999999999993,0.074999999999993,0.396999999999993,0.659999999999993,0.981999999999993,0.244999999999993,0.566999999999993,0.829999999999993,0.151999999999993,0.414999999999993,0.736999999999993,0,0.322,0.585,0.907,0.17,0.492
397,397,0.904999999999993,0.226999999999993,0.489999999999993,0.811999999999993,0.074999999999993,0.396999999999993,0.659999999999993,0.981999999999993,0.244999999999993,0.566999999999993,0.829999999999993,0.151999999999993,0.414999999999993,0.736999999999993,0,0.322,0.585,0.907,0.17,0.492
398,398,0.226999999999993,0.489999999999993,0.811999999999993,0.074999999999993,0.396999999999993,0.659999999999993,0.981999999999993,0.244999999999993,0.566999999999993,0.829999999999993,0.151999999999993,0.414999999999993,0.736999999999993,0,0.322,0.585,0.907,0.17,0.492,0.755
399,399,0.226999999999993,0.489999999999993,0.811999999999993,0.074999999999993,0.396999999999993,0.659999999999993,0.981999999999993,0.244999999999993,0.566999999999993,0.829999999999993,0.151999999999993,0.414999999999993,0.736999999999993,0,0.322,0.585,0.907,0.17,0.492,0.755
400,400,0.489999999999993,0.811999999999993,0.074999999999993,0.396999999999993,0.659999999999993,0.981999999999993,0.244999999999993,0.566999999999993,0.829999999999993,0.151999999999993,0.414999999999993,0.736999999999993,0,0.322,0.585,0.907,0.17,0.492,0.755,0.077
401,401,0.489999999999993,0.811999999999993,0.074999999999993,0.396999999999993,0.659999999999993,0.981999999999993,0.244999999999993,0.566999999999993,0.829999999999993,0.151999999999993,0.414999999999993,0.736999999999993,0,0.322,0.585,0.907,0.17,0.492,0.755,0.077
402,402,0.811999999999993,0.074999999999993,0.396999999999993,0.659999999999993,0.981999999999993,0.244999999999993,0.566999999999993,0.829999999999993,0.151999999999993,0.414999999999993,0.736999999999993,0,0.322,0.585,0.907,0.17,0.492,0.755,0.077,0.34
403,403,0.811999999999993,0.074999999999993,0.396999999999993,0.659999999999993,0.981999999999993,0.244999999999993,0.566999999999993,0.829999999999993,0.151999999999993,0.414999999999993,0.736999999999993,0,0.322,0.585,0.907,0.17,0.492,0.755,0.077,0.34
404,404,0.074999999999993,0.396999999999993,0.659999999999993,0.981999999999993,0.244999999999993,0.566999999999993,0.829999999999993,0.151999999999993,0.414999999999993,0.736999999999993,0,0.322,0.585,0.907,0.17,0.492,0.755,0.077,0.34,0.662
405,405,0.074999999999993,0.396999999999993,0.659999999999993,0.981999999999993,0.244999999999993,0.566999999999993,0.829999999999993,0.151999999999993,0.414999999999993,0.736999999999993,0,0.322,0.585,0.907,0.17,0.492,0.755,0.077,0.34,0.662
406,406,0.396999999999993,0.659999999999993,0.981999999999993,0.244999999999993,0.566999999999993,0.829999999999993,0.151999999999993,0.414999999999993,0.736999999999993,0,0.322,0.585,0.907,0.17,0.492,0.755,0.077,0.34,0.662,0.925
407,407,0.396999999999993,0.659999999999993,0.981999999999993,0.244999999999993,0.566999999999993,0.829999999999993,0.151999999999993,0.414999999999993,0.736999999999993,0,0.322,0.585,0.907,0.17,0.492,0.755,0.077,0.34,0.662,0.925
408,408,0.659999999999993,0.981999999999993,0.244999999999993,0.566999999999993,0.829999999999993,0.151999999999993,0.414999999999993,0.736999999999993,0,0.322,0.585,0.907,0.17,0.492,0.755,0.077,0.34,0.662,0.925,0.247
409,409,0.659999999999993,0.981999999999993,0.244999999999993,0.566999999999993,0.829999999999993,0.151999999999993,0.414999999999993,0.736999999999993,0,0.322,0.585,0.907,0.17,0.492,0.755,0.077,0.34,0.662,0.925,0.247
410,410,0.981999999999993,0.244999999999993,0.566999999999993,0.829999999999993,0.151999999999993,0.414999999999993,0.736999999999993,0,0.322,0.585,0.907,0.17,0.492,0.755,0.077,0.34,0.662,0.925,0.247,0.51
411,411,0.981999999999993,0.244999999999993,0.566999999999993,0.829999999999993,0.151999999999993,0.414999999999993,0.736999999999993,0,0.322,0.585,0.907,0.17,0.492,0.755,0.077,0.34,0.662,0.925,0.247,0.51
412,412,0.244999999999993,0.566999999999993,0.829999999999993,0.151999999999993,0.414999999999993,0.736999999999993,0,0.322,0.585,0.907,0.17,0.492,0.755,0.077,0.34,0.662,0.925,0.247,0.51,0.832
413,413,0.244999999999993,0.566999999999993,0.829999999999993,0.151999999999993,0.414999999999993,0.736999999999993,0,0.322,0.585,0.907,0.17,0.492,0.755,0.077,0.34,0.662,0.925,0.247,0.51,0.832
414,414,0.566999999999993,0.829999999999993,0.151999999999993,0.414999999999993,0.736999999999993,0,0.322,0.585,0.907,0.17,0.492,0.755,0.077,0.34,0.662,0.925,0.247,0.51,0.832,0.095
415,415,0.566999999999993,0.829999999999993,0.151999999999993,0.414999999999993,0.736999999999993,0,0.322,0.585,0.907,0.17,0.492,0.755,0.077,0.34,0.662,0.925,0.247,0.51,0.832,0.095
416,416,0.829999999999993,0.151999999999993,0.414999999999993,0.736999999999993,0,0.322,0.585,0.907,0.17,0.492,0.755,0.077,0.34,0.662,0.925,0.247,0.51,0.832,0.095,0.417
417,417,0.829999999999993,0.151999999999993,0.414999999999993,0.736999999999993,0,0.322,0.585,0.907,0.17,0.492,0.755,0.077,0.34,0.662,0.925,0.247,0.51,0.832,0.095,0.417
418,418,0.151999999999993,0.414999999999993,0.736999999999993,0,0.322,0.585,0.907,0.17,0.492,0.755,0.077,0.34,0.662,0.925,0.247,0.51,0.832,0.095,0.417,0.68
419,419,0.151999999999993,0.414999999999993,0.736999999999993,0,0.322,0.585,0.907,0.17,0.492,0.755,0.077,0.34,0.662,0.925,0.247,0.51,0.832,0.095,0.417,0.68
420,420,0.414999999999993,0.736999999999993,0,0.322,0.585,0.907,0.17,0.492,0.755,0.077,0.34,0.662,0.925,0.247,0.51,0.832,0.095,0.417,0.68,0.002
421,421,0.414999999999993,0.736999999999993,0,0.322,0.585,0.907,0.17,0.492,0.755,0.077,0.34,0.662,0.925,0.247,0.51,0.832,0.095,0.417,0.68,0.002
422,422,0.736999999999993,0,0.322,0.585,0.907,0.17,0.492,0.755,0.077,0.34,0.662,0.925,0.247,0.51,0.832,0.095,0.417,0.68,0.002,0.265
423,423,0.736999999999993,0,0.322,0.585,0.907,0.17,0.492,0.755,0.077,0.34,0.662,0.925,0.247,0.51,0.832,0.095,0.417,0.68,0.002,0.265
424,424,0,0.322,0.585,0.907,0.17,0.492,0.755,0.077,0.34,0.662,0.925,0.247,0.51,0.832,0.095,0.417,0.68,0.002,0.265,0.587
425,425,0,0.322,0.585,0.907,0.17,0.492,0.755,0.077,0.34,0.662,0.925,0.247,0.51,0.832,0.095,0.417,0.68,0.002,0.265,0.587
426,426,0.322,0.585,0.907,0.17,0.492,0.755,0.077,0.34,0.662,0.925,0.247,0.51,0.832,0.095,0.417,0.68,0.002,0.265,0.587,0.85
427,427,0.322,0.585,0.907,0.17,0.492,0.755,0.077,0.34,0.662,0.925,0.247,0.51,0.832,0.095,0.417,0.68,0.002,0.265,0.587,0.85
428,428,0.585,0.907,0.17,0.492,0.755,0.077,0.34,0.662,0.925,0.247,0.51,0.832,0.095,0.417,0.68,0.002,0.265,0.587,0.85,0.172
429,429,0.585,0.907,0.17,0.492,0.755,0.077,0.34,0.662,0.925,0.247,0.51,0.832,0.095,0.417,0.68,0.002,0.265,0.587,0.85,0.172
430,430,0.907,0.17,0.492,0.755,0.077,0.34,0.662,0.925,0.247,0.51,0.832,0.095,0.417,0.68,0.002,0.265,0.587,0.85,0.172,0.435
431,431,0.907,0.17,0.492,0.755,0.077,0.34,0.662,0.925,0.247,0.51,0.832,0.095,0.417,0.68,0.002,0.265,0.587,0.85,0.172,0.435
432,432,0.17,0.492,0.755,0.077,0.34,0.662,0.925,0.247,0.51,0.832,0.095,0.417,0.68,0.002,0.265,0.587,0.85,0.172,0.435,0.757
433,433,0.17,0.492,0.755,0.077,0.34,0.662,0.925,0.247,0.51,0.832,0.095,0.417,0.68,0.002,0.265,0.587,0.85,0.172,0.435,0.757
434,434,0.492,0.755,0.077,0.34,0.662,0.925,0.247,0.51,0.832,0.095,0.417,0.68,0.002,0.265,0.587,0.85,0.172,0.435,0.757,0.02
435,435,0.492,0.755,0.077,0.34,0.662,0.925,0.247,0.51,0.832,0.095,0.417,0.68,0.002,0.265,0.587,0.85,0.172,0.435,0.757,0.02
436,436,0.755,0.077,0.34,0.662,0.925,0.247,0.51,0.832,0.095,0.417,0.68,0.002,0.265,0.587,0.85,0.172,0.435,0.757,0.02,0.342
437,437,0.755,0.077,0.34,0.662,0.925,0.247,0.51,0.832,0.095,0.417,0.68,0.002,0.265,0.587,0.85,0.172,0.435,0.757,0.02,0.342
438,438,0.077,0.34,0.662,0.925,0.247,0.51,0.832,0.095,0.417,0.68,0.002,0.265,0.587,0.85,0.172,0.435,0.757,0.02,0.342,0.605
439,439,0.077,0.34,0.662,0.925,0.247,0.51,0.832,0.095,0.417,0.68,0.002,0.265,0.587,0.85,0.172,0.435,0.757,0.02,0.342,0.605
440,440,0.34,0.662,0.925,0.247,0.51,0.832,0.095,0.417,0.68,0.002,0.265,0.587,0.85,0.172,0.435,0.757,0.02,0.342,0.605,0.927
441,441,0.34,0.662,0.925,0.247,0.51,0.832,0.095,0.417,0.68,0.002,0.265,0.587,0.85,0.172,0.435,0.757,0.02,0.342,0.605,0.927
442,442,0.662,0.925,0.247,0.51,0.832,0.095,0.417,0.68,0.002,0.265,0.587,0.85,0.172,0.435,0.757,0.02,0.342,0.605,0.927,0.19
443,443,0.662,0.925,0.247,0.51,0.832,0.095,0.417,0.68,0.002,0.265,0.587,0.85,0.172,0.435,0.757,0.02,0.342,0.605,0.927,0.19
444,444,0.925,0.247,0.51,0.832,0.095,0.417,0.68,0.002,0.265,0.587,0.85,0.172,0.435,0.757,0.02,0.342,0.605,0.927,0.19,0.512
445,445,0.925,0.247,0.51,0.832,0.095,0.417,0.68,0.002,0.265,0.587,0.85,0.172,0.435,0.757,0.02,0.342,0.605,0.927,0.19,0.512
446,446,0.247,0.51,0.832,0.095,0.417,0.68,0.002,0.265,0.587,0.85,0.172,0.435,0.757,0.02,0.342,0.605,0.927,0.19,0.512,0.775
447,447,0.247,0.51,0.832,0.095,0.417,0.68,0.002,0.265,0.587,0.85,0.172,0.435,0.757,0.02,0.342,0.605,0.927,0.19,0.512,0.775
448,448,0.51,0.832,0.095,0.417,0.68,0.002,0.265,0.587,0.85,0.172,0.435,0.757,0.02,0.342,0.605,0.927,0.19,0.512,0.775,0.097
449,449,0.51,0.832,0.095,0.417,0.68,0.002,0.265,0.587,0.85,0.172,0.435,0.757,0.02,0.342,0.605,0.927,0.19,0.512,0.775,0.097
450,450,0.832,0.095,0.417,0.68,0.002,0.265,0.587,0.85,0.172,0.435,0.757,0.02,0.342,0.605,0.927,0.19,0.512,0.775,0.097,0.359999999999999
451,451,0.832,0.095,0.417,0.68,0.002,0.265,0.587,0.85,0.172,0.435,0.757,0.02,0.342,0.605,0.927,0.19,0.512,0.775,0.097,0.359999999999999
452,452,0.095,0.417,0.68,0.002,0.265,0.587,0.85,0.172,0.435,0.757,0.02,0.342,0.605,0.927,0.19,0.512,0.775,0.097,0.359999999999999,0.682
453,453,0.095,0.417,0.68,0.002,0.265,0.587,0.85,0.172,0.435,0.757,0.02,0.342,0.605,0.927,0.19,0.512,0.775,0.097,0.359999999999999,0.682
454,454,0.417,0.68,0.002,0.265,0.587,0.85,0.172,0.435,0.757,0.02,0.342,0.605,0.927,0.19,0.512,0.775,0.097,0.359999999999999,0.682,0.944999999999999
455,455,0.417,0.68,0.002,0.265,0.587,0.85,0.172,0.435,0.757,0.02,0.342,0.605,0.927,0.19,0.512,0.775,0.097,0.359999999999999,0.682,0.944999999999999
456,456,0.68,0.002,0.265,0.587,0.85,0.172,0.435,0.757,0.02,0.342,0.605,0.927,0.19,0.512,0.775,0.097,0.359999999999999,0.682,0.944999999999999,0.266999999999999
457,457,0.68,0.002,0.265,0.587,0.85,0.172,0.435,0.757,0.02,0.342,0.605,0.927,0.19,0.512,0.775,0.097,0.359999999999999,0.682,0.944999999999999,0.266999999999999
458,458,0.002,0.265,0.587,0.85,0.172,0.435,0.757,0.02,0.342,0.605,0.927,0.19,0.512,0.775,0.097,0.359999999999999,0.682,0.944999999999999,0.266999999999999,0.529999999999999
459,459,0.002,0.265,0.587,0.85,0.172,0.435,0.757,0.02,0.342,0.605,0.927,0.19,0.512,0.775,0.097,0.359999999999999,0.682,0.944999999999999,0.266999999999999,0.529999999999999
460,460,0.265,0.587,0.85,0.172,0.435,0.757,0.02,0.342,0.605,0.927,0.19,0.512,0.775,0.097,0.359999999999999,0.682,0.944999999999999,0.266999999999999,0.529999999999999,0.851999999999999
461,461,0.265,0.587,0.85,0.172,0.435,0.757,0.02,0.342,0.605,0.927,0.19,0.512,0.775,0.097,0.359999999999999,0.682,0.944999999999999,0.266999999999999,0.529999999999999,0.851999999999999
462,462,0.587,0.85,0.172,0.435,0.757,0.02,0.342,0.605,0.927,0.19,0.512,0.775,0.097,0.359999999999999,0.682,0.944999999999999,0.266999999999999,0.529999999999999,0.851999999999999,0.114999999999999
463,463,0.587,0.85,0.172,0.435,0.757,0.02,0.342,0.605,0.927,0.19,0.512,0.775,0.097,0.359999999999999,0.682,0.944999999999999,0.266999999999999,0.529999999999999,0.851999999999999,0.114999999999999
464,464,0.85,0.172,0.435,0.757,0.02,0.342,0.605,0.927,0.19,0.512,0.775,0.097,0.359999999999999,0.682,0.944999999999999,0.266999999999999,0.529999999999999,0.851999999999999,0.114999999999999,0.436999999999999
465,465,0.85,0.172,0.435,0.757,0.02,0.342,0.605,0.927,0.19,0.512,0.775,0.097,0.359999999999999,0.682,0.944999999999999,0.266999999999999,0.529999999999999,0.851999999999999,0.114999999999999,0.436999999999999
466,466,0.172,0.435,0.757,0.02,0.342,0.605,0.927,0.19,0.512,0.775,0.097,0.359999999999999,0.682,0.944999999999999,0.266999999999999,0.529999999999999,0.851999999999999,0.114999999999999,0.436999999999999,0.699999999999999
467,467,0.172,0.435,0.757,0.02,0.342,0.605,0.927,0.19,0.512,0.775,0.097,0.359999999999999,0.682,0.944999999999999,0.266999999999999,0.529999999999999,0.851999999999999,0.114999999999999,0.436999999999999,0.699999999999999
468,468,0.435,0.757,0.02,0.342,0.605,0.927,0.19,0.512,0.775,0.097,0.359999999999999,0.682,0.944999999999999,0.266999999999999,0.529999999999999,0.851999999999999,0.114999999999999,0.436999999999999,0.699999999999999,0.021999999999999
469,469,0.435,0.757,0.02,0.342,0.605,0.927,0.19,0.512,0.775,0.097,0.359999999999999,0.682,0.944999999999999,0.266999999999999,0.529999999999999,0.851999999999999,0.114999999999999,0.436999999999999,0.699999999999999,0.021999999999999
470,470,0.757,0.02,0.342,0.605,0.927,0.19,0.512,0.775,0.097,0.359999999999999,0.682,0.944999999999999,0.266999999999999,0.529999999999999,0.851999999999999,0.114999999999999,0.436999999999999,0.699999999999999,0.021999999999999,0.284999999999999
471,471,0.757,0.02,0.342,0.605,0.927,0.19,0.512,0.775,0.097,0.359999999999999,0.682,0.944999999999999,0.266999999999999,0.529999999999999,0.851999999999999,0.114999999999999,0.436999999999999,0.699999999999999,0.021999999999999,0.284999999999999
472,472,0.02,0.342,0.605,0.927,0.19,0.512,0.775,0.097,0.359999999999999,0.682,0.944999999999999,0.266999999999999,0.529999999999999,0.851999999999999,0.114999999999999,0.436999999999999,0.699999999999999,0.021999999999999,0.284999999999999,0.606999999999999
473,473,0.02,0.342,0.605,0.927,0.19,0.512,0.775,0.097,0.359999999999999,0.682,0.944999999999999,0.266999999999999,0.529999999999999,0.851999999999999,0.114999999999999,0.436999999999999,0.699999999999999,0.021999999999999,0.284999999999999,0.606999999999999
474,474,0.342,0.605,0.927,0.19,0.512,0.775,0.097,0.359999999999999,0.682,0.944999999999999,0.266999999999999,0.529999999999999,0.851999999999999,0.114999999999999,0.436999999999999,0.699999999999999,0.021999999999999,0.284999999999999,0.606999999999999,0.869999999999999
475,475,0.342,0.605,0.927,0.19,0.512,0.775,0.097,0.359999999999999,0.682,0.944999999999999,0.266999999999999,0.529999999999999,0.851999999999999,0.114999999999999,0.436999999999999,0.699999999999999,0.021999999999999,0.284999999999999,0.606999999999999,0.869999999999999
476,476,0.605,0.927,0.19,0.512,0.775,0.097,0.359999999999999,0.682,0.944999999999999,0.266999999999999,0.529999999999999,0.851999999999999,0.114999999999999,0.436999999999999,0.699999999999999,0.021999999999999,0.284999999999999,0.606999999999999,0.869999999999999,0.191999999999999
477,477,0.605,0.927,0.19,0.512,0.775,0.097,0.359999999999999,0.682,0.944999999999999,0.266999999999999,0.529999999999999,0.851999999999999,0.114999999999999,0.436999999999999,0.699999999999999,0.021999999999999,0.284999999999999,0.606999999999999,0.869999999999999,0.191999999999999
478,478,0.927,0.19,0.512,0.775,0.097,0.359999999999999,0.682,0.944999999999999,0.266999999999999,0.529999999999999,0.851999999999999,0.114999999999999,0.436999999999999,0.699999999999999,0.021999999999999,0.284999999999999,0.606999999999999,0.869999999999999,0.191999999999999,0.454999999999999
479,479,0.927,0.19,0.512,0.775,0.097,0.359999999999999,0.682,0.944999999999999,0.266999999999999,0.529999999999999,0.851999999999999,0.114999999999999,0.436999999999999,0.699999999999999,0.021999999999999,0.284999999999999,0.606999999999999,0.869999999999999,0.191999999999999,0.454999999999999
480,480,0.19,0.512,0.775,0.097,0.359999999999999,0.682,0.944999999999999,0.266999999999999,0.529999999999999,0.851999999999999,0.114999999999999,0.436999999999999,0.699999999999999,0.021999999999999,0.284999999999999,0.606999999999999,0.869999999999999,0.191999999999999,0.454999999999999,0.776999999999999
481,481,0.19,0.512,0.775,0.097,0.359999999999999,0.682,0.944999999999999,0.266999999999999,0.529999999999999,0.851999999999999,0.114999999999999,0.436999999999999,0.699999999999999,0.021999999999999,0.284999999999999,0.606999999999999,0.869999999999999,0.191999999999999,0.454999999999999,0.776999999999999
482,482,0.512,0.775,0.097,0.359999999999999,0.682,0.944999999999999,0.266999999999999,0.529999999999999,0.851999999999999,0.114999999999999,0.436999999999999,0.699999999999999,0.021999999999999,0.284999999999999,0.606999999999999,0.869999999999999,0.191999999999999,0.454999999999999,0.776999999999999,0.039999999999999
483,483,0.512,0.775,0.097,0.359999999999999,0.682,0.944999999999999,0.266999999999999,0.529999999999999,0.851999999999999,0.114999999999999,0.436999999999999,0.699999999999999,0.021999999999999,0.284999999999999,0.606999999999999,0.869999999999999,0.191999999999999,0.454999999999999,0.776999999999999,0.039999999999999
484,484,0.775,0.097,0.359999999999999,0.682,0.944999999999999,0.266999999999999,0.529999999999999,0.851999999999999,0.114999999999999,0.436999999999999,0.699999999999999,0.021999999999999,0.284999999999999,0.606999999999999,0.869999999999999,0.191999999999999,0.454999999999999,0.776999999999999,0.039999999999999,0.361999999999999
485,485,0.775,0.097,0.359999999999999,0.682,0.944999999999999,0.266999999999999,0.529999999999999,0.851999999999999,0.114999999999999,0.436999999999999,0.699999999999999,0.021999999999999,0.284999999999999,0.606999999999999,0.869999999999999,0.191999999999999,0.454999999999999,0.776999999999999,0.039999999999999,0.361999999999999
486,486,0.097,0.359999999999999,0.682,0.944999999999999,0.266999999999999,0.529999999999999,0.851999999999999,0.114999999999999,0.436999999999999,0.699999999999999,0.021999999999999,0.284999999999999,0.606999999999999,0.869999999999999,0.191999999999999,0.454999999999999,0.776999999999999,0.039999999999999,0.361999999999999,0.624999999999999
487,487,0.097,0.359999999999999,0.682,0.944999999999999,0.266999999999999,0.529999999999999,0.851999999999999,0.114999999999999,0.436999999999999,0.699999999999999,0.021999999999999,0.284999999999999,0.606999999999999,0.869999999999999,0.191999999999999,0.454999999999999,0.776999999999999,0.039999999999999,0.361999999999999,0.624999999999999
488,488,0.359999999999999,0.682,0.944999999999999,0.266999999999999,0.529999999999999,0.851999999999999,0.114999999999999,0.436999999999999,0.699999999999999,0.021999999999999,0.284999999999999,0.606999999999999,0.869999999999999,0.191999999999999,0.454999999999999,0.776999999999999,0.039999999999999,0.361999999999999,0.624999999999999,0.946999999999999
489,489,0.359999999999999,0.682,0.944999999999999,0.266999999999999,0.529999999999999,0.851999999999999,0.114999999999999,0.436999999999999,0.699999999999999,0.021999999999999,0.284999999999999,0.606999999999999,0.869999999999999,0.191999999999999,0.454999999999999,0.776999999999999,0.039999999999999,0.361999999999999,0.624999999999999,0.946999999999999
490,490,0.682,0.944999999999999,0.266999999999999,0.529999999999999,0.851999999999999,0.114999999999999,0.436999999999999,0.699999999999999,0.021999999999999,0.284999999999999,0.606999999999999,0.869999999999999,0.191999999999999,0.454999999999999,0.776999999999999,0.039999999999999,0.361999999999999,0.624999999999999,0.946999999999999,0.209999999999999
491,491,0.682,0.944999999999999,0.266999999999999,0.529999999999999,0.851999999999999,0.114999999999999,0.436999999999999,0.699999999999999,0.021999999999999,0.284999999999999,0.606999999999999,0.869999999999999,0.191999999999999,0.454999999999999,0.776999999999999,0.039999999999999,0.361999999999999,0.624999999999999,0.946999999999999,0.209999999999999
492,492,0.944999999999999,0.266999999999999,0.529999999999999,0.851999999999999,0.114999999999999,0.436999999999999,0.699999999999999,0.021999999999999,0.284999999999999,0.606999999999999,0.869999999999999,0.191999999999999,0.454999999999999,0.776999999999999,0.039999999999999,0.361999999999999,0.624999999999999,0.946999999999999,0.209999999999999,0.531999999999999
493,493,0.944999999999999,0.266999999999999,0.529999999999999,0.851999999999999,0.114999999999999,0.436999999999999,0.699999999999999,0.021999999999999,0.284999999999999,0.606999999999999,0.869999999999999,0.191999999999999,0.454999999999999,0.776999999999999,0.039999999999999,0.361999999999999,0.624999999999999,0.946999999999999,0.209999999999999,0.531999999999999
494,494,0.266999999999999,0.529999999999999,0.851999999999999,0.114999999999999,0.436999999999999,0.699999999999999,0.021999999999999,0.284999999999999,0.606999999999999,0.869999999999999,0.191999999999999,0.454999999999999,0.776999999999999,0.039999999999999,0.361999999999999,0.624999999999999,0.946999999999999,0.209999999999999,0.531999999999999,0.794999999999999
495,495,0.266999999999999,0.529999999999999,0.851999999999999,0.114999999999999,0.436999999999999,0.699999999999999,0.021999999999999,0.284999999999999,0.606999999999999,0.869999999999999,0.191999999999999,0.454999999999999,0.776999999999999,0.039999999999999,0.361999999999999,0.624999999999999,0.946999999999999,0.209999999999999,0.531999999999999,0.794999999999999
496,496,0.529999999999999,0.851999999999999,0.114999999999999,0.436999999999999,0.699999999999999,0.021999999999999,0.284999999999999,0.606999999999999,0.869999999999999,0.191999999999999,0.454999999999999,0.776999999999999,0.039999999999999,0.361999999999999,0.624999999999999,0.946999999999999,0.209999999999999,0.531999999999999,0.794999999999999,0.116999999999999
497,497,0.529999999999999,0.851999999999999,0.114999999999999,0.436999999999999,0.699999999999999,0.021999999999999,0.284999999999999,0.606999999999999,0.869999999999999,0.191999999999999,0.454999999999999,0.776999999999999,0.039999999999999,0.361999999999999,0.624999999999999,0.946999999999999,0.209999999999999,0.531999999999999,0.794999999999999,0.116999999999999
498,498,0.851999999999999,0.114999999999999,0.436999999999999,0.699999999999999,0.021999999999999,0.284999999999999,0.606999999999999,0.869999999999999,0.191999999999999,0.454999999999999,0.776999999999999,0.039999999999999,0.361999999999999,0.624999999999999,0.946999999999999,0.209999999999999,0.531999999999999,0.794999999999999,0.116999999999999,0.379999999999999
499,499,0.851999999999999,0.114999999999999,0.436999999999999,0.699999999999999,0.021999999999999,0.284999999999999,0.606999999999999,0.869999999999999,0.191999999999999,0.454999999999999,0.776999999999999,0.039999999999999,0.361999999999999,0.624999999999999,0.946999999999999,0.209999999999999,0.531999999999999,0.794999999999999,0.116999999999999,0.379999999999999
500,500,0.114999999999999,0.436999999999999,0.699999999999999,0.021999999999999,0.284999999999999,0.606999999999999,0.869999999999999,0.191999999999999,0.454999999999999,0.776999999999999,0.039999999999999,0.361999999999999,0.624999999999999,0.946999999999999,0.209999999999999,0.531999999999999,0.794999999999999,0.116999999999999,0.379999999999999,0.701999999999999
501,501,0.114999999999999,0.436999999999999,0.699999999999999,0.021999999999999,0.284999999999999,0.606999999999999,0.869999999999999,0.191999999999999,0.454999999999999,0.776999999999999,0.039999999999999,0.361999999999999,0.624999999999999,0.946999999999999,0.209999999999999,0.531999999999999,0.794999999999999,0.116999999999999,0.379999999999999,0.701999999999999
502,502,0.436999999999999,0.699999999999999,0.021999999999999,0.284999999999999,0.606999999999999,0.869999999999999,0.191999999999999,0.454999999999999,0.776999999999999,0.039999999999999,0.361999999999999,0.624999999999999,0.946999999999999,0.209999999999999,0.531999999999999,0.794999999999999,0.116999999999999,0.379999999999999,0.701999999999999,0.964999999999999
503,503,0.436999999999999,0.699999999999999,0.021999999999999,0.284999999999999,0.606999999999999,0.869999999999999,0.191999999999999,0.454999999999999,0.776999999999999,0.039999999999999,0.361999999999999,0.624999999999999,0.946999999999999,0.209999999999999,0.531999999999999,0.794999999999999,0.116999999999999,0.379999999999999,0.701999999999999,0.964999999999999
504,504,0.699999999999999,0.021999999999999,0.284999999999999,0.606999999999999,0.869999999999999,0.191999999999999,0.454999999999999,0.776999999999999,0.039999999999999,0.361999999999999,0.624999999999999,0.946999999999999,0.209999999999999,0.531999999999999,0.794999999999999,0.116999999999999,0.379999999999999,0.701999999999999,0.964999999999999,0.286999999999999
505,505,0.699999999999999,0.021999999999999,0.284999999999999,0.606999999999999,0.869999999999999,0.191999999999999,0.454999999999999,0.776999999999999,0.039999999999999,0.361999999999999,0.624999999999999,0.946999999999999,0.209999999999999,0.531999999999999,0.794999999999999,0.116999999999999,0.379999999999999,0.701999999999999,0.964999999999999,0.286999999999999
506,506,0.021999999999999,0.284999999999999,0.606999999999999,0.869999999999999,0.191999999999999,0.454999999999999,0.776999999999999,0.039999999999999,0.361999999999999,0.624999999999999,0.946999999999999,0.209999999999999,0.531999999999999,0.794999999999999,0.116999999999999,0.379999999999999,0.701999999999999,0.964999999999999,0.286999999999999,0.549999999999999
507,507,0.021999999999999,0.284999999999999,0.606999999999999,0.869999999999999,0.191999999999999,0.454999999999999,0.776999999999999,0.039999999999999,0.361999999999999,0.624999999999999,0.946999999999999,0.209999999999999,0.531999999999999,0.794999999999999,0.116999999999999,0.379999999999999,0.701999999999999,0.964999999999999,0.286999999999999,0.549999999999999
508,508,0.284999999999999,0.606999999999999,0.869999999999999,0.191999999999999,0.454999999999999,0.776999999999999,0.039999999999999,0.361999999999999,0.624999999999999,0.946999999999999,0.209999999999999,0.531999999999999,0.794999999999999,0.116999999999999,0.379999999999999,0.701999999999999,0.964999999999999,0.286999999999999,0.549999999999999,0.871999999999999
509,509,0.284999999999999,0.606999999999999,0.869999999999999,0.191999999999999,0.454999999999999,0.776999999999999,0.039999999999999,0.361999999999999,0.624999999999999,0.946999999999999,0.209999999999999,0.531999999999999,0.794999999999999,0.116999999999999,0.379999999999999,0.701999999999999,0.964999999999999,0.286999999999999,0.549999999999999,0.871999999999999
510,510,0.606999999999999,0.869999999999999,0.191999999999999,0.454999999999999,0.776999999999999,0.039999999999999,0.361999999999999,0.624999999999999,0.946999999999999,0.209999999999999,0.531999999999999,0.794999999999999,0.116999999999999,0.379999999999999,0.701999999999999,0.964999999999999,0.286999999999999,0.549999999999999,0.871999999999999,0.134999999999999
511,511,0.606999999999999,0.869999999999999,0.191999999999999,0.454999999999999,0.776999999999999,0.039999999999999,0.361999999999999,0.624999999999999,0.946999999999999,0.209999999999999,0.531999999999999,0.794999999999999,0.116999999999999,0.379999999999999,0.701999999999999,0.964999999999999,0.286999999999999,0.549999999999999,0.871999999999999,0.134999999999999
512,512,0.869999999999999,0.191999999999999,0.454999999999999,0.776999999999999,0.039999999999999,0.361999999999999,0.624999999999999,0.946999999999999,0.209999999999999,0.531999999999999,0.794999999999999,0.116999999999999,0.379999999999999,0.701999999999999,0.964999999999999,0.286999999999999,0.549999999999999,0.871999999999999,0.134999999999999,0.456999999999999
513,513,0.869999999999999,0.191999999999999,0.454999999999999,0.776999999999999,0.039999999999999,0.361999999999999,0.624999999999999,0.946999999999999,0.209999999999999,0.531999999999999,0.794999999999999,0.116999999999999,0.379999999999999,0.701999999999999,0.964999999999999,0.286999999999999,0.549999999999999,0.871999999999999,0.134999999999999,0.456999999999999
514,514,0.191999999999999,0.454999999999999,0.776999999999999,0.039999999999999,0.361999999999999,0.624999999999999,0.946999999999999,0.209999999999999,0.531999999999999,0.794999999999999,0.116999999999999,0.379999999999999,0.701999999999999,0.964999999999999,0.286999999999999,0.549999999999999,0.871999999999999,0.134999999999999,0.456999999999999,0.719999999999999
515,515,0.191999999999999,0.454999999999999,0.776999999999999,0.039999999999999,0.361999999999999,0.624999999999999,0.946999999999999,0.209999999999999,0.531999999999999,0.794999999999999,0.116999999999999,0.379999999999999,0.701999999999999,0.964999999999999,0.286999999999999,0.549999999999999,0.871999999999999,0.134999999999999,0.456999999999999,0.719999999999999
516,516,0.454999999999999,0.776999999999999,0.039999999999999,0.361999999999999,0.624999999999999,0.946999999999999,0.209999999999999,0.531999999999999,0.794999999999999,0.116999999999999,0.379999999999999,0.701999999999999,0.964999999999999,0.286999999999999,0.549999999999999,0.871999999999999,0.134999999999999,0.456999999999999,0.719999999999999,0.041999999999999
517,517,0.454999999999999,0.776999999999999,0.039999999999999,0.361999999999999,0.624999999999999,0.946999999999999,0.209999999999999,0.531999999999999,0.794999999999999,0.116999999999999,0.379999999999999,0.701999999999999,0.964999999999999,0.286999999999999,0.549999999999999,0.871999999999999,0.134999999999999,0.456999999999999,0.719999999999999,0.041999999999999
518,518,0.776999999999999,0.039999999999999,0.361999999999999,0.624999999999999,0.946999999999999,0.209999999999999,0.531999999999999,0.794999999999999,0.116999999999999,0.379999999999999,0.701999999999999,0.964999999999999,0.286999999999999,0.549999999999999,0.871999999999999,0.134999999999999,0.456999999999999,0.719999999999999,0.041999999999999,0.304999999999999
519,519,0.776999999999999,0.039999999999999,0.361999999999999,0.624999999999999,0.946999999999999,0.209999999999999,0.531999999999999,0.794999999999999,0.116999999999999,0.379999999999999,0.701999999999999,0.964999999999999,0.286999999999999,0.549999999999999,0.871999999999999,0.134999999999999,0.456999999999999,0.719999999999999,0.041999999999999,0.304999999999999
520,520,0.039999999999999,0.361999999999999,0.624999999999999,0.946999999999999,0.209999999999999,0.531999999999999,0.794999999999999,0.116999999999999,0.379999999999999,0.701999999999999,0.964999999999999,0.286999999999999,0.549999999999999,0.871999999999999,0.134999999999999,0.456999999999999,0.719999999999999,0.041999999999999,0.304999999999999,0.626999999999999
521,521,0.039999999999999,0.361999999999999,0.624999999999999,0.946999999999999,0.209999999999999,0.531999999999999,0.794999999999999,0.116999999999999,0.379999999999999,0.701999999999999,0.964999999999999,0.286999999999999,0.549999999999999,0.871999999999999,0.134999999999999,0.456999999999999,0.719999999999999,0.041999999999999,0.304999999999999,0.626999999999999
522,522,0.361999999999999,0.624999999999999,0.946999999999999,0.209999999999999,0.531999999999999,0.794999999999999,0.116999999999999,0.379999999999999,0.701999999999999,0.964999999999999,0.286999999999999,0.549999999999999,0.871999999999999,0.134999999999999,0.456999999999999,0.719999999999999,0.041999999999999,0.304999999999999,0.626999999999999,0.889999999999999
523,523,0.361999999999999,0.624999999999999,0.946999999999999,0.209999999999999,0.531999999999999,0.794999999999999,0.116999999999999,0.379999999999999,0.701999999999999,0.964999999999999,0.286999999999999,0.549999999999999,0.871999999999999,0.134999999999999,0.456999999999999,0.719999999999999,0.041999999999999,0.304999999999999,0.626999999999999,0.889999999999999
524,524,0.624999999999999,0.946999999999999,0.209999999999999,0.531999999999999,0.794999999999999,0.116999999999999,0.379999999999999,0.701999999999999,0.964999999999999,0.286999999999999,0.549999999999999,0.871999999999999,0.134999999999999,0.456999999999999,0.719999999999999,0.041999999999999,0.304999999999999,0.626999999999999,0.889999999999999,0.211999999999999
525,525,0.624999999999999,0.946999999999999,0.209999999999999,0.531999999999999,0.794999999999999,0.116999999999999,0.379999999999999,0.701999999999999,0.964999999999999,0.286999999999999,0.549999999999999,0.871999999999999,0.134999999999999,0.456999999999999,0.719999999999999,0.041999999999999,0.304999999999999,0.626999999999999,0.889999999999999,0.211999999999999
526,526,0.946999999999999,0.209999999999999,0.531999999999999,0.794999999999999,0.116999999999999,0.379999999999999,0.701999999999999,0.964999999999999,0.286999999999999,0.549999999999999,0.871999999999999,0.134999999999999,0.456999999999999,0.719999999999999,0.041999999999999,0.304999999999999,0.626999999999999,0.889999999999999,0.211999999999999,0.474999999999999
527,527,0.946999999999999,0.209999999999999,0.531999999999999,0.794999999999999,0.116999999999999,0.379999999999999,0.701999999999999,0.964999999999999,0.286999999999999,0.549999999999999,0.871999999999999,0.134999999999999,0.456999999999999,0.719999999999999,0.041999999999999,0.304999999999999,0.626999999999999,0.889999999999999,0.211999999999999,0.474999999999999
528,528,0.209999999999999,0.531999999999999,0.794999999999999,0.116999999999999,0.379999999999999,0.701999999999999,0.964999999999999,0.286999999999999,0.549999999999999,0.871999999999999,0.134999999999999,0.456999999999999,0.719999999999999,0.041999999999999,0.304999999999999,0.626999999999999,0.889999999999999,0.211999999999999,0.474999999999999,0.796999999999999
529,529,0.209999999999999,0.531999999999999,0.794999999999999,0.116999999999999,0.379999999999999,0.701999999999999,0.964999999999999,0.286999999999999,0.549999999999999,0.871999999999999,0.134999999999999,0.456999999999999,0.719999999999999,0.041999999999999,0.304999999999999,0.626999999999999,0.889999999999999,0.211999999999999,0.474999999999999,0.796999999999999
530,530,0.531999999999999,0.794999999999999,0.116999999999999,0.379999999999999,0.701999999999999,0.964999999999999,0.286999999999999,0.549999999999999,0.871999999999999,0.134999999999999,0.456999999999999,0.719999999999999,0.041999999999999,0.304999999999999,0.626999999999999,0.889999999999999,0.211999999999999,0.474999999999999,0.796999999999999,0.059999999999999
531,531,0.531999999999999,0.794999999999999,0.116999999999999,0.379999999999999,0.701999999999999,0.964999999999999,0.286999999999999,0.549999999999999,0.871999999999999,0.134999999999999,0.456999999999999,0.719999999999999,0.041999999999999,0.304999999999999,0.626999999999999,0.889999999999999,0.211999999999999,0.474999999999999,0.796999999999999,0.059999999999999
532,532,0.794999999999999,0.116999999999999,0.379999999999999,0.701999999999999,0.964999999999999,0.286999999999999,0.549999999999999,0.871999999999999,0.134999999999999,0.456999999999999,0.719999999999999,0.041999999999999,0.304999999999999,0.626999999999999,0.889999999999999,0.211999999999999,0.474999999999999,0.796999999999999,0.059999999999999,0.381999999999999
533,533,0.794999999999999,0.116999999999999,0.379999999999999,0.701999999999999,0.964999999999999,0.286999999999999,0.549999999999999,0.871999999999999,0.134999999999999,0.456999999999999,0.719999999999999,0.041999999999999,0.304999999999999,0.626999999999999,0.889999999999999,0.211999999999999,0.474999999999999,0.796999999999999,0.059999999999999,0.381999999999999
534,534,0.116999999999999,0.379999999999999,0.701999999999999,0.964999999999999,0.286999999999999,0.549999999999999,0.871999999999999,0.134999999999999,0.456999999999999,0.719999999999999,0.041999999999999,0.304999999999999,0.626999999999999,0.889999999999999,0.211999999999999,0.474999999999999,0.796999999999999,0.059999999999999,0.381999999999999,0.644999999999999
535,535,0.116999999999999,0.379999999999999,0.701999999999999,0.964999999999999,0.286999999999999,0.549999999999999,0.871999999999999,0.134999999999999,0.456999999999999,0.719999999999999,0.041999999999999,0.304999999999999,0.626999999999999,0.889999999999999,0.211999999999999,0.474999999999999,0.796999999999999,0.059999999999999,0.381999999999999,0.644999999999999
536,536,0.379999999999999,0.701999999999999,0.964999999999999,0.286999999999999,0.549999999999999,0.871999999999999,0.134999999999999,0.456999999999999,0.719999999999999,0.041999999999999,0.304999999999999,0.626999999999999,0.889999999999999,0.211999999999999,0.474999999999999,0.796999999999999,0.059999999999999,0.381999999999999,0.644999999999999,0.966999999999999
537,537,0.379999999999999,0.701999999999999,0.964999999999999,0.286999999999999,0.549999999999999,0.871999999999999,0.134999999999999,0.456999999999999,0.719999999999999,0.041999999999999,0.304999999999999,0.626999999999999,0.889999999999999,0.211999999999999,0.474999999999999,0.796999999999999,0.059999999999999,0.381999999999999,0.644999999999999,0.966999999999999
538,538,0.701999999999999,0.964999999999999,0.286999999999999,0.549999999999999,0.871999999999999,0.134999999999999,0.456999999999999,0.719999999999999,0.041999999999999,0.304999999999999,0.626999999999999,0.889999999999999,0.211999999999999,0.474999999999999,0.796999999999999,0.059999999999999,0.381999999999999,0.644999999999999,0.966999999999999,0.229999999999999
539,539,0.701999999999999,0.964999999999999,0.286999999999999,0.549999999999999,0.871999999999999,0.134999999999999,0.456999999999999,0.719999999999999,0.041999999999999,0.304999999999999,0.626999999999999,0.889999999999999,0.211999999999999,0.474999999999999,0.796999999999999,0.059999999999999,0.381999999999999,0.644999999999999,0.966999999999999,0.229999999999999
540,540,0.964999999999999,0.286999999999999,0.549999999999999,0.871999999999999,0.134999999999999,0.456999999999999,0.719999999999999,0.041999999999999,0.304999999999999,0.626999999999999,0.889999999999999,0.211999999999999,0.474999999999999,0.796999999999999,0.059999999999999,0.381999999999999,0.644999999999999,0.966999999999999,0.229999999999999,0.551999999999999
541,541,0.964999999999999,0.286999999999999,0.549999999999999,0.871999999999999,0.134999999999999,0.456999999999999,0.719999999999999,0.041999999999999,0.304999999999999,0.626999999999999,0.889999999999999,0.211999999999999,0.474999999999999,0.796999999999999,0.059999999999999,0.381999999999999,0.644999999999999,0.966999999999999,0.229999999999999,0.551999999999999
542,542,0.286999999999999,0.549999999999999,0.871999999999999,0.134999999999999,0.456999999999999,0.719999999999999,0.041999999999999,0.304999999999999,0.626999999999999,0.889999999999999,0.211999999999999,0.474999999999999,0.796999999999999,0.059999999999999,0.381999999999999,0.644999999999999,0.966999999999999,0.229999999999999,0.551999999999999,0.814999999999999
543,543,0.286999999999999,0.549999999999999,0.871999999999999,0.134999999999999,0.456999999999999,0.719999999999999,0.041999999999999,0.304999999999999,0.626999999999999,0.889999999999999,0.211999999999999,0.474999999999999,0.796999999999999,0.059999999999999,0.381999999999999,0.644999999999999,0.966999999999999,0.229999999999999,0.551999999999999,0.814999999999999
544,544,0.549999999999999,0.871999999999999,0.134999999999999,0.456999999999999,0.719999999999999,0.041999999999999,0.304999999999999,0.626999999999999,0.889999999999999,0.211999999999999,0.474999999999999,0.796999999999999,0.059999999999999,0.381999999999999,0.644999999999999,0.966999999999999,0.229999999999999,0.551999999999999,0.814999999999999,0.136999999999999
545,545,0.549999999999999,0.871999999999999,0.134999999999999,0.456999999999999,0.719999999999999,0.041999999999999,0.304999999999999,0.626999999999999,0.889999999999999,0.211999999999999,0.474999999999999,0.796999999999999,0.059999999999999,0.381999999999999,0.644999999999999,0.966999999999999,0.229999999999999,0.551999999999999,0.814999999999999,0.136999999999999
546,546,0.871999999999999,0.134999999999999,0.456999999999999,0.719999999999999,0.041999999999999,0.304999999999999,0.626999999999999,0.889999999999999,0.211999999999999,0.474999999999999,0.796999999999999,0.059999999999999,0.381999999999999,0.644999999999999,0.966999999999999,0.229999999999999,0.551999999999999,0.814999999999999,0.136999999999999,0.399999999999999
547,547,0.871999999999999,0.134999999999999,0.456999999999999,0.719999999999999,0.041999999999999,0.304999999999999,0.626999999999999,0.889999999999999,0.211999999999999,0.474999999999999,0.796999999999999,0.059999999999999,0.381999999999999,0.644999999999999,0.966999999999999,0.229999999999999,0.551999999999999,0.814999999999999,0.136999999999999,0.399999999999999
548,548,0.134999999999999,0.456999999999999,0.719999999999999,0.041999999999999,0.304999999999999,0.626999999999999,0.889999999999999,0.211999999999999,0.474999999999999,0.796999999999999,0.059999999999999,0.381999999999999,0.644999999999999,0.966999999999999,0.229999999999999,0.551999999999999,0.814999999999999,0.136999999999999,0.399999999999999,0.721999999999999
549,549,0.134999999999999,0.456999999999999,0.719999999999999,0.041999999999999,0.304999999999999,0.626999999999999,0.889999999999999,0.211999999999999,0.474999999999999,0.796999999999999,0.059999999999999,0.381999999999999,0.644999999999999,0.966999999999999,0.229999999999999,0.551999999999999,0.814999999999999,0.136999999999999,0.399999999999999,0.721999999999999
550,550,0.456999999999999,0.719999999999999,0.041999999999999,0.304999999999999,0.626999999999999,0.889999999999999,0.211999999999999,0.474999999999999,0.796999999999999,0.059999999999999,0.381999999999999,0.644999999999999,0.966999999999999,0.229999999999999,0.551999999999999,0.814999999999999,0.136999999999999,0.399999999999999,0.721999999999999,0.984999999999999
551,551,0.456999999999999,0.719999999999999,0.041999999999999,0.304999999999999,0.626999999999999,0.889999999999999,0.211999999999999,0.474999999999999,0.796999999999999,0.059999999999999,0.381999999999999,0.644999999999999,0.966999999999999,0.229999999999999,0.551999999999999,0.814999999999999,0.136999999999999,0.399999999999999,0.721999999999999,0.984999999999999
552,552,0.719999999999999,0.041999999999999,0.304999999999999,0.626999999999999,0.889999999999999,0.211999999999999,0.474999999999999,0.796999999999999,0.059999999999999,0.381999999999999,0.644999999999999,0.966999999999999,0.229999999999999,0.551999999999999,0.814999999999999,0.136999999999999,0.399999999999999,0.721999999999999,0.984999999999999,0.306999999999999
553,553,0.719999999999999,0.041999999999999,0.304999999999999,0.626999999999999,0.889999999999999,0.211999999999999,0.474999999999999,0.796999999999999,0.059999999999999,0.381999999999999,0.644999999999999,0.966999999999999,0.229999999999999,0.551999999999999,0.814999999999999,0.136999999999999,0.399999999999999,0.721999999999999,0.984999999999999,0.306999999999999
554,554,0.041999999999999,0.304999999999999,0.626999999999999,0.889999999999999,0.211999999999999,0.474999999999999,0.796999999999999,0.059999999999999,0.381999999999999,0.644999999999999,0.966999999999999,0.229999999999999,0.551999999999999,0.814999999999999,0.136999999999999,0.399999999999999,0.721999999999999,0.984999999999999,0.306999999999999,0.569999999999999
555,555,0.041999999999999,0.304999999999999,0.626999999999999,0.889999999999999,0.211999999999999,0.474999999999999,0.796999999999999,0.059999999999999,0.381999999999999,0.644999999999999,0.966999999999999,0.229999999999999,0.551999999999999,0.814999999999999,0.136999999999999,0.399999999999999,0.721999999999999,0.984999999999999,0.306999999999999,0.569999999999999
556,556,0.304999999999999,0.626999999999999,0.889999999999999,0.211999999999999,0.474999999999999,0.796999999999999,0.059999999999999,0.381999999999999,0.644999999999999,0.966999999999999,0.229999999999999,0.551999999999999,0.814999999999999,0.136999999999999,0.399999999999999,0.721999999999999,0.984999999999999,0.306999999999999,0.569999999999999,0.891999999999999
557,557,0.304999999999999,0.626999999999999,0.889999999999999,0.211999999999999,0.474999999999999,0.796999999999999,0.059999999999999,0.381999999999999,0.644999999999999,0.966999999999999,0.229999999999999,0.551999999999999,0.814999999999999,0.136999999999999,0.399999999999999,0.721999999999999,0.984999999999999,0.306999999999999,0.569999999999999,0.891999999999999
558,558,0.626999999999999,0.889999999999999,0.211999999999999,0.474999999999999,0.796999999999999,0.059999999999999,0.381999999999999,0.644999999999999,0.966999999999999,0.229999999999999,0.551999999999999,0.814999999999999,0.136999999999999,0.399999999999999,0.721999999999999,0.984999999999999,0.306999999999999,0.569999999999999,0.891999999999999,0.154999999999998
559,559,0.626999999999999,0.889999999999999,0.211999999999999,0.474999999999999,0.796999999999999,0.059999999999999,0.381999999999999,0.644999999999999,0.966999999999999,0.229999999999999,0.551999999999999,0.814999999999999,0.136999999999999,0.399999999999999,0.721999999999999,0.984999999999999,0.306999999999999,0.569999999999999,0.891999999999999,0.154999999999998
560,560,0.889999999999999,0.211999999999999,0.474999999999999,0.796999999999999,0.059999999999999,0.381999999999999,0.644999999999999,0.966999999999999,0.229999999999999,0.551999999999999,0.814999999999999,0.136999999999999,0.399999999999999,0.721999999999999,0.984999999999999,0.306999999999999,0.569999999999999,0.891999999999999,0.154999999999998,0.476999999999998
561,561,0.889999999999999,0.211999999999999,0.474999999999999,0.796999999999999,0.059999999999999,0.381999999999999,0.644999999999999,0.966999999999999,0.229999999999999,0.551999999999999,0.814999999999999,0.136999999999999,0.399999999999999,0.721999999999999,0.984999999999999,0.306999999999999,0.569999999999999,0.891999999999999,0.154999999999998,0.476999999999998
562,562,0.211999999999999,0.474999999999999,0.796999999999999,0.059999999999999,0.381999999999999,0.644999999999999,0.966999999999999,0.229999999999999,0.551999999999999,0.814999999999999,0.136999999999999,0.399999999999999,0.721999999999999,0.984999999999999,0.306999999999999,0.569999999999999,0.891999999999999,0.154999999999998,0.476999999999998,0.739999999999998
563,563,0.211999999999999,0.474999999999999,0.796999999999999,0.059999999999999,0.381999999999999,0.644999999999999,0.966999999999999,0.229999999999999,0.551999999999999,0.814999999999999,0.136999999999999,0.399999999999999,0.721999999999999,0.984999999999999,0.306999999999999,0.569999999999999,0.891999999999999,0.154999999999998,0.476999999999998,0.739999999999998
564,564,0.474999999999999,0.796999999999999,0.059999999999999,0.381999999999999,0.644999999999999,0.966999999999999,0.229999999999999,0.551999999999999,0.814999999999999,0.136999999999999,0.399999999999999,0.721999999999999,0.984999999999999,0.306999999999999,0.569999999999999,0.891999999999999,0.154999999999998,0.476999999999998,0.739999999999998,0.061999999999999
565,565,0.474999999999999,0.796999999999999,0.059999999999999,0.381999999999999,0.644999999999999,0.966999999999999,0.229999999999999,0.551999999999999,0.814999999999999,0.136999999999999,0.399999999999999,0.721999999999999,0.984999999999999,0.306999999999999,0.569999999999999,0.891999999999999,0.154999999999998,0.476999999999998,0.739999999999998,0.061999999999999
566,566,0.796999999999999,0.059999999999999,0.381999999999999,0.644999999999999,0.966999999999999,0.229999999999999,0.551999999999999,0.814999999999999,0.136999999999999,0.399999999999999,0.721999999999999,0.984999999999999,0.306999999999999,0.569999999999999,0.891999999999999,0.154999999999998,0.476999999999998,0.739999999999998,0.061999999999999,0.324999999999998
567,567,0.796999999999999,0.059999999999999,0.381999999999999,0.644999999999999,0.966999999999999,0.229999999999999,0.551999999999999,0.814999999999999,0.136999999999999,0.399999999999999,0.721999999999999,0.984999999999999,0.306999999999999,0.569999999999999,0.891999999999999,0.154999999999998,0.476999999999998,0.739999999999998,0.061999999999999,0.324999999999998
568,568,0.059999999999999,0.381999999999999,0.644999999999999,0.966999999999999,0.229999999999999,0.551999999999999,0.814999999999999,0.136999999999999,0.399999999999999,0.721999999999999,0.984999999999999,0.306999999999999,0.569999999999999,0.891999999999999,0.154999999999998,0.476999999999998,0.739999999999998,0.061999999999999,0.324999999999998,0.646999999999998
569,569,0.059999999999999,0.381999999999999,0.644999999999999,0.966999999999999,0.229999999999999,0.551999999999999,0.814999999999999,0.136999999999999,0.399999999999999,0.721999999999999,0.984999999999999,0.306999999999999,0.569999999999999,0.891999999999999,0.154999999999998,0.476999999999998,0.739999999999998,0.061999999999999,0.324999999999998,0.646999999999998
570,570,0.381999999999999,0.644999999999999,0.966999999999999,0.229999999999999,0.551999999999999,0.814999999999999,0.136999999999999,0.399999999999999,0.721999999999999,0.984999999999999,0.306999999999999,0.569999999999999,0.891999999999999,0.154999999999998,0.476999999999998,0.739999999999998,0.061999999999999,0.324999999999998,0.646999999999998,0.909999999999998
571,571,0.381999999999999,0.644999999999999,0.966999999999999,0.229999999999999,0.551999999999999,0.814999999999999,0.136999999999999,0.399999999999999,0.721999999999999,0.984999999999999,0.306999999999999,0.569999999999999,0.891999999999999,0.154999999999998,0.476999999999998,0.739999999999998,0.061999999999999,0.324999999999998,0.646999999999998,0.909999999999998
572,572,0.644999999999999,0.966999999999999,0.229999999999999,0.551999999999999,0.814999999999999,0.136999999999999,0.399999999999999,0.721999999999999,0.984999999999999,0.306999999999999,0.569999999999999,0.891999999999999,0.154999999999998,0.476999999999998,0.739999999999998,0.061999999999999,0.324999999999998,0.646999999999998,0.909999999999998,0.231999999999998
573,573,0.644999999999999,0.966999999999999,0.229999999999999,0.551999999999999,0.814999999999999,0.136999999999999,0.399999999999999,0.721999999999999,0.984999999999999,0.306999999999999,0.569999999999999,0.891999999999999,0.154999999999998,0.476999999999998,0.739999999999998,0.061999999999999,0.324999999999998,0.646999999999998,0.909999999999998,0.231999999999998
574,574,0.966999999999999,0.229999999999999,0.551999999999999,0.814999999999999,0.136999999999999,0.399999999999999,0.721999999999999,0.984999999999999,0.306999999999999,0.569999999999999,0.891999999999999,0.154999999999998,0.476999999999998,0.739999999999998,0.061999999999999,0.324999999999998,0.646999999999998,0.909999999999998,0.231999999999998,0.494999999999998
575,575,0.966999999999999,0.229999999999999,0.551999999999999,0.814999999999999,0.136999999999999,0.399999999999999,0.721999999999999,0.984999999999999,0.306999999999999,0.569999999999999,0.891999999999999,0.154999999999998,0.476999999999998,0.739999999999998,0.061999999999999,0.324999999999998,0.646999999999998,0.909999999999998,0.231999999999998,0.494999999999998
576,576,0.229999999999999,0.551999999999999,0.814999999999999,0.136999999999999,0.399999999999999,0.721999999999999,0.984999999999999,0.306999999999999,0.569999999999999,0.891999999999999,0.154999999999998,0.476999999999998,0.739999999999998,0.061999999999999,0.324999999999998,0.646999999999998,0.909999999999998,0.231999999999998,0.494999999999998,0.816999999999998
577,577,0.229999999999999,0.551999999999999,0.814999999999999,0.136999999999999,0.399999999999999,0.721999999999999,0.984999999999999,0.306999999999999,0.569999999999999,0.891999999999999,0.154999999999998,0.476999999999998,0.739999999999998,0.061999999999999,0.324999999999998,0.646999999999998,0.909999999999998,0.231999999999998,0.494999999999998,0.816999999999998
578,578,0.551999999999999,0.814999999999999,0.136999999999999,0.399999999999999,0.721999999999999,0.984999999999999,0.306999999999999,0.569999999999999,0.891999999999999,0.154999999999998,0.476999999999998,0.739999999999998,0.061999999999999,0.324999999999998,0.646999999999998,0.909999999999998,0.231999999999998,0.494999999999998,0.816999999999998,0.079999999999998
579,579,0.551999999999999,0.814999999999999,0.136999999999999,0.399999999999999,0.721999999999999,0.984999999999999,0.306999999999999,0.569999999999999,0.891999999999999,0.154999999999998,0.476999999999998,0.739999999999998,0.061999999999999,0.324999999999998,0.646999999999998,0.909999999999998,0.231999999999998,0.494999999999998,0.816999999999998,0.079999999999998
580,580,0.814999999999999,0.136999999999999,0.399999999999999,0.721999999999999,0.984999999999999,0.306999999999999,0.569999999999999,0.891999999999999,0.154999999999998,0.476999999999998,0.739999999999998,0.061999999999999,0.324999999999998,0.646999999999998,0.909999999999998,0.231999999999998,0.494999999999998,0.816999999999998,0.079999999999998,0.401999999999998
581,581,0.814999999999999,0.136999999999999,0.399999999999999,0.721999999999999,0.984999999999999,0.306999999999999,0.569999999999999,0.891999999999999,0.154999999999998,0.476999999999998,0.739999999999998,0.061999999999999,0.324999999999998,0.646999999999998,0.909999999999998,0.231999999999998,0.494999999999998,0.816999999999998,0.079999999999998,0.401999999999998
582,582,0.136999999999999,0.399999999999999,0.721999999999999,0.984999999999999,0.306999999999999,0.569999999999999,0.891999999999999,0.154999999999998,0.476999999999998,0.739999999999998,0.061999999999999,0.324999999999998,0.646999999999998,0.909999999999998,0.231999999999998,0.494999999999998,0.816999999999998,0.079999999999998,0.401999999999998,0.664999999999998
583,583,0.136999999999999,0.399999999999999,0.721999999999999,0.984999999999999,0.306999999999999,0.569999999999999,0.891999999999999,0.154999999999998,0.476999999999998,0.739999999999998,0.061999999999999,0.324999999999998,0.646999999999998,0.909999999999998,0.231999999999998,0.494999999999998,0.816999999999998,0.079999999999998,0.401999999999998,0.664999999999998
584,584,0.399999999999999,0.721999999999999,0.984999999999999,0.306999999999999,0.569999999999999,0.891999999999999,0.154999999999998,0.476999999999998,0.739999999999998,0.061999999999999,0.324999999999998,0.646999999999998,0.909999999999998,0.231999999999998,0.494999999999998,0.816999999999998,0.079999999999998,0.401999999999998,0.664999999999998,0.986999999999998
585,585,0.399999999999999,0.721999999999999,0.984999999999999,0.306999999999999,0.569999999999999,0.891999999999999,0.154999999999998,0.476999999999998,0.739999999999998,0.061999999999999,0.324999999999998,0.646999999999998,0.909999999999998,0.231999999999998,0.494999999999998,0.816999999999998,0.079999999999998,0.401999999999998,0.664999999999998,0.986999999999998
586,586,0.721999999999999,0.984999999999999,0.306999999999999,0.569999999999999,0.891999999999999,0.154999999999998,0.476999999999998,0.739999999999998,0.061999999999999,0.324999999999998,0.646999999999998,0.909999999999998,0.231999999999998,0.494999999999998,0.816999999999998,0.079999999999998,0.401999999999998,0.664999999999998,0.986999999999998,0.249999999999998
587,587,0.721999999999999,0.984999999999999,0.306999999999999,0.569999999999999,0.891999999999999,0.154999999999998,0.476999999999998,0.739999999999998,0.061999999999999,0.324999999999998,0.646999999999998,0.909999999999998,0.231999999999998,0.494999999999998,0.816999999999998,0.079999999999998,0.401999999999998,0.664999999999998,0.986999999999998,0.249999999999998
588,588,0.984999999999999,0.306999999999999,0.569999999999999,0.891999999999999,0.154999999999998,0.476999999999998,0.739999999999998,0.061999999999999,0.324999999999998,0.646999999999998,0.909999999999998,0.231999999999998,0.494999999999998,0.816999999999998,0.079999999999998,0.401999999999998,0.664999999999998,0.986999999999998,0.249999999999998,0.571999999999998
589,589,0.984999999999999,0.306999999999999,0.569999999999999,0.891999999999999,0.154999999999998,0.476999999999998,0.739999999999998,0.061999999999999,0.324999999999998,0.646999999999998,0.909999999999998,0.231999999999998,0.494999999999998,0.816999999999998,0.079999999999998,0.401999999999998,0.664999999999998,0.986999999999998,0.249999999999998,0.571999999999998
590,590,0.306999999999999,0.569999999999999,0.891999999999999,0.154999999999998,0.476999999999998,0.739999999999998,0.061999999999999,0.324999999999998,0.646999999999998,0.909999999999998,0.231999999999998,0.494999999999998,0.816999999999998,0.079999999999998,0.401999999999998,0.664999999999998,0.986999999999998,0.249999999999998,0.571999999999998,0.834999999999998
591,591,0.306999999999999,0.569999999999999,0.891999999999999,0.154999999999998,0.476999999999998,0.739999999999998,0.061999999999999,0.324999999999998,0.646999999999998,0.909999999999998,0.231999999999998,0.494999999999998,0.816999999999998,0.079999999999998,0.401999999999998,0.664999999999998,0.986999999999998,0.249999999999998,0.571999999999998,0.834999999999998
592,592,0.569999999999999,0.891999999999999,0.154999999999998,0.476999999999998,0.739999999999998,0.061999999999999,0.324999999999998,0.646999999999998,0.909999999999998,0.231999999999998,0.494999999999998,0.816999999999998,0.079999999999998,0.401999999999998,0.664999999999998,0.986999999999998,0.249999999999998,0.571999999999998,0.834999999999998,0.156999999999998
593,593,0.569999999999999,0.891999999999999,0.154999999999998,0.476999999999998,0.739999999999998,0.061999999999999,0.324999999999998,0.646999999999998,0.909999999999998,0.231999999999998,0.494999999999998,0.816999999999998,0.079999999999998,0.401999999999998,0.664999999999998,0.986999999999998,0.249999999999998,0.571999999999998,0.834999999999998,0.156999999999998
594,594,0.891999999999999,0.154999999999998,0.476999999999998,0.739999999999998,0.061999999999999,0.324999999999998,0.646999999999998,0.909999999999998,0.231999999999998,0.494999999999998,0.816999999999998,0.079999999999998,0.401999999999998,0.664999999999998,0.986999999999998,0.249999999999998,0.571999999999998,0.834999999999998,0.156999999999998,0.419999999999998
595,595,0.891999999999999,0.154999999999998,0.476999999999998,0.739999999999998,0.061999999999999,0.324999999999998,0.646999999999998,0.909999999999998,0.231999999999998,0.494999999999998,0.816999999999998,0.079999999999998,0.401999999999998,0.664999999999998,0.986999999999998,0.249999999999998,0.571999999999998,0.834999999999998,0.156999999999998,0.419999999999998
596,596,0.154999999999998,0.476999999999998,0.739999999999998,0.061999999999999,0.324999999999998,0.646999999999998,0.909999999999998,0.231999999999998,0.494999999999998,0.816999999999998,0.079999999999998,0.401999999999998,0.664999999999998,0.986999999999998,0.249999999999998,0.571999999999998,0.834999999999998,0.156999999999998,0.419999999999998,0.741999999999998
597,597,0.154999999999998,0.476999999999998,0.739999999999998,0.061999999999999,0.324999999999998,0.646999999999998,0.909999999999998,0.231999999999998,0.494999999999998,0.816999999999998,0.079999999999998,0.401999999999998,0.664999999999998,0.986999999999998,0.249999999999998,0.571999999999998,0.834999999999998,0.156999999999998,0.419999999999998,0.741999999999998
598,598,0.476999999999998,0.739999999999998,0.061999999999999,0.324999999999998,0.646999999999998,0.909999999999998,0.231999999999998,0.494999999999998,0.816999999999998,0.079999999999998,0.401999999999998,0.664999999999998,0.986999999999998,0.249999999999998,0.571999999999998,0.834999999999998,0.156999999999998,0.419999999999998,0.741999999999998,0.004999999999998
599,599,0.476999999999998,0.739999999999998,0.061999999999999,0.324999999999998,0.646999999999998,0.909999999999998,0.231999999999998,0.494999999999998,0.816999999999998,0.079999999999998,0.401999999999998,0.664999999999998,0.986999999999998,0.249999999999998,0.571999999999998,0.834999999999998,0.156999999999998,0.419999999999998,0.741999999999998,0.004999999999998
600,600,0.739999999999998,0.061999999999999,0.324999999999998,0.646999999999998,0.909999999999998,0.231999999999998,0.494999999999998,0.816999999999998,0.079999999999998,0.401999999999998,0.664999999999998,0.986999999999998,0.249999999999998,0.571999999999998,0.834999999999998,0.156999999999998,0.419999999999998,0.741999999999998,0.004999999999998,0.326999999999998
601,601,0.739999999999998,0.061999999999999,0.324999999999998,0.646999999999998,0.909999999999998,0.231999999999998,0.494999999999998,0.816999999999998,0.079999999999998,0.401999999999998,0.664999999999998,0.986999999999998,0.249999999999998,0.571999999999998,0.834999999999998,0.156999999999998,0.419999999999998,0.741999999999998,0.004999999999998,0.326999999999998
602,602,0.061999999999999,0.324999999999998,0.646999999999998,0.909999999999998,0.231999999999998,0.494999999999998,0.816999999999998,0.079999999999998,0.401999999999998,0.664999999999998,0.986999999999998,0.249999999999998,0.571999999999998,0.834999999999998,0.156999999999998,0.419999999999998,0.741999999999998,0.004999999999998,0.326999999999998,0.589999999999998
603,603,0.061999999999999,0.324999999999998,0.646999999999998,0.909999999999998,0.231999999999998,0.494999999999998,0.816999999999998,0.079999999999998,0.401999999999998,0.664999999999998,0.986999999999998,0.249999999999998,0.571999999999998,0.834999999999998,0.156999999999998,0.419999999999998,0.741999999999998,0.004999999999998,0.326999999999998,0.589999999999998
604,604,0.324999999999998,0.646999999999998,0.909999999999998,0.231999999999998,0.494999999999998,0.816999999999998,0.079999999999998,0.401999999999998,0.664999999999998,0.986999999999998,0.249999999999998,0.571999999999998,0.834999999999998,0.156999999999998,0.419999999999998,0.741999999999998,0.004999999999998,0.326999999999998,0.589999999999998,0.911999999999998
605,605,0.324999999999998,0.646999999999998,0.909999999999998,0.231999999999998,0.494999999999998,0.816999999999998,0.079999999999998,0.401999999999998,0.664999999999998,0.986999999999998,0.249999999999998,0.571999999999998,0.834999999999998,0.156999999999998,0.419999999999998,0.741999999999998,0.004999999999998,0.326999999999998,0.589999999999998,0.911999999999998
606,606,0.646999999999998,0.909999999999998,0.231999999999998,0.494999999999998,0.816999999999998,0.079999999999998,0.401999999999998,0.664999999999998,0.986999999999998,0.249999999999998,0.571999999999998,0.834999999999998,0.156999999999998,0.419999999999998,0.741999999999998,0.004999999999998,0.326999999999998,0.589999999999998,0.911999999999998,0.174999999999998
607,607,0.646999999999998,0.909999999999998,0.231999999999998,0.494999999999998,0.816999999999998,0.079999999999998,0.401999999999998,0.664999999999998,0.986999999999998,0.249999999999998,0.571999999999998,0.834999999999998,0.156999999999998,0.419999999999998,0.741999999999998,0.004999999999998,0.326999999999998,0.589999999999998,0.911999999999998,0.174999999999998
608,608,0.909999999999998,0.231999999999998,0.494999999999998,0.816999999999998,0.079999999999998,0.401999999999998,0.664999999999998,0.986999999999998,0.249999999999998,0.571999999999998,0.834999999999998,0.156999999999998,0.419999999999998,0.741999999999998,0.004999999999998,0.326999999999998,0.589999999999998,0.911999999999998,0.174999999999998,0.496999999999998
609,609,0.909999999999998,0.231999999999998,0.494999999999998,0.816999999999998,0.079999999999998,0.401999999999998,0.664999999999998,0.986999999999998,0.249999999999998,0.571999999999998,0.834999999999998,0.156999999999998,0.419999999999998,0.741999999999998,0.004999999999998,0.326999999999998,0.589999999999998,0.911999999999998,0.174999999999998,0.496999999999998
610,610,0.231999999999998,0.494999999999998,0.816999999999998,0.079999999999998,0.401999999999998,0.664999999999998,0.986999999999998,0.249999999999998,0.571999999999998,0.834999999999998,0.156999999999998,0.419999999999998,0.741999999999998,0.004999999999998,0.326999999999998,0.589999999999998,0.911999999999998,0.174999999999998,0.496999999999998,0.759999999999998
611,611,0.231999999999998,0.494999999999998,0.816999999999998,0.079999999999998,0.401999999999998,0.664999999999998,0.986999999999998,0.249999999999998,0.571999999999998,0.834999999999998,0.156999999999998,0.419999999999998,0.741999999999998,0.004999999999998,0.326999999999998,0.589999999999998,0.911999999999998,0.174999999999998,0.496999999999998,0.759999999999998
612,612,0.494999999999998,0.816999999999998,0.079999999999998,0.401999999999998,0.664999999999998,0.986999999999998,0.249999999999998,0.571999999999998,0.834999999999998,0.156999999999998,0.419999999999998,0.741999999999998,0.004999999999998,0.326999999999998,0.589999999999998,0.911999999999998,0.174999999999998,0.496999999999998,0.759999999999998,0.081999999999998
613,613,0.494999999999998,0.816999999999998,0.079999999999998,0.401999999999998,0.664999999999998,0.986999999999998,0.249999999999998,0.571999999999998,0.834999999999998,0.156999999999998,0.419999999999998,0.741999999999998,0.004999999999998,0.326999999999998,0.589999999999998,0.911999999999998,0.174999999999998,0.496999999999998,0.759999999999998,0.081999999999998
614,614,0.816999999999998,0.079999999999998,0.401999999999998,0.664999999999998,0.986999999999998,0.249999999999998,0.571999999999998,0.834999999999998,0.156999999999998,0.419999999999998,0.741999999999998,0.004999999999998,0.326999999999998,0.589999999999998,0.911999999999998,0.174999999999998,0.496999999999998,0.759999999999998,0.081999999999998,0.344999999999998
615,615,0.816999999999998,0.079999999999998,0.401999999999998,0.664999999999998,0.986999999999998,0.249999999999998,0.571999999999998,0.834999999999998,0.156999999999998,0.419999999999998,0.741999999999998,0.004999999999998,0.326999999999998,0.589999999999998,0.911999999999998,0.174999999999998,0.496999999999998,0.759999999999998,0.081999999999998,0.344999999999998
616,616,0.079999999999998,0.401999999999998,0.664999999999998,0.986999999999998,0.249999999999998,0.571999999999998,0.834999999999998,0.156999999999998,0.419999999999998,0.741999999999998,0.004999999999998,0.326999999999998,0.589999999999998,0.911999999999998,0.174999999999998,0.496999999999998,0.759999999999998,0.081999999999998,0.344999999999998,0.666999999999998
617,617,0.079999999999998,0.401999999999998,0.664999999999998,0.986999999999998,0.249999999999998,0.571999999999998,0.834999999999998,0.156999999999998,0.419999999999998,0.741999999999998,0.004999999999998,0.326999999999998,0.589999999999998,0.911999999999998,0.174999999999998,0.496999999999998,0.759999999999998,0.081999999999998,0.344999999999998,0.666999999999998
618,618,0.401999999999998,0.664999999999998,0.986999999999998,0.249999999999998,0.571999999999998,0.834999999999998,0.156999999999998,0.419999999999998,0.741999999999998,0.004999999999998,0.326999999999998,0.589999999999998,0.911999999999998,0.174999999999998,0.496999999999998,0.759999999999998,0.081999999999998,0.344999999999998,0.666999999999998,0.929999999999998
619,619,0.401999999999998,0.664999999999998,0.986999999999998,0.249999999999998,0.571999999999998,0.834999999999998,0.156999999999998,0.419999999999998,0.741999999999998,0.004999999999998,0.326999999999998,0.589999999999998,0.911999999999998,0.174999999999998,0.496999999999998,0.759999999999998,0.081999999999998,0.344999999999998,0.666999999999998,0.929999999999998
620,620,0.664999999999998,0.986999999999998,0.249999999999998,0.571999999999998,0.834999999999998,0.156999999999998,0.419999999999998,0.741999999999998,0.004999999999998,0.326999999999998,0.589999999999998,0.911999999999998,0.174999999999998,0.496999999999998,0.759999999999998,0.081999999999998,0.344999999999998,0.666999999999998,0.929999999999998,0.251999999999998
621,621,0.664999999999998,0.986999999999998,0.249999999999998,0.571999999999998,0.834999999999998,0.156999999999998,0.419999999999998,0.741999999999998,0.004999999999998,0.326999999999998,0.589999999999998,0.911999999999998,0.174999999999998,0.496999999999998,0.759999999999998,0.081999999999998,0.344999999999998,0.666999999999998,0.929999999999998,0.251999999999998
622,622,0.986999999999998,0.249999999999998,0.571999999999998,0.834999999999998,0.156999999999998,0.419999999999998,0.741999999999998,0.004999999999998,0.326999999999998,0.589999999999998,0.911999999999998,0.174999999999998,0.496999999999998,0.759999999999998,0.081999999999998,0.344999999999998,0.666999999999998,0.929999999999998,0.251999999999998,0.514999999999998
623,623,0.986999999999998,0.249999999999998,0.571999999999998,0.834999999999998,0.156999999999998,0.419999999999998,0.741999999999998,0.004999999999998,0.326999999999998,0.589999999999998,0.911999999999998,0.174999999999998,0.496999999999998,0.759999999999998,0.081999999999998,0.344999999999998,0.666999999999998,0.929999999999998,0.251999999999998,0.514999999999998
624,624,0.249999999999998,0.571999999999998,0.834999999999998,0.156999999999998,0.419999999999998,0.741999999999998,0.004999999999998,0.326999999999998,0.589999999999998,0.911999999999998,0.174999999999998,0.496999999999998,0.759999999999998,0.081999999999998,0.344999999999998,0.666999999999998,0.929999999999998,0.251999999999998,0.514999999999998,0.836999999999998
625,625,0.249999999999998,0.571999999999998,0.834999999999998,0.156999999999998,0.419999999999998,0.741999999999998,0.004999999999998,0.326999999999998,0.589999999999998,0.911999999999998,0.174999999999998,0.496999999999998,0.759999999999998,0.081999999999998,0.344999999999998,0.666999999999998,0.929999999999998,0.251999999999998,0.514999999999998,0.836999999999998
626,626,0.571999999999998,0.834999999999998,0.156999999999998,0.419999999999998,0.741999999999998,0.004999999999998,0.326999999999998,0.589999999999998,0.911999999999998,0.174999999999998,0.496999999999998,0.759999999999998,0.081999999999998,0.344999999999998,0.666999999999998,0.929999999999998,0.251999999999998,0.514999999999998,0.836999999999998,0.099999999999998
627,627,0.571999999999998,0.834999999999998,0.156999999999998,0.419999999999998,0.741999999999998,0.004999999999998,0.326999999999998,0.589999999999998,0.911999999999998,0.174999999999998,0.496999999999998,0.759999999999998,0.081999999999998,0.344999999999998,0.666999999999998,0.929999999999998,0.251999999999998,0.514999999999998,0.836999999999998,0.099999999999998
628,628,0.834999999999998,0.156999999999998,0.419999999999998,0.741999999999998,0.004999999999998,0.326999999999998,0.589999999999998,0.911999999999998,0.174999999999998,0.496999999999998,0.759999999999998,0.081999999999998,0.344999999999998,0.666999999999998,0.929999999999998,0.251999999999998,0.514999999999998,0.836999999999998,0.099999999999998,0.421999999999998
629,629,0.834999999999998,0.156999999999998,0.419999999999998,0.741999999999998,0.004999999999998,0.326999999999998,0.589999999999998,0.911999999999998,0.174999999999998,0.496999999999998,0.759999999999998,0.081999999999998,0.344999999999998,0.666999999999998,0.929999999999998,0.251999999999998,0.514999999999998,0.836999999999998,0.099999999999998,0.421999999999998
630,630,0.156999999999998,0.419999999999998,0.741999999999998,0.004999999999998,0.326999999999998,0.589999999999998,0.911999999999998,0.174999999999998,0.496999999999998,0.759999999999998,0.081999999999998,0.344999999999998,0.666999999999998,0.929999999999998,0.251999999999998,0.514999999999998,0.836999999999998,0.099999999999998,0.421999999999998,0.684999999999998
631,631,0.156999999999998,0.419999999999998,0.741999999999998,0.004999999999998,0.326999999999998,0.589999999999998,0.911999999999998,0.174999999999998,0.496999999999998,0.759999999999998,0.081999999999998,0.344999999999998,0.666999999999998,0.929999999999998,0.251999999999998,0.514999999999998,0.836999999999998,0.099999999999998,0.421999999999998,0.684999999999998
632,632,0.419999999999998,0.741999999999998,0.004999999999998,0.326999999999998,0.589999999999998,0.911999999999998,0.174999999999998,0.496999999999998,0.759999999999998,0.081999999999998,0.344999999999998,0.666999999999998,0.929999999999998,0.251999999999998,0.514999999999998,0.836999999999998,0.099999999999998,0.421999999999998,0.684999999999998,0.006999999999998
633,633,0.419999999999998,0.741999999999998,0.004999999999998,0.326999999999998,0.589999999999998,0.911999999999998,0.174999999999998,0.496999999999998,0.759999999999998,0.081999999999998,0.344999999999998,0.666999999999998,0.929999999999998,0.251999999999998,0.514999999999998,0.836999999999998,0.099999999999998,0.421999999999998,0.684999999999998,0.006999999999998
634,634,0.741999999999998,0.004999999999998,0.326999999999998,0.589999999999998,0.911999999999998,0.174999999999998,0.496999999999998,0.759999999999998,0.081999999999998,0.344999999999998,0.666999999999998,0.929999999999998,0.251999999999998,0.514999999999998,0.836999999999998,0.099999999999998,0.421999999999998,0.684999999999998,0.006999999999998,0.269999999999998
635,635,0.741999999999998,0.004999999999998,0.326999999999998,0.589999999999998,0.911999999999998,0.174999999999998,0.496999999999998,0.759999999999998,0.081999999999998,0.344999999999998,0.666999999999998,0.929999999999998,0.251999999999998,0.514999999999998,0.836999999999998,0.099999999999998,0.421999999999998,0.684999999999998,0.006999999999998,0.269999999999998
636,636,0.004999999999998,0.326999999999998,0.589999999999998,0.911999999999998,0.174999999999998,0.496999999999998,0.759999999999998,0.081999999999998,0.344999999999998,0.666999999999998,0.929999999999998,0.251999999999998,0.514999999999998,0.836999999999998,0.099999999999998,0.421999999999998,0.684999999999998,0.006999999999998,0.269999999999998,0.591999999999998
637,637,0.004999999999998,0.326999999999998,0.589999999999998,0.911999999999998,0.174999999999998,0.496999999999998,0.759999999999998,0.081999999999998,0.344999999999998,0.666999999999998,0.929999999999998,0.251999999999998,0.514999999999998,0.836999999999998,0.099999999999998,0.421999999999998,0.684999999999998,0.006999999999998,0.269999999999998,0.591999999999998
638,638,0.326999999999998,0.589999999999998,0.911999999999998,0.174999999999998,0.496999999999998,0.759999999999998,0.081999999999998,0.344999999999998,0.666999999999998,0.929999999999998,0.251999999999998,0.514999999999998,0.836999999999998,0.099999999999998,0.421999999999998,0.684999999999998,0.006999999999998,0.269999999999998,0.591999999999998,0.854999999999998
639,639,0.326999999999998,0.589999999999998,0.911999999999998,0.174999999999998,0.496999999999998,0.759999999999998,0.081999999999998,0.344999999999998,0.666999999999998,0.929999999999998,0.251999999999998,0.514999999999998,0.836999999999998,0.099999999999998,0.421999999999998,0.684999999999998,0.006999999999998,0.269999999999998,0.591999999999998,0.854999999999998
640,640,0.589999999999998,0.911999999999998,0.174999999999998,0.496999999999998,0.759999999999998,0.081999999999998,0.344999999999998,0.666999999999998,0.929999999999998,0.251999999999998,0.514999999999998,0.836999999999998,0.099999999999998,0.421999999999998,0.684999999999998,0.006999999999998,0.269999999999998,0.591999999999998,0.854999999999998,0.176999999999998
641,641,0.589999999999998,0.911999999999998,0.174999999999998,0.496999999999998,0.759999999999998,0.081999999999998,0.344999999999998,0.666999999999998,0.929999999999998,0.251999999999998,0.514999999999998,0.836999999999998,0.099999999999998,0.421999999999998,0.684999999999998,0.006999999999998,0.269999999999998,0.591999999999998,0.854999999999998,0.176999999999998
642,642,0.911999999999998,0.174999999999998,0.496999999999998,0.759999999999998,0.081999999999998,0.344999999999998,0.666999999999998,0.929999999999998,0.251999999999998,0.514999999999998,0.836999999999998,0.099999999999998,0.421999999999998,0.684999999999998,0.006999999999998,0.269999999999998,0.591999999999998,0.854999999999998,0.176999999999998,0.439999999999998
643,643,0.911999999999998,0.174999999999998,0.496999999999998,0.759999999999998,0.081999999999998,0.344999999999998,0.666999999999998,0.929999999999998,0.251999999999998,0.514999999999998,0.836999999999998,0.099999999999998,0.421999999999998,0.684999999999998,0.006999999999998,0.269999999999998,0.591999999999998,0.854999999999998,0.176999999999998,0.439999999999998
644,644,0.174999999999998,0.496999999999998,0.759999999999998,0.081999999999998,0.344999999999998,0.666999999999998,0.929999999999998,0.251999999999998,0.514999999999998,0.836999999999998,0.099999999999998,0.421999999999998,0.684999999999998,0.006999999999998,0.269999999999998,0.591999999999998,0.854999999999998,0.176999999999998,0.439999999999998,0.761999999999998
645,645,0.174999999999998,0.496999999999998,0.759999999999998,0.081999999999998,0.344999999999998,0.666999999999998,0.929999999999998,0.251999999999998,0.514999999999998,0.836999999999998,0.099999999999998,0.421999999999998,0.684999999999998,0.006999999999998,0.269999999999998,0.591999999999998,0.854999999999998,0.176999999999998,0.439999999999998,0.761999999999998
646,646,0.496999999999998,0.759999999999998,0.081999999999998,0.344999999999998,0.666999999999998,0.929999999999998,0.251999999999998,0.514999999999998,0.836999999999998,0.099999999999998,0.421999999999998,0.684999999999998,0.006999999999998,0.269999999999998,0.591999999999998,0.854999999999998,0.176999999999998,0.439999999999998,0.761999999999998,0.024999999999998
647,647,0.496999999999998,0.759999999999998,0.081999999999998,0.344999999999998,0.666999999999998,0.929999999999998,0.251999999999998,0.514999999999998,0.836999999999998,0.099999999999998,0.421999999999998,0.684999999999998,0.006999999999998,0.269999999999998,0.591999999999998,0.854999999999998,0.176999999999998,0.439999999999998,0.761999999999998,0.024999999999998
648,648,0.759999999999998,0.081999999999998,0.344999999999998,0.666999999999998,0.929999999999998,0.251999999999998,0.514999999999998,0.836999999999998,0.099999999999998,0.421999999999998,0.684999999999998,0.006999999999998,0.269999999999998,0.591999999999998,0.854999999999998,0.176999999999998,0.439999999999998,0.761999999999998,0.024999999999998,0.346999999999998
649,649,0.759999999999998,0.081999999999998,0.344999999999998,0.666999999999998,0.929999999999998,0.251999999999998,0.514999999999998,0.836999999999998,0.099999999999998,0.421999999999998,0.684999999999998,0.006999999999998,0.269999999999998,0.591999999999998,0.854999999999998,0.176999999999998,0.439999999999998,0.761999999999998,0.024999999999998,0.346999999999998
650,650,0.081999999999998,0.344999999999998,0.666999999999998,0.929999999999998,0.251999999999998,0.514999999999998,0.836999999999998,0.099999999999998,0.421999999999998,0.684999999999998,0.006999999999998,0.269999999999998,0.591999999999998,0.854999999999998,0.176999999999998,0.439999999999998,0.761999999999998,0.024999999999998,0.346999999999998,0.609999999999998
651,651,0.081999999999998,0.344999999999998,0.666999999999998,0.929999999999998,0.251999999999998,0.514999999999998,0.836999999999998,0.099999999999998,0.421999999999998,0.684999999999998,0.006999999999998,0.269999999999998,0.591999999999998,0.854999999999998,0.176999999999998,0.439999999999998,0.761999999999998,0.024999999999998,0.346999999999998,0.609999999999998
652,652,0.344999999999998,0.666999999999998,0.929999999999998,0.251999999999998,0.514999999999998,0.836999999999998,0.099999999999998,0.421999999999998,0.684999999999998,0.006999999999998,0.269999999999998,0.591999999999998,0.854999999999998,0.176999999999998,0.439999999999998,0.761999999999998,0.024999999999998,0.346999999999998,0.609999999999998,0.931999999999998
653,653,0.344999999999998,0.666999999999998,0.929999999999998,0.251999999999998,0.514999999999998,0.836999999999998,0.099999999999998,0.421999999999998,0.684999999999998,0.006999999999998,0.269999999999998,0.591999999999998,0.854999999999998,0.176999999999998,0.439999999999998,0.761999999999998,0.024999999999998,0.346999999999998,0.609999999999998,0.931999999999998
654,654,0.666999999999998,0.929999999999998,0.251999999999998,0.514999999999998,0.836999999999998,0.099999999999998,0.421999999999998,0.684999999999998,0.006999999999998,0.269999999999998,0.591999999999998,0.854999999999998,0.176999999999998,0.439999999999998,0.761999999999998,0.024999999999998,0.346999999999998,0.609999999999998,0.931999999999998,0.194999999999998
655,655,0.666999999999998,0.929999999999998,0.251999999999998,0.514999999999998,0.836999999999998,0.099999999999998,0.421999999999998,0.684999999999998,0.006999999999998,0.269999999999998,0.591999999999998,0.854999999999998,0.176999999999998,0.439999999999998,0.761999999999998,0.024999999999998,0.346999999999998,0.609999999999998,0.931999999999998,0.194999999999998
656,656,0.929999999999998,0.251999999999998,0.514999999999998,0.836999999999998,0.099999999999998,0.421999999999998,0.684999999999998,0.006999999999998,0.269999999999998,0.591999999999998,0.854999999999998,0.176999999999998,0.439999999999998,0.761999999999998,0.024999999999998,0.346999999999998,0.609999999999998,0.931999999999998,0.194999999999998,0.516999999999998
657,657,0.929999999999998,0.251999999999998,0.514999999999998,0.836999999999998,0.099999999999998,0.421999999999998,0.684999999999998,0.006999999999998,0.269999999999998,0.591999999999998,0.854999999999998,0.176999999999998,0.439999999999998,0.761999999999998,0.024999999999998,0.346999999999998,0.609999999999998,0.931999999999998,0.194999999999998,0.516999999999998
658,658,0.251999999999998,0.514999999999998,0.836999999999998,0.099999999999998,0.421999999999998,0.684999999999998,0.006999999999998,0.269999999999998,0.591999999999998,0.854999999999998,0.176999999999998,0.439999999999998,0.761999999999998,0.024999999999998,0.346999999999998,0.609999999999998,0.931999999999998,0.194999999999998,0.516999999999998,0.779999999999998
659,659,0.251999999999998,0.514999999999998,0.836999999999998,0.099999999999998,0.421999999999998,0.684999999999998,0.006999999999998,0.269999999999998,0.591999999999998,0.854999999999998,0.176999999999998,0.439999999999998,0.761999999999998,0.024999999999998,0.346999999999998,0.609999999999998,0.931999999999998,0.194999999999998,0.516999999999998,0.779999999999998
660,660,0.514999999999998,0.836999999999998,0.099999999999998,0.421999999999998,0.684999999999998,0.006999999999998,0.269999999999998,0.591999999999998,0.854999999999998,0.176999999999998,0.439999999999998,0.761999999999998,0.024999999999998,0.346999999999998,0.609999999999998,0.931999999999998,0.194999999999998,0.516999999999998,0.779999999999998,0.101999999999998
661,661,0.514999999999998,0.836999999999998,0.099999999999998,0.421999999999998,0.684999999999998,0.006999999999998,0.269999999999998,0.591999999999998,0.854999999999998,0.176999999999998,0.439999999999998,0.761999999999998,0.024999999999998,0.346999999999998,0.609999999999998,0.931999999999998,0.194999999999998,0.516999999999998,0.779999999999998,0.101999999999998
662,662,0.836999999999998,0.099999999999998,0.421999999999998,0.684999999999998,0.006999999999998,0.269999999999998,0.591999999999998,0.854999999999998,0.176999999999998,0.439999999999998,0.761999999999998,0.024999999999998,0.346999999999998,0.609999999999998,0.931999999999998,0.194999999999998,0.516999999999998,0.779999999999998,0.101999999999998,0.364999999999998
663,663,0.836999999999998,0.099999999999998,0.421999999999998,0.684999999999998,0.006999999999998,0.269999999999998,0.591999999999998,0.854999999999998,0.176999999999998,0.439999999999998,0.761999999999998,0.024999999999998,0.346999999999998,0.609999999999998,0.931999999999998,0.194999999999998,0.516999999999998,0.779999999999998,0.101999999999998,0.364999999999998
664,664,0.099999999999998,0.421999999999998,0.684999999999998,0.006999999999998,0.269999999999998,0.591999999999998,0.854999999999998,0.176999999999998,0.439999999999998,0.761999999999998,0.024999999999998,0.346999999999998,0.609999999999998,0.931999999999998,0.194999999999998,0.516999999999998,0.779999999999998,0.101999999999998,0.364999999999998,0.686999999999998
665,665,0.099999999999998,0.421999999999998,0.684999999999998,0.006999999999998,0.269999999999998,0.591999999999998,0.854999999999998,0.176999999999998,0.439999999999998,0.761999999999998,0.024999999999998,0.346999999999998,0.609999999999998,0.931999999999998,0.194999999999998,0.516999999999998,0.779999999999998,0.101999999999998,0.364999999999998,0.686999999999998
666,666,0.421999999999998,0.684999999999998,0.006999999999998,0.269999999999998,0.591999999999998,0.854999999999998,0.176999999999998,0.439999999999998,0.761999999999998,0.024999999999998,0.346999999999998,0.609999999999998,0.931999999999998,0.194999999999998,0.516999999999998,0.779999999999998,0.101999999999998,0.364999999999998,0.686999999999998,0.949999999999998
667,667,0.421999999999998,0.684999999999998,0.006999999999998,0.269999999999998,0.591999999999998,0.854999999999998,0.176999999999998,0.439999999999998,0.761999999999998,0.024999999999998,0.346999999999998,0.609999999999998,0.931999999999998,0.194999999999998,0.516999999999998,0.779999999999998,0.101999999999998,0.364999999999998,0.686999999999998,0.949999999999998
668,668,0.684999999999998,0.006999999999998,0.269999999999998,0.591999999999998,0.854999999999998,0.176999999999998,0.439999999999998,0.761999999999998,0.024999999999998,0.346999999999998,0.609999999999998,0.931999999999998,0.194999999999998,0.516999999999998,0.779999999999998,0.101999999999998,0.364999999999998,0.686999999999998,0.949999999999998,0.271999999999998
669,669,0.684999999999998,0.006999999999998,0.269999999999998,0.591999999999998,0.854999999999998,0.176999999999998,0.439999999999998,0.761999999999998,0.024999999999998,0.346999999999998,0.609999999999998,0.931999999999998,0.194999999999998,0.516999999999998,0.779999999999998,0.101999999999998,0.364999999999998,0.686999999999998,0.949999999999998,0.271999999999998
670,670,0.006999999999998,0.269999999999998,0.591999999999998,0.854999999999998,0.176999999999998,0.439999999999998,0.761999999999998,0.024999999999998,0.346999999999998,0.609999999999998,0.931999999999998,0.194999999999998,0.516999999999998,0.779999999999998,0.101999999999998,0.364999999999998,0.686999999999998,0.949999999999998,0.271999999999998,0.534999999999998
671,671,0.006999999999998,0.269999999999998,0.591999999999998,0.854999999999998,0.176999999999998,0.439999999999998,0.761999999999998,0.024999999999998,0.346999999999998,0.609999999999998,0.931999999999998,0.194999999999998,0.516999999999998,0.779999999999998,0.101999999999998,0.364999999999998,0.686999999999998,0.949999999999998,0.271999999999998,0.534999999999998
672,672,0.269999999999998,0.591999999999998,0.854999999999998,0.176999999999998,0.439999999999998,0.761999999999998,0.024999999999998,0.346999999999998,0.609999999999998,0.931999999999998,0.194999999999998,0.516999999999998,0.779999999999998,0.101999999999998,0.364999999999998,0.686999999999998,0.949999999999998,0.271999999999998,0.534999999999998,0.856999999999998
673,673,0.269999999999998,0.591999999999998,0.854999999999998,0.176999999999998,0.439999999999998,0.761999999999998,0.024999999999998,0.346999999999998,0.609999999999998,0.931999999999998,0.194999999999998,0.516999999999998,0.779999999999998,0.101999999999998,0.364999999999998,0.686999999999998,0.949999999999998,0.271999999999998,0.534999999999998,0.856999999999998
674,674,0.591999999999998,0.854999999999998,0.176999999999998,0.439999999999998,0.761999999999998,0.024999999999998,0.346999999999998,0.609999999999998,0.931999999999998,0.194999999999998,0.516999999999998,0.779999999999998,0.101999999999998,0.364999999999998,0.686999999999998,0.949999999999998,0.271999999999998,0.534999999999998,0.856999999999998,0.119999999999997
675,675,0.591999999999998,0.854999999999998,0.176999999999998,0.439999999999998,0.761999999999998,0.024999999999998,0.346999999999998,0.609999999999998,0.931999999999998,0.194999999999998,0.516999999999998,0.779999999999998,0.101999999999998,0.364999999999998,0.686999999999998,0.949999999999998,0.271999999999998,0.534999999999998,0.856999999999998,0.119999999999997
676,676,0.854999999999998,0.176999999999998,0.439999999999998,0.761999999999998,0.024999999999998,0.346999999999998,0.609999999999998,0.931999999999998,0.194999999999998,0.516999999999998,0.779999999999998,0.101999999999998,0.364999999999998,0.686999999999998,0.949999999999998,0.271999999999998,0.534999999999998,0.856999999999998,0.119999999999997,0.441999999999997
677,677,0.854999999999998,0.176999999999998,0.439999999999998,0.761999999999998,0.024999999999998,0.346999999999998,0.609999999999998,0.931999999999998,0.194999999999998,0.516999999999998,0.779999999999998,0.101999999999998,0.364999999999998,0.686999999999998,0.949999999999998,0.271999999999998,0.534999999999998,0.856999999999998,0.119999999999997,0.441999999999997
678,678,0.176999999999998,0.439999999999998,0.761999999999998,0.024999999999998,0.346999999999998,0.609999999999998,0.931999999999998,0.194999999999998,0.516999999999998,0.779999999999998,0.101999999999998,0.364999999999998,0.686999999999998,0.949999999999998,0.271999999999998,0.534999999999998,0.856999999999998,0.119999999999997,0.441999999999997,0.704999999999997
679,679,0.176999999999998,0.439999999999998,0.761999999999998,0.024999999999998,0.346999999999998,0.609999999999998,0.931999999999998,0.194999999999998,0.516999999999998,0.779999999999998,0.101999999999998,0.364999999999998,0.686999999999998,0.949999999999998,0.271999999999998,0.534999999999998,0.856999999999998,0.119999999999997,0.441999999999997,0.704999999999997
680,680,0.439999999999998,0.761999999999998,0.024999999999998,0.346999999999998,0.609999999999998,0.931999999999998,0.194999999999998,0.516999999999998,0.779999999999998,0.101999999999998,0.364999999999998,0.686999999999998,0.949999999999998,0.271999999999998,0.534999999999998,0.856999999999998,0.119999999999997,0.441999999999997,0.704999999999997,0.026999999999998
681,681,0.439999999999998,0.761999999999998,0.024999999999998,0.346999999999998,0.609999999999998,0.931999999999998,0.194999999999998,0.516999999999998,0.779999999999998,0.101999999999998,0.364999999999998,0.686999999999998,0.949999999999998,0.271999999999998,0.534999999999998,0.856999999999998,0.119999999999997,0.441999999999997,0.704999999999997,0.026999999999998
682,682,0.761999999999998,0.024999999999998,0.346999999999998,0.609999999999998,0.931999999999998,0.194999999999998,0.516999999999998,0.779999999999998,0.101999999999998,0.364999999999998,0.686999999999998,0.949999999999998,0.271999999999998,0.534999999999998,0.856999999999998,0.119999999999997,0.441999999999997,0.704999999999997,0.026999999999998,0.289999999999997
683,683,0.761999999999998,0.024999999999998,0.346999999999998,0.609999999999998,0.931999999999998,0.194999999999998,0.516999999999998,0.779999999999998,0.101999999999998,0.364999999999998,0.686999999999998,0.949999999999998,0.271999999999998,0.534999999999998,0.856999999999998,0.119999999999997,0.441999999999997,0.704999999999997,0.026999999999998,0.289999999999997
684,684,0.024999999999998,0.346999999999998,0.609999999999998,0.931999999999998,0.194999999999998,0.516999999999998,0.779999999999998,0.101999999999998,0.364999999999998,0.686999999999998,0.949999999999998,0.271999999999998,0.534999999999998,0.856999999999998,0.119999999999997,0.441999999999997,0.704999999999997,0.026999999999998,0.289999999999997,0.611999999999997
685,685,0.024999999999998,0.346999999999998,0.609999999999998,0.931999999999998,0.194999999999998,0.516999999999998,0.779999999999998,0.101999999999998,0.364999999999998,0.686999999999998,0.949999999999998,0.271999999999998,0.534999999999998,0.856999999999998,0.119999999999997,0.441999999999997,0.704999999999997,0.026999999999998,0.289999999999997,0.611999999999997
686,686,0.346999999999998,0.609999999999998,0.931999999999998,0.194999999999998,0.516999999999998,0.779999999999998,0.101999999999998,0.364999999999998,0.686999999999998,0.949999999999998,0.271999999999998,0.534999999999998,0.856999999999998,0.119999999999997,0.441999999999997,0.704999999999997,0.026999999999998,0.289999999999997,0.611999999999997,0.874999999999997
687,687,0.346999999999998,0.609999999999998,0.931999999999998,0.194999999999998,0.516999999999998,0.779999999999998,0.101999999999998,0.364999999999998,0.686999999999998,0.949999999999998,0.271999999999998,0.534999999999998,0.856999999999998,0.119999999999997,0.441999999999997,0.704999999999997,0.026999999999998,0.289999999999997,0.611999999999997,0.874999999999997
688,688,0.609999999999998,0.931999999999998,0.194999999999998,0.516999999999998,0.779999999999998,0.101999999999998,0.364999999999998,0.686999999999998,0.949999999999998,0.271999999999998,0.534999999999998,0.856999999999998,0.119999999999997,0.441999999999997,0.704999999999997,0.026999999999998,0.289999999999997,0.611999999999997,0.874999999999997,0.196999999999997
689,689,0.609999999999998,0.931999999999998,0.194999999999998,0.516999999999998,0.779999999999998,0.101999999999998,0.364999999999998,0.686999999999998,0.949999999999998,0.271999999999998,0.534999999999998,0.856999999999998,0.119999999999997,0.441999999999997,0.704999999999997,0.026999999999998,0.289999999999997,0.611999999999997,0.874999999999997,0.196999999999997
690,690,0.931999999999998,0.194999999999998,0.516999999999998,0.779999999999998,0.101999999999998,0.364999999999998,0.686999999999998,0.949999999999998,0.271999999999998,0.534999999999998,0.856999999999998,0.119999999999997,0.441999999999997,0.704999999999997,0.026999999999998,0.289999999999997,0.611999999999997,0.874999999999997,0.196999999999997,0.459999999999997
691,691,0.931999999999998,0.194999999999998,0.516999999999998,0.779999999999998,0.101999999999998,0.364999999999998,0.686999999999998,0.949999999999998,0.271999999999998,0.534999999999998,0.856999999999998,0.119999999999997,0.441999999999997,0.704999999999997,0.026999999999998,0.289999999999997,0.611999999999997,0.874999999999997,0.196999999999997,0.459999999999997
692,692,0.194999999999998,0.516999999999998,0.779999999999998,0.101999999999998,0.364999999999998,0.686999999999998,0.949999999999998,0.271999999999998,0.534999999999998,0.856999999999998,0.119999999999997,0.441999999999997,0.704999999999997,0.026999999999998,0.289999999999997,0.611999999999997,0.874999999999997,0.196999999999997,0.459999999999997,0.781999999999997
693,693,0.194999999999998,0.516999999999998,0.779999999999998,0.101999999999998,0.364999999999998,0.686999999999998,0.949999999999998,0.271999999999998,0.534999999999998,0.856999999999998,0.119999999999997,0.441999999999997,0.704999999999997,0.026999999999998,0.289999999999997,0.611999999999997,0.874999999999997,0.196999999999997,0.459999999999997,0.781999999999997
694,694,0.516999999999998,0.779999999999998,0.101999999999998,0.364999999999998,0.686999999999998,0.949999999999998,0.271999999999998,0.534999999999998,0.856999999999998,0.119999999999997,0.441999999999997,0.704999999999997,0.026999999999998,0.289999999999997,0.611999999999997,0.874999999999997,0.196999999999997,0.459999999999997,0.781999999999997,0.044999999999997
695,695,0.516999999999998,0.779999999999998,0.101999999999998,0.364999999999998,0.686999999999998,0.949999999999998,0.271999999999998,0.534999999999998,0.856999999999998,0.119999999999997,0.441999999999997,0.704999999999997,0.026999999999998,0.289999999999997,0.611999999999997,0.874999999999997,0.196999999999997,0.459999999999997,0.781999999999997,0.044999999999997
696,696,0.779999999999998,0.101999999999998,0.364999999999998,0.686999999999998,0.949999999999998,0.271999999999998,0.534999999999998,0.856999999999998,0.119999999999997,0.441999999999997,0.704999999999997,0.026999999999998,0.289999999999997,0.611999999999997,0.874999999999997,0.196999999999997,0.459999999999997,0.781999999999997,0.044999999999997,0.366999999999997
697,697,0.779999999999998,0.101999999999998,0.364999999999998,0.686999999999998,0.949999999999998,0.271999999999998,0.534999999999998,0.856999999999998,0.119999999999997,0.441999999999997,0.704999999999997,0.026999999999998,0.289999999999997,0.611999999999997,0.874999999999997,0.196999999999997,0.459999999999997,0.781999999999997,0.044999999999997,0.366999999999997
698,698,0.101999999999998,0.364999999999998,0.686999999999998,0.949999999999998,0.271999999999998,0.534999999999998,0.856999999999998,0.119999999999997,0.441999999999997,0.704999999999997,0.026999999999998,0.289999999999997,0.611999999999997,0.874999999999997,0.196999999999997,0.459999999999997,0.781999999999997,0.044999999999997,0.366999999999997,0.629999999999997
699,699,0.101999999999998,0.364999999999998,0.686999999999998,0.949999999999998,0.271999999999998,0.534999999999998,0.856999999999998,0.119999999999997,0.441999999999997,0.704999999999997,0.026999999999998,0.289999999999997,0.611999999999997,0.874999999999997,0.196999999999997,0.459999999999997,0.781999999999997,0.044999999999997,0.366999999999997,0.629999999999997
700,700,0.364999999999998,0.686999999999998,0.949999999999998,0.271999999999998,0.534999999999998,0.856999999999998,0.119999999999997,0.441999999999997,0.704999999999997,0.026999999999998,0.289999999999997,0.611999999999997,0.874999999999997,0.196999999999997,0.459999999999997,0.781999999999997,0.044999999999997,0.366999999999997,0.629999999999997,0.951999999999997
701,701,0.364999999999998,0.686999999999998,0.949999999999998,0.271999999999998,0.534999999999998,0.856999999999998,0.119999999999997,0.441999999999997,0.704999999999997,0.026999999999998,0.289999999999997,0.611999999999997,0.874999999999997,0.196999999999997,0.459999999999997,0.781999999999997,0.044999999999997,0.366999999999997,0.629999999999997,0.951999999999997
702,702,0.686999999999998,0.949999999999998,0.271999999999998,0.534999999999998,0.856999999999998,0.119999999999997,0.441999999999997,0.704999999999997,0.026999999999998,0.289999999999997,0.611999999999997,0.874999999999997,0.196999999999997,0.459999999999997,0.781999999999997,0.044999999999997,0.366999999999997,0.629999999999997,0.951999999999997,0.214999999999997
703,703,0.686999999999998,0.949999999999998,0.271999999999998,0.534999999999998,0.856999999999998,0.119999999999997,0.441999999999997,0.704999999999997,0.026999999999998,0.289999999999997,0.611999999999997,0.874999999999997,0.196999999999997,0.459999999999997,0.781999999999997,0.044999999999997,0.366999999999997,0.629999999999997,0.951999999999997,0.214999999999997
704,704,0.949999999999998,0.271999999999998,0.534999999999998,0.856999999999998,0.119999999999997,0.441999999999997,0.704999999999997,0.026999999999998,0.289999999999997,0.611999999999997,0.874999999999997,0.196999999999997,0.459999999999997,0.781999999999997,0.044999999999997,0.366999999999997,0.629999999999997,0.951999999999997,0.214999999999997,0.536999999999997
705,705,0.949999999999998,0.271999999999998,0.534999999999998,0.856999999999998,0.119999999999997,0.441999999999997,0.704999999999997,0.026999999999998,0.289999999999997,0.611999999999997,0.874999999999997,0.196999999999997,0.459999999999997,0.781999999999997,0.044999999999997,0.366999999999997,0.629999999999997,0.951999999999997,0.214999999999997,0.536999999999997
706,706,0.271999999999998,0.534999999999998,0.856999999999998,0.119999999999997,0.441999999999997,0.704999999999997,0.026999999999998,0.289999999999997,0.611999999999997,0.874999999999997,0.196999999999997,0.459999999999997,0.781999999999997,0.044999999999997,0.366999999999997,0.629999999999997,0.951999999999997,0.214999999999997,0.536999999999997,0.799999999999997
707,707,0.271999999999998,0.534999999999998,0.856999999999998,0.119999999999997,0.441999999999997,0.704999999999997,0.026999999999998,0.289999999999997,0.611999999999997,0.874999999999997,0.196999999999997,0.459999999999997,0.781999999999997,0.044999999999997,0.366999999999997,0.629999999999997,0.951999999999997,0.214999999999997,0.536999999999997,0.799999999999997
708,708,0.534999999999998,0.856999999999998,0.119999999999997,0.441999999999997,0.704999999999997,0.026999999999998,0.289999999999997,0.611999999999997,0.874999999999997,0.196999999999997,0.459999999999997,0.781999999999997,0.044999999999997,0.366999999999997,0.629999999999997,0.951999999999997,0.214999999999997,0.536999999999997,0.799999999999997,0.121999999999997
709,709,0.534999999999998,0.856999999999998,0.119999999999997,0.441999999999997,0.704999999999997,0.026999999999998,0.289999999999997,0.611999999999997,0.874999999999997,0.196999999999997,0.459999999999997,0.781999999999997,0.044999999999997,0.366999999999997,0.629999999999997,0.951999999999997,0.214999999999997,0.536999999999997,0.799999999999997,0.121999999999997
710,710,0.856999999999998,0.119999999999997,0.441999999999997,0.704999999999997,0.026999999999998,0.289999999999997,0.611999999999997,0.874999999999997,0.196999999999997,0.459999999999997,0.781999999999997,0.044999999999997,0.366999999999997,0.629999999999997,0.951999999999997,0.214999999999997,0.536999999999997,0.799999999999997,0.121999999999997,0.384999999999997
711,711,0.856999999999998,0.119999999999997,0.441999999999997,0.704999999999997,0.026999999999998,0.289999999999997,0.611999999999997,0.874999999999997,0.196999999999997,0.459999999999997,0.781999999999997,0.044999999999997,0.366999999999997,0.629999999999997,0.951999999999997,0.214999999999997,0.536999999999997,0.799999999999997,0.121999999999997,0.384999999999997
712,712,0.119999999999997,0.441999999999997,0.704999999999997,0.026999999999998,0.289999999999997,0.611999999999997,0.874999999999997,0.196999999999997,0.459999999999997,0.781999999999997,0.044999999999997,0.366999999999997,0.629999999999997,0.951999999999997,0.214999999999997,0.536999999999997,0.799999999999997,0.121999999999997,0.384999999999997,0.706999999999997
713,713,0.119999999999997,0.441999999999997,0.704999999999997,0.026999999999998,0.289999999999997,0.611999999999997,0.874999999999997,0.196999999999997,0.459999999999997,0.781999999999997,0.044999999999997,0.366999999999997,0.629999999999997,0.951999999999997,0.214999999999997,0.536999999999997,0.799999999999997,0.121999999999997,0.384999999999997,0.706999999999997
714,714,0.441999999999997,0.704999999999997,0.026999999999998,0.289999999999997,0.611999999999997,0.874999999999997,0.196999999999997,0.459999999999997,0.781999999999997,0.044999999999997,0.366999999999997,0.629999999999997,0.951999999999997,0.214999999999997,0.536999999999997,0.799999999999997,0.121999999999997,0.384999999999997,0.706999999999997,0.969999999999997
715,715,0.441999999999997,0.704999999999997,0.026999999999998,0.289999999999997,0.611999999999997,0.874999999999997,0.196999999999997,0.459999999999997,0.781999999999997,0.044999999999997,0.366999999999997,0.629999999999997,0.951999999999997,0.214999999999997,0.536999999999997,0.799999999999997,0.121999999999997,0.384999999999997,0.706999999999997,0.969999999999997
716,716,0.704999999999997,0.026999999999998,0.289999999999997,0.611999999999997,0.874999999999997,0.196999999999997,0.459999999999997,0.781999999999997,0.044999999999997,0.366999999999997,0.629999999999997,0.951999999999997,0.214999999999997,0.536999999999997,0.799999999999997,0.121999999999997,0.384999999999997,0.706999999999997,0.969999999999997,0.291999999999997
717,717,0.704999999999997,0.026999999999998,0.289999999999997,0.611999999999997,0.874999999999997,0.196999999999997,0.459999999999997,0.781999999999997,0.044999999999997,0.366999999999997,0.629999999999997,0.951999999999997,0.214999999999997,0.536999999999997,0.799999999999997,0.121999999999997,0.384999999999997,0.706999999999997,0.969999999999997,0.291999999999997
718,718,0.026999999999998,0.289999999999997,0.611999999999997,0.874999999999997,0.196999999999997,0.459999999999997,0.781999999999997,0.044999999999997,0.366999999999997,0.629999999999997,0.951999999999997,0.214999999999997,0.536999999999997,0.799999999999997,0.121999999999997,0.384999999999997,0.706999999999997,0.969999999999997,0.291999999999997,0.554999999999997
719,719,0.026999999999998,0.289999999999997,0.611999999999997,0.874999999999997,0.196999999999997,0.459999999999997,0.781999999999997,0.044999999999997,0.366999999999997,0.629999999999997,0.951999999999997,0.214999999999997,0.536999999999997,0.799999999999997,0.121999999999997,0.384999999999997,0.706999999999997,0.969999999999997,0.291999999999997,0.554999999999997
720,720,0.289999999999997,0.611999999999997,0.874999999999997,0.196999999999997,0.459999999999997,0.781999999999997,0.044999999999997,0.366999999999997,0.629999999999997,0.951999999999997,0.214999999999997,0.536999999999997,0.799999999999997,0.121999999999997,0.384999999999997,0.706999999999997,0.969999999999997,0.291999999999997,0.554999999999997,0.876999999999997
721,721,0.289999999999997,0.611999999999997,0.874999999999997,0.196999999999997,0.459999999999997,0.781999999999997,0.044999999999997,0.366999999999997,0.629999999999997,0.951999999999997,0.214999999999997,0.536999999999997,0.799999999999997,0.121999999999997,0.384999999999997,0.706999999999997,0.969999999999997,0.291999999999997,0.554999999999997,0.876999999999997
722,722,0.611999999999997,0.874999999999997,0.196999999999997,0.459999999999997,0.781999999999997,0.044999999999997,0.366999999999997,0.629999999999997,0.951999999999997,0.214999999999997,0.536999999999997,0.799999999999997,0.121999999999997,0.384999999999997,0.706999999999997,0.969999999999997,0.291999999999997,0.554999999999997,0.876999999999997,0.139999999999997
723,723,0.611999999999997,0.874999999999997,0.196999999999997,0.459999999999997,0.781999999999997,0.044999999999997,0.366999999999997,0.629999999999997,0.951999999999997,0.214999999999997,0.536999999999997,0.799999999999997,0.121999999999997,0.384999999999997,0.706999999999997,0.969999999999997,0.291999999999997,0.554999999999997,0.876999999999997,0.139999999999997
724,724,0.874999999999997,0.196999999999997,0.459999999999997,0.781999999999997,0.044999999999997,0.366999999999997,0.629999999999997,0.951999999999997,0.214999999999997,0.536999999999997,0.799999999999997,0.121999999999997,0.384999999999997,0.706999999999997,0.969999999999997,0.291999999999997,0.554999999999997,0.876999999999997,0.139999999999997,0.461999999999997
725,725,0.874999999999997,0.196999999999997,0.459999999999997,0.781999999999997,0.044999999999997,0.366999999999997,0.629999999999997,0.951999999999997,0.214999999999997,0.536999999999997,0.799999999999997,0.121999999999997,0.384999999999997,0.706999999999997,0.969999999999997,0.291999999999997,0.554999999999997,0.876999999999997,0.139999999999997,0.461999999999997
726,726,0.196999999999997,0.459999999999997,0.781999999999997,0.044999999999997,0.366999999999997,0.629999999999997,0.951999999999997,0.214999999999997,0.536999999999997,0.799999999999997,0.121999999999997,0.384999999999997,0.706999999999997,0.969999999999997,0.291999999999997,0.554999999999997,0.876999999999997,0.139999999999997,0.461999999999997,0.724999999999997
727,727,0.196999999999997,0.459999999999997,0.781999999999997,0.044999999999997,0.366999999999997,0.629999999999997,0.951999999999997,0.214999999999997,0.536999999999997,0.799999999999997,0.121999999999997,0.384999999999997,0.706999999999997,0.969999999999997,0.291999999999997,0.554999999999997,0.876999999999997,0.139999999999997,0.461999999999997,0.724999999999997
728,728,0.459999999999997,0.781999999999997,0.044999999999997,0.366999999999997,0.629999999999997,0.951999999999997,0.214999999999997,0.536999999999997,0.799999999999997,0.121999999999997,0.384999999999997,0.706999999999997,0.969999999999997,0.291999999999997,0.554999999999997,0.876999999999997,0.139999999999997,0.461999999999997,0.724999999999997,0.046999999999997
729,729,0.459999999999997,0.781999999999997,0.044999999999997,0.366999999999997,0.629999999999997,0.951999999999997,0.214999999999997,0.536999999999997,0.799999999999997,0.121999999999997,0.384999999999997,0.706999999999997,0.969999999999997,0.291999999999997,0.554999999999997,0.876999999999997,0.139999999999997,0.461999999999997,0.724999999999997,0.046999999999997
730,730,0.781999999999997,0.044999999999997,0.366999999999997,0.629999999999997,0.951999999999997,0.214999999999997,0.536999999999997,0.799999999999997,0.121999999999997,0.384999999999997,0.706999999999997,0.969999999999997,0.291999999999997,0.554999999999997,0.876999999999997,0.139999999999997,0.461999999999997,0.724999999999997,0.046999999999997,0.309999999999997
731,731,0.781999999999997,0.044999999999997,0.366999999999997,0.629999999999997,0.951999999999997,0.214999999999997,0.536999999999997,0.799999999999997,0.121999999999997,0.384999999999997,0.706999999999997,0.969999999999997,0.291999999999997,0.554999999999997,0.876999999999997,0.139999999999997,0.461999999999997,0.724999999999997,0.046999999999997,0.309999999999997
732,732,0.044999999999997,0.366999999999997,0.629999999999997,0.951999999999997,0.214999999999997,0.536999999999997,0.799999999999997,0.121999999999997,0.384999999999997,0.706999999999997,0.969999999999997,0.291999999999997,0.554999999999997,0.876999999999997,0.139999999999997,0.461999999999997,0.724999999999997,0.046999999999997,0.309999999999997,0.631999999999997
733,733,0.044999999999997,0.366999999999997,0.629999999999997,0.951999999999997,0.214999999999997,0.536999999999997,0.799999999999997,0.121999999999997,0.384999999999997,0.706999999999997,0.969999999999997,0.291999999999997,0.554999999999997,0.876999999999997,0.139999999999997,0.461999999999997,0.724999999999997,0.046999999999997,0.309999999999997,0.631999999999997
734,734,0.366999999999997,0.629999999999997,0.951999999999997,0.214999999999997,0.536999999999997,0.799999999999997,0.121999999999997,0.384999999999997,0.706999999999997,0.969999999999997,0.291999999999997,0.554999999999997,0.876999999999997,0.139999999999997,0.461999999999997,0.724999999999997,0.046999999999997,0.309999999999997,0.631999999999997,0.894999999999997
735,735,0.366999999999997,0.629999999999997,0.951999999999997,0.214999999999997,0.536999999999997,0.799999999999997,0.121999999999997,0.384999999999997,0.706999999999997,0.969999999999997,0.291999999999997,0.554999999999997,0.876999999999997,0.139999999999997,0.461999999999997,0.724999999999997,0.046999999999997,0.309999999999997,0.631999999999997,0.894999999999997
736,736,0.629999999999997,0.951999999999997,0.214999999999997,0.536999999999997,0.799999999999997,0.121999999999997,0.384999999999997,0.706999999999997,0.969999999999997,0.291999999999997,0.554999999999997,0.876999999999997,0.139999999999997,0.461999999999997,0.724999999999997,0.046999999999997,0.309999999999997,0.631999999999997,0.894999999999997,0.216999999999997
737,737,0.629999999999997,0.951999999999997,0.214999999999997,0.536999999999997,0.799999999999997,0.121999999999997,0.384999999999997,0.706999999999997,0.969999999999997,0.291999999999997,0.554999999999997,0.876999999999997,0.139999999999997,0.461999999999997,0.724999999999997,0.046999999999997,0.309999999999997,0.631999999999997,0.894999999999997,0.216999999999997
738,738,0.951999999999997,0.214999999999997,0.536999999999997,0.799999999999997,0.121999999999997,0.384999999999997,0.706999999999997,0.969999999999997,0.291999999999997,0.554999999999997,0.876999999999997,0.139999999999997,0.461999999999997,0.724999999999997,0.046999999999997,0.309999999999997,0.631999999999997,0.894999999999997,0.216999999999997,0.479999999999997
739,739,0.951999999999997,0.214999999999997,0.536999999999997,0.799999999999997,0.121999999999997,0.384999999999997,0.706999999999997,0.969999999999997,0.291999999999997,0.554999999999997,0.876999999999997,0.139999999999997,0.461999999999997,0.724999999999997,0.046999999999997,0.309999999999997,0.631999999999997,0.894999999999997,0.216999999999997,0.479999999999997
740,740,0.214999999999997,0.536999999999997,0.799999999999997,0.121999999999997,0.384999999999997,0.706999999999997,0.969999999999997,0.291999999999997,0.554999999999997,0.876999999999997,0.139999999999997,0.461999999999997,0.724999999999997,0.046999999999997,0.309999999999997,0.631999999999997,0.894999999999997,0.216999999999997,0.479999999999997,0.801999999999997
741,741,0.214999999999997,0.536999999999997,0.799999999999997,0.121999999999997,0.384999999999997,0.706999999999997,0.969999999999997,0.291999999999997,0.554999999999997,0.876999999999997,0.139999999999997,0.461999999999997,0.724999999999997,0.046999999999997,0.309999999999997,0.631999999999997,0.894999999999997,0.216999999999997,0.479999999999997,0.801999999999997
742,742,0.536999999999997,0.799999999999997,0.121999999999997,0.384999999999997,0.706999999999997,0.969999999999997,0.291999999999997,0.554999999999997,0.876999999999997,0.139999999999997,0.461999999999997,0.724999999999997,0.046999999999997,0.309999999999997,0.631999999999997,0.894999999999997,0.216999999999997,0.479999999999997,0.801999999999997,0.064999999999997
743,743,0.536999999999997,0.799999999999997,0.121999999999997,0.384999999999997,0.706999999999997,0.969999999999997,0.291999999999997,0.554999999999997,0.876999999999997,0.139999999999997,0.461999999999997,0.724999999999997,0.046999999999997,0.309999999999997,0.631999999999997,0.894999999999997,0.216999999999997,0.479999999999997,0.801999999999997,0.064999999999997
744,744,0.799999999999997,0.121999999999997,0.384999999999997,0.706999999999997,0.969999999999997,0.291999999999997,0.554999999999997,0.876999999999997,0.139999999999997,0.461999999999997,0.724999999999997,0.046999999999997,0.309999999999997,0.631999999999997,0.894999999999997,0.216999999999997,0.479999999999997,0.801999999999997,0.064999999999997,0.386999999999997
745,745,0.799999999999997,0.121999999999997,0.384999999999997,0.706999999999997,0.969999999999997,0.291999999999997,0.554999999999997,0.876999999999997,0.139999999999997,0.461999999999997,0.724999999999997,0.046999999999997,0.309999999999997,0.631999999999997,0.894999999999997,0.216999999999997,0.479999999999997,0.801999999999997,0.064999999999997,0.386999999999997
746,746,0.121999999999997,0.384999999999997,0.706999999999997,0.969999999999997,0.291999999999997,0.554999999999997,0.876999999999997,0.139999999999997,0.461999999999997,0.724999999999997,0.046999999999997,0.309999999999997,0.631999999999997,0.894999999999997,0.216999999999997,0.479999999999997,0.801999999999997,0.064999999999997,0.386999999999997,0.649999999999997
747,747,0.121999999999997,0.384999999999997,0.706999999999997,0.969999999999997,0.291999999999997,0.554999999999997,0.876999999999997,0.139999999999997,0.461999999999997,0.724999999999997,0.046999999999997,0.309999999999997,0.631999999999997,0.894999999999997,0.216999999999997,0.479999999999997,0.801999999999997,0.064999999999997,0.386999999999997,0.649999999999997
748,748,0.384999999999997,0.706999999999997,0.969999999999997,0.291999999999997,0.554999999999997,0.876999999999997,0.139999999999997,0.461999999999997,0.724999999999997,0.046999999999997,0.309999999999997,0.631999999999997,0.894999999999997,0.216999999999997,0.479999999999997,0.801999999999997,0.064999999999997,0.386999999999997,0.649999999999997,0.971999999999997
749,749,0.384999999999997,0.706999999999997,0.969999999999997,0.291999999999997,0.554999999999997,0.876999999999997,0.139999999999997,0.461999999999997,0.724999999999997,0.046999999999997,0.309999999999997,0.631999999999997,0.894999999999997,0.216999999999997,0.479999999999997,0.801999999999997,0.064999999999997,0.386999999999997,0.649999999999997,0.971999999999997
750,750,0.706999999999997,0.969999999999997,0.291999999999997,0.554999999999997,0.876999999999997,0.139999999999997,0.461999999999997,0.724999999999997,0.046999999999997,0.309999999999997,0.631999999999997,0.894999999999997,0.216999999999997,0.479999999999997,0.801999999999997,0.064999999999997,0.386999999999997,0.649999999999997,0.971999999999997,0.234999999999997
751,751,0.706999999999997,0.969999999999997,0.291999999999997,0.554999999999997,0.876999999999997,0.139999999999997,0.461999999999997,0.724999999999997,0.046999999999997,0.309999999999997,0.631999999999997,0.894999999999997,0.216999999999997,0.479999999999997,0.801999999999997,0.064999999999997,0.386999999999997,0.649999999999997,0.971999999999997,0.234999999999997
752,752,0.969999999999997,0.291999999999997,0.554999999999997,0.876999999999997,0.139999999999997,0.461999999999997,0.724999999999997,0.046999999999997,0.309999999999997,0.631999999999997,0.894999999999997,0.216999999999997,0.479999999999997,0.801999999999997,0.064999999999997,0.386999999999997,0.649999999999997,0.971999999999997,0.234999999999997,0.556999999999997
753,753,0.969999999999997,0.291999999999997,0.554999999999997,0.876999999999997,0.139999999999997,0.461999999999997,0.724999999999997,0.046999999999997,0.309999999999997,0.631999999999997,0.894999999999997,0.216999999999997,0.479999999999997,0.801999999999997,0.064999999999997,0.386999999999997,0.649999999999997,0.971999999999997,0.234999999999997,0.556999999999997
754,754,0.291999999999997,0.554999999999997,0.876999999999997,0.139999999999997,0.461999999999997,0.724999999999997,0.046999999999997,0.309999999999997,0.631999999999997,0.894999999999997,0.216999999999997,0.479999999999997,0.801999999999997,0.064999999999997,0.386999999999997,0.649999999999997,0.971999999999997,0.234999999999997,0.556999999999997,0.819999999999997
755,755,0.291999999999997,0.554999999999997,0.876999999999997,0.139999999999997,0.461999999999997,0.724999999999997,0.046999999999997,0.309999999999997,0.631999999999997,0.894999999999997,0.216999999999997,0.479999999999997,0.801999999999997,0.064999999999997,0.386999999999997,0.649999999999997,0.971999999999997,0.234999999999997,0.556999999999997,0.819999999999997
756,756,0.554999999999997,0.876999999999997,0.139999999999997,0.461999999999997,0.724999999999997,0.046999999999997,0.309999999999997,0.631999999999997,0.894999999999997,0.216999999999997,0.479999999999997,0.801999999999997,0.064999999999997,0.386999999999997,0.649999999999997,0.971999999999997,0.234999999999997,0.556999999999997,0.819999999999997,0.141999999999997
757,757,0.554999999999997,0.876999999999997,0.139999999999997,0.461999999999997,0.724999999999997,0.046999999999997,0.309999999999997,0.631999999999997,0.894999999999997,0.216999999999997,0.479999999999997,0.801999999999997,0.064999999999997,0.386999999999997,0.649999999999997,0.971999999999997,0.234999999999997,0.556999999999997,0.819999999999997,0.141999999999997
758,758,0.876999999999997,0.139999999999997,0.461999999999997,0.724999999999997,0.046999999999997,0.309999999999997,0.631999999999997,0.894999999999997,0.216999999999997,0.479999999999997,0.801999999999997,0.064999999999997,0.386999999999997,0.649999999999997,0.971999999999997,0.234999999999997,0.556999999999997,0.819999999999997,0.141999999999997,0.404999999999997
759,759,0.876999999999997,0.139999999999997,0.461999999999997,0.724999999999997,0.046999999999997,0.309999999999997,0.631999999999997,0.894999999999997,0.216999999999997,0.479999999999997,0.801999999999997,0.064999999999997,0.386999999999997,0.649999999999997,0.971999999999997,0.234999999999997,0.556999999999997,0.819999999999997,0.141999999999997,0.404999999999997
760,760,0.139999999999997,0.461999999999997,0.724999999999997,0.046999999999997,0.309999999999997,0.631999999999997,0.894999999999997,0.216999999999997,0.479999999999997,0.801999999999997,0.064999999999997,0.386999999999997,0.649999999999997,0.971999999999997,0.234999999999997,0.556999999999997,0.819999999999997,0.141999999999997,0.404999999999997,0.726999999999997
761,761,0.139999999999997,0.461999999999997,0.724999999999997,0.046999999999997,0.309999999999997,0.631999999999997,0.894999999999997,0.216999999999997,0.479999999999997,0.801999999999997,0.064999999999997,0.386999999999997,0.649999999999997,0.971999999999997,0.234999999999997,0.556999999999997,0.819999999999997,0.141999999999997,0.404999999999997,0.726999999999997
762,762,0.461999999999997,0.724999999999997,0.046999999999997,0.309999999999997,0.631999999999997,0.894999999999997,0.216999999999997,0.479999999999997,0.801999999999997,0.064999999999997,0.386999999999997,0.649999999999997,0.971999999999997,0.234999999999997,0.556999999999997,0.819999999999997,0.141999999999997,0.404999999999997,0.726999999999997,0.989999999999997
763,763,0.461999999999997,0.724999999999997,0.046999999999997,0.309999999999997,0.631999999999997,0.894999999999997,0.216999999999997,0.479999999999997,0.801999999999997,0.064999999999997,0.386999999999997,0.649999999999997,0.971999999999997,0.234999999999997,0.556999999999997,0.819999999999997,0.141999999999997,0.404999999999997,0.726999999999997,0.989999999999997
764,764,0.724999999999997,0.046999999999997,0.309999999999997,0.631999999999997,0.894999999999997,0.216999999999997,0.479999999999997,0.801999999999997,0.064999999999997,0.386999999999997,0.649999999999997,0.971999999999997,0.234999999999997,0.556999999999997,0.819999999999997,0.141999999999997,0.404999999999997,0.726999999999997,0.989999999999997,0.311999999999997
765,765,0.724999999999997,0.046999999999997,0.309999999999997,0.631999999999997,0.894999999999997,0.216999999999997,0.479999999999997,0.801999999999997,0.064999999999997,0.386999999999997,0.649999999999997,0.971999999999997,0.234999999999997,0.556999999999997,0.819999999999997,0.141999999999997,0.404999999999997,0.726999999999997,0.989999999999997,0.311999999999997
766,766,0.046999999999997,0.309999999999997,0.631999999999997,0.894999999999997,0.216999999999997,0.479999999999997,0.801999999999997,0.064999999999997,0.386999999999997,0.649999999999997,0.971999999999997,0.234999999999997,0.556999999999997,0.819999999999997,0.141999999999997,0.404999999999997,0.726999999999997,0.989999999999997,0.311999999999997,0.574999999999997
767,767,0.046999999999997,0.309999999999997,0.631999999999997,0.894999999999997,0.216999999999997,0.479999999999997,0.801999999999997,0.064999999999997,0.386999999999997,0.649999999999997,0.971999999999997,0.234999999999997,0.556999999999997,0.819999999999997,0.141999999999997,0.404999999999997,0.726999999999997,0.989999999999997,0.311999999999997,0.574999999999997
768,768,0.309999999999997,0.631999999999997,0.894999999999997,0.216999999999997,0.479999999999997,0.801999999999997,0.064999999999997,0.386999999999997,0.649999999999997,0.971999999999997,0.234999999999997,0.556999999999997,0.819999999999997,0.141999999999997,0.404999999999997,0.726999999999997,0.989999999999997,0.311999999999997,0.574999999999997,0.896999999999997
769,769,0.309999999999997,0.631999999999997,0.894999999999997,0.216999999999997,0.479999999999997,0.801999999999997,0.064999999999997,0.386999999999997,0.649999999999997,0.971999999999997,0.234999999999997,0.556999999999997,0.819999999999997,0.141999999999997,0.404999999999997,0.726999999999997,0.989999999999997,0.311999999999997,0.574999999999997,0.896999999999997
770,770,0.631999999999997,0.894999999999997,0.216999999999997,0.479999999999997,0.801999999999997,0.064999999999997,0.386999999999997,0.649999999999997,0.971999999999997,0.234999999999997,0.556999999999997,0.819999999999997,0.141999999999997,0.404999999999997,0.726999999999997,0.989999999999997,0.311999999999997,0.574999999999997,0.896999999999997,0.159999999999997
771,771,0.631999999999997,0.894999999999997,0.216999999999997,0.479999999999997,0.801999999999997,0.064999999999997,0.386999999999997,0.649999999999997,0.971999999999997,0.234999999999997,0.556999999999997,0.819999999999997,0.141999999999997,0.404999999999997,0.726999999999997,0.989999999999997,0.311999999999997,0.574999999999997,0.896999999999997,0.159999999999997
772,772,0.894999999999997,0.216999999999997,0.479999999999997,0.801999999999997,0.064999999999997,0.386999999999997,0.649999999999997,0.971999999999997,0.234999999999997,0.556999999999997,0.819999999999997,0.141999999999997,0.404999999999997,0.726999999999997,0.989999999999997,0.311999999999997,0.574999999999997,0.896999999999997,0.159999999999997,0.481999999999997
773,773,0.894999999999997,0.216999999999997,0.479999999999997,0.801999999999997,0.064999999999997,0.386999999999997,0.649999999999997,0.971999999999997,0.234999999999997,0.556999999999997,0.819999999999997,0.141999999999997,0.404999999999997,0.726999999999997,0.989999999999997,0.311999999999997,0.574999999999997,0.896999999999997,0.159999999999997,0.481999999999997
774,774,0.216999999999997,0.479999999999997,0.801999999999997,0.064999999999997,0.386999999999997,0.649999999999997,0.971999999999997,0.234999999999997,0.556999999999997,0.819999999999997,0.141999999999997,0.404999999999997,0.726999999999997,0.989999999999997,0.311999999999997,0.574999999999997,0.896999999999997,0.159999999999997,0.481999999999997,0.744999999999997
775,775,0.216999999999997,0.479999999999997,0.801999999999997,0.064999999999997,0.386999999999997,0.649999999999997,0.971999999999997,0.234999999999997,0.556999999999997,0.819999999999997,0.141999999999997,0.404999999999997,0.726999999999997,0.989999999999997,0.311999999999997,0.574999999999997,0.896999999999997,0.159999999999997,0.481999999999997,0.744999999999997
776,776,0.479999999999997,0.801999999999997,0.064999999999997,0.386999999999997,0.649999999999997,0.971999999999997,0.234999999999997,0.556999999999997,0.819999999999997,0.141999999999997,0.404999999999997,0.726999999999997,0.989999999999997,0.311999999999997,0.574999999999997,0.896999999999997,0.159999999999997,0.481999999999997,0.744999999999997,0.066999999999997
777,777,0.479999999999997,0.801999999999997,0.064999999999997,0.386999999999997,0.649999999999997,0.971999999999997,0.234999999999997,0.556999999999997,0.819999999999997,0.141999999999997,0.404999999999997,0.726999999999997,0.989999999999997,0.311999999999997,0.574999999999997,0.896999999999997,0.159999999999997,0.481999999999997,0.744999999999997,0.066999999999997
778,778,0.801999999999997,0.064999999999997,0.386999999999997,0.649999999999997,0.971999999999997,0.234999999999997,0.556999999999997,0.819999999999997,0.141999999999997,0.404999999999997,0.726999999999997,0.989999999999997,0.311999999999997,0.574999999999997,0.896999999999997,0.159999999999997,0.481999999999997,0.744999999999997,0.066999999999997,0.329999999999997
779,779,0.801999999999997,0.064999999999997,0.386999999999997,0.649999999999997,0.971999999999997,0.234999999999997,0.556999999999997,0.819999999999997,0.141999999999997,0.404999999999997,0.726999999999997,0.989999999999997,0.311999999999997,0.574999999999997,0.896999999999997,0.159999999999997,0.481999999999997,0.744999999999997,0.066999999999997,0.329999999999997
780,780,0.064999999999997,0.386999999999997,0.649999999999997,0.971999999999997,0.234999999999997,0.556999999999997,0.819999999999997,0.141999999999997,0.404999999999997,0.726999999999997,0.989999999999997,0.311999999999997,0.574999999999997,0.896999999999997,0.159999999999997,0.481999999999997,0.744999999999997,0.066999999999997,0.329999999999997,0.651999999999997
781,781,0.064999999999997,0.386999999999997,0.649999999999997,0.971999999999997,0.234999999999997,0.556999999999997,0.819999999999997,0.141999999999997,0.404999999999997,0.726999999999997,0.989999999999997,0.311999999999997,0.574999999999997,0.896999999999997,0.159999999999997,0.481999999999997,0.744999999999997,0.066999999999997,0.329999999999997,0.651999999999997
782,782,0.386999999999997,0.649999999999997,0.971999999999997,0.234999999999997,0.556999999999997,0.819999999999997,0.141999999999997,0.404999999999997,0.726999999999997,0.989999999999997,0.311999999999997,0.574999999999997,0.896999999999997,0.159999999999997,0.481999999999997,0.744999999999997,0.066999999999997,0.329999999999997,0.651999999999997,0.914999999999997
783,783,0.386999999999997,0.649999999999997,0.971999999999997,0.234999999999997,0.556999999999997,0.819999999999997,0.141999999999997,0.404999999999997,0.726999999999997,0.989999999999997,0.311999999999997,0.574999999999997,0.896999999999997,0.159999999999997,0.481999999999997,0.744999999999997,0.066999999999997,0.329999999999997,0.651999999999997,0.914999999999997
784,784,0.649999999999997,0.971999999999997,0.234999999999997,0.556999999999997,0.819999999999997,0.141999999999997,0.404999999999997,0.726999999999997,0.989999999999997,0.311999999999997,0.574999999999997,0.896999999999997,0.159999999999997,0.481999999999997,0.744999999999997,0.066999999999997,0.329999999999997,0.651999999999997,0.914999999999997,0.236999999999997
785,785,0.649999999999997,0.971999999999997,0.234999999999997,0.556999999999997,0.819999999999997,0.141999999999997,0.404999999999997,0.726999999999997,0.989999999999997,0.311999999999997,0.574999999999997,0.896999999999997,0.159999999999997,0.481999999999997,0.744999999999997,0.066999999999997,0.329999999999997,0.651999999999997,0.914999999999997,0.236999999999997
786,786,0.971999999999997,0.234999999999997,0.556999999999997,0.819999999999997,0.141999999999997,0.404999999999997,0.726999999999997,0.989999999999997,0.311999999999997,0.574999999999997,0.896999999999997,0.159999999999997,0.481999999999997,0.744999999999997,0.066999999999997,0.329999999999997,0.651999999999997,0.914999999999997,0.236999999999997,0.499999999999996
787,787,0.971999999999997,0.234999999999997,0.556999999999997,0.819999999999997,0.141999999999997,0.404999999999997,0.726999999999997,0.989999999999997,0.311999999999997,0.574999999999997,0.896999999999997,0.159999999999997,0.481999999999997,0.744999999999997,0.066999999999997,0.329999999999997,0.651999999999997,0.914999999999997,0.236999999999997,0.499999999999996
788,788,0.234999999999997,0.556999999999997,0.819999999999997,0.141999999999997,0.404999999999997,0.726999999999997,0.989999999999997,0.311999999999997,0.574999999999997,0.896999999999997,0.159999999999997,0.481999999999997,0.744999999999997,0.066999999999997,0.329999999999997,0.651999999999997,0.914999999999997,0.236999999999997,0.499999999999996,0.821999999999997
789,789,0.234999999999997,0.556999999999997,0.819999999999997,0.141999999999997,0.404999999999997,0.726999999999997,0.989999999999997,0.311999999999997,0.574999999999997,0.896999999999997,0.159999999999997,0.481999999999997,0.744999999999997,0.066999999999997,0.329999999999997,0.651999999999997,0.914999999999997,0.236999999999997,0.499999999999996,0.821999999999997
790,790,0.556999999999997,0.819999999999997,0.141999999999997,0.404999999999997,0.726999999999997,0.989999999999997,0.311999999999997,0.574999999999997,0.896999999999997,0.159999999999997,0.481999999999997,0.744999999999997,0.066999999999997,0.329999999999997,0.651999999999997,0.914999999999997,0.236999999999997,0.499999999999996,0.821999999999997,0.084999999999996
791,791,0.556999999999997,0.819999999999997,0.141999999999997,0.404999999999997,0.726999999999997,0.989999999999997,0.311999999999997,0.574999999999997,0.896999999999997,0.159999999999997,0.481999999999997,0.744999999999997,0.066999999999997,0.329999999999997,0.651999999999997,0.914999999999997,0.236999999999997,0.499999999999996,0.821999999999997,0.084999999999996
792,792,0.819999999999997,0.141999999999997,0.404999999999997,0.726999999999997,0.989999999999997,0.311999999999997,0.574999999999997,0.896999999999997,0.159999999999997,0.481999999999997,0.744999999999997,0.066999999999997,0.329999999999997,0.651999999999997,0.914999999999997,0.236999999999997,0.499999999999996,0.821999999999997,0.084999999999996,0.406999999999996
793,793,0.819999999999997,0.141999999999997,0.404999999999997,0.726999999999997,0.989999999999997,0.311999999999997,0.574999999999997,0.896999999999997,0.159999999999997,0.481999999999997,0.744999999999997,0.066999999999997,0.329999999999997,0.651999999999997,0.914999999999997,0.236999999999997,0.499999999999996,0.821999999999997,0.084999999999996,0.406999999999996
794,794,0.141999999999997,0.404999999999997,0.726999999999997,0.989999999999997,0.311999999999997,0.574999999999997,0.896999999999997,0.159999999999997,0.481999999999997,0.744999999999997,0.066999999999997,0.329999999999997,0.651999999999997,0.914999999999997,0.236999999999997,0.499999999999996,0.821999999999997,0.084999999999996,0.406999999999996,0.669999999999996
795,795,0.141999999999997,0.404999999999997,0.726999999999997,0.989999999999997,0.311999999999997,0.574999999999997,0.896999999999997,0.159999999999997,0.481999999999997,0.744999999999997,0.066999999999997,0.329999999999997,0.651999999999997,0.914999999999997,0.236999999999997,0.499999999999996,0.821999999999997,0.084999999999996,0.406999999999996,0.669999999999996
796,796,0.404999999999997,0.726999999999997,0.989999999999997,0.311999999999997,0.574999999999997,0.896999999999997,0.159999999999997,0.481999999999997,0.744999999999997,0.066999999999997,0.329999999999997,0.651999999999997,0.914999999999997,0.236999999999997,0.499999999999996,0.821999999999997,0.084999999999996,0.406999999999996,0.669999999999996,0.991999999999996
797,797,0.404999999999997,0.726999999999997,0.989999999999997,0.311999999999997,0.574999999999997,0.896999999999997,0.159999999999997,0.481999999999997,0.744999999999997,0.066999999999997,0.329999999999997,0.651999999999997,0.914999999999997,0.236999999999997,0.499999999999996,0.821999999999997,0.084999999999996,0.406999999999996,0.669999999999996,0.991999999999996
798,798,0.726999999999997,0.989999999999997,0.311999999999997,0.574999999999997,0.896999999999997,0.159999999999997,0.481999999999997,0.744999999999997,0.066999999999997,0.329999999999997,0.651999999999997,0.914999999999997,0.236999999999997,0.499999999999996,0.821999999999997,0.084999999999996,0.406999999999996,0.669999999999996,0.991999999999996,0.254999999999996
799,799,0.726999999999997,0.989999999999997,0.311999999999997,0.574999999999997,0.896999999999997,0.159999999999997,0.481999999999997,0.744999999999997,0.066999999999997,0.329999999999997,0.651999999999997,0.914999999999997,0.236999999999997,0.499999999999996,0.821999999999997,0.084999999999996,0.406999999999996,0.669999999999996,0.991999999999996,0.254999999999996
