##,###,4,6,1,3,5,7,2,4,6,1,3,5,7,2,4,6,1,3,5,7
0,0,0,0.322,0.585,0.907,0.17,0.492,0.755,1,1.322,1.585,1.907,1.17,1.492,1.755,2,2.322,2.585,2.907,2.17,2.492
1,1,0,0.322,0.585,0.907,0.17,0.492,0.755,1,1.322,1.585,1.907,1.17,1.492,1.755,2,2.322,2.585,2.907,2.17,2.492
2,2,0.322,0.585,0.907,0.17,0.492,0.755,0.077,1.322,1.585,1.907,1.17,1.492,1.755,1.077,2.322,2.585,2.907,2.17,2.492,2.755
3,3,0.322,0.585,0.907,0.17,0.492,0.755,0.077,1.322,1.585,1.907,1.17,1.492,1.755,1.077,2.322,2.585,2.907,2.17,2.492,2.755
4,4,0.585,0.907,0.17,0.492,0.755,0.077,0.34,1.585,1.907,1.17,1.492,1.755,1.077,1.34,2.585,2.907,2.17,2.492,2.755,2.077
5,5,0.585,0.907,0.17,0.492,0.755,0.077,0.34,1.585,1.907,1.17,1.492,1.755,1.077,1.34,2.585,2.907,2.17,2.492,2.755,2.077
6,6,0.907,0.17,0.492,0.755,0.077,0.34,0.662,1.907,1.17,1.492,1.755,1.077,1.34,1.662,2.907,2.17,2.492,2.755,2.077,2.34
7,7,0.907,0.17,0.492,0.755,0.077,0.34,0.662,1.907,1.17,1.492,1.755,1.077,1.34,1.662,2.907,2.17,2.492,2.755,2.077,2.34
8,8,0.17,0.492,0.755,0.077,0.34,0.662,0.925,1.17,1.492,1.755,1.077,1.34,1.662,1.925,2.17,2.492,2.755,2.077,2.34,2.662
9,9,0.17,0.492,0.755,0.077,0.34,0.662,0.925,1.17,1.492,1.755,1.077,1.34,1.662,1.925,2.17,2.492,2.755,2.077,2.34,2.662
10,10,0.492,0.755,0.077,0.34,0.662,0.925,0.247,1.492,1.755,1.077,1.34,1.662,1.925,1.247,2.492,2.755,2.077,2.34,2.662,2.925
11,11,0.492,0.755,0.077,0.34,0.662,0.925,0.247,1.492,1.755,1.077,1.34,1.662,1.925,1.247,2.492,2.755,2.077,2.34,2.662,2.925
12,12,0.755,0.077,0.34,0.662,0.925,0.247,0.51,1.755,1.077,1.34,1.662,1.925,1.247,1.51,2.755,2.077,2.34,2.662,2.925,2.247
13,13,0.755,0.077,0.34,0.662,0.925,0.247,0.51,1.755,1.077,1.34,1.662,1.925,1.247,1.51,2.755,2.077,2.34,2.662,2.925,2.247
14,14,0.077,0.34,0.662,0.925,0.247,0.51,0.832,1.077,1.34,1.662,1.925,1.247,1.51,1.832,2.077,2.34,2.662,2.925,2.247,2.51
15,15,0.077,0.34,0.662,0.925,0.247,0.51,0.832,1.077,1.34,1.662,1.925,1.247,1.51,1.832,2.077,2.34,2.662,2.925,2.247,2.51
16,16,0.34,0.662,0.925,0.247,0.51,0.832,0.095,1.34,1.662,1.925,1.247,1.51,1.832,1.095,2.34,2.662,2.925,2.247,2.51,2.832
17,17,0.34,0.662,0.925,0.247,0.51,0.832,0.095,1.34,1.662,1.925,1.247,1.51,1.832,1.095,2.34,2.662,2.925,2.247,2.51,2.832
18,18,0.662,0.925,0.247,0.51,0.832,0.095,0.417,1.662,1.925,1.247,1.51,1.832,1.095,1.417,2.662,2.925,2.247,2.51,2.832,2.095
19,19,0.662,0.925,0.247,0.51,0.832,0.095,0.417,1.662,1.925,1.247,1.51,1.832,1.095,1.417,2.662,2.925,2.247,2.51,2.832,2.095
20,20,0.925,0.247,0.51,0.832,0.095,0.417,0.68,1.925,1.247,1.51,1.832,1.095,1.417,1.68,2.925,2.247,2.51,2.832,2.095,2.417
21,21,0.925,0.247,0.51,0.832,0.095,0.417,0.68,1.925,1.247,1.51,1.832,1.095,1.417,1.68,2.925,2.247,2.51,2.832,2.095,2.417
22,22,0.247,0.51,0.832,0.095,0.417,0.68,0.002,1.247,1.51,1.832,1.095,1.417,1.68,1.002,2.247,2.51,2.832,2.095,2.417,2.68
23,23,0.247,0.51,0.832,0.095,0.417,0.68,0.002,1.247,1.51,1.832,1.095,1.417,1.68,1.002,2.247,2.51,2.832,2.095,2.417,2.68
24,24,0.51,0.832,0.095,0.417,0.68,0.002,0.265,1.51,1.832,1.095,1.417,1.68,1.002,1.265,2.51,2.832,2.095,2.417,2.68,2.002
25,25,0.51,0.832,0.095,0.417,0.68,0.002,0.265,1.51,1.832,1.095,1.417,1.68,1.002,1.265,2.51,2.832,2.095,2.417,2.68,2.002
26,26,0.832,0.095,0.417,0.68,0.002,0.265,0.587,1.832,1.095,1.417,1.68,1.002,1.265,1.587,2.832,2.095,2.417,2.68,2.002,2.265
27,27,0.832,0.095,0.417,0.68,0.002,0.265,0.587,1.832,1.095,1.417,1.68,1.002,1.265,1.587,2.832,2.095,2.417,2.68,2.002,2.265
28,28,0.095,0.417,0.68,0.002,0.265,0.587,0.85,1.095,1.417,1.68,1.002,1.265,1.587,1.85,2.095,2.417,2.68,2.002,2.265,2.587
29,29,0.095,0.417,0.68,0.002,0.265,0.587,0.85,1.095,1.417,1.68,1.002,1.265,1.587,1.85,2.095,2.417,2.68,2.002,2.265,2.587
30,30,0.417,0.68,0.002,0.265,0.587,0.85,0.172,1.417,1.68,1.002,1.265,1.587,1.85,1.172,2.417,2.68,2.002,2.265,2.587,2.85
31,31,0.417,0.68,0.002,0.265,0.587,0.85,0.172,1.417,1.68,1.002,1.265,1.587,1.85,1.172,2.417,2.68,2.002,2.265,2.587,2.85
32,32,0.68,0.002,0.265,0.587,0.85,0.172,0.435,1.68,1.002,1.265,1.587,1.85,1.172,1.435,2.68,2.002,2.265,2.587,2.85,2.172
33,33,0.68,0.002,0.265,0.587,0.85,0.172,0.435,1.68,1.002,1.265,1.587,1.85,1.172,1.435,2.68,2.002,2.265,2.587,2.85,2.172
34,34,0.002,0.265,0.587,0.85,0.172,0.435,0.757,1.002,1.265,1.587,1.85,1.172,1.435,1.757,2.002,2.265,2.587,2.85,2.172,2.435
35,35,0.002,0.265,0.587,0.85,0.172,0.435,0.757,1.002,1.265,1.587,1.85,1.172,1.435,1.757,2.002,2.265,2.587,2.85,2.172,2.435
36,36,0.265,0.587,0.85,0.172,0.435,0.757,0.02,1.265,1.587,1.85,1.172,1.435,1.757,1.02,2.265,2.587,2.85,2.172,2.435,2.757
37,37,0.265,0.587,0.85,0.172,0.435,0.757,0.02,1.265,1.587,1.85,1.172,1.435,1.757,1.02,2.265,2.587,2.85,2.172,2.435,2.757
38,38,0.587,0.85,0.172,0.435,0.757,0.02,0.342,1.587,1.85,1.172,1.435,1.757,1.02,1.342,2.587,2.85,2.172,2.435,2.757,2.02
39,39,0.587,0.85,0.172,0.435,0.757,0.02,0.342,1.587,1.85,1.172,1.435,1.757,1.02,1.342,2.587,2.85,2.172,2.435,2.757,2.02
40,40,0.85,0.172,0.435,0.757,0.02,0.342,0.605,1.85,1.172,1.435,1.757,1.02,1.342,1.605,2.85,2.172,2.435,2.757,2.02,2.342
41,41,0.85,0.172,0.435,0.757,0.02,0.342,0.605,1.85,1.172,1.435,1.757,1.02,1.342,1.605,2.85,2.172,2.435,2.757,2.02,2.342
42,42,0.172,0.435,0.757,0.02,0.342,0.605,0.927,1.172,1.435,1.757,1.02,1.342,1.605,1.927,2.172,2.435,2.757,2.02,2.342,2.605
43,43,0.172,0.435,0.757,0.02,0.342,0.605,0.927,1.172,1.435,1.757,1.02,1.342,1.605,1.927,2.172,2.435,2.757,2.02,2.342,2.605
44,44,0.435,0.757,0.02,0.342,0.605,0.927,0.19,1.435,1.757,1.02,1.342,1.605,1.927,1.19,2.435,2.757,2.02,2.342,2.605,2.927
45,45,0.435,0.757,0.02,0.342,0.605,0.927,0.19,1.435,1.757,1.02,1.342,1.605,1.927,1.19,2.435,2.757,2.02,2.342,2.605,2.927
46,46,0.757,0.02,0.342,0.605,0.927,0.19,0.512,1.757,1.02,1.342,1.605,1.927,1.19,1.512,2.757,2.02,2.342,2.605,2.927,2.19
47,47,0.757,0.02,0.342,0.605,0.927,0.19,0.512,1.757,1.02,1.342,1.605,1.927,1.19,1.512,2.757,2.02,2.342,2.605,2.927,2.19
48,48,0.02,0.342,0.605,0.927,0.19,0.512,0.775,1.02,1.342,1.605,1.927,1.19,1.512,1.775,2.02,2.342,2.605,2.927,2.19,2.512
49,49,0.02,0.342,0.605,0.927,0.19,0.512,0.775,1.02,1.342,1.605,1.927,1.19,1.512,1.775,2.02,2.342,2.605,2.927,2.19,2.512
50,50,0.342,0.605,0.927,0.19,0.512,0.775,0.097,1.342,1.605,1.927,1.19,1.512,1.775,1.097,2.342,2.605,2.927,2.19,2.512,2.775
51,51,0.342,0.605,0.927,0.19,0.512,0.775,0.097,1.342,1.605,1.927,1.19,1.512,1.775,1.097,2.342,2.605,2.927,2.19,2.512,2.775
52,52,0.605,0.927,0.19,0.512,0.775,0.097,0.359999999999999,1.605,1.927,1.19,1.512,1.775,1.097,1.36,2.605,2.927,2.19,2.512,2.775,2.097
53,53,0.605,0.927,0.19,0.512,0.775,0.097,0.359999999999999,1.605,1.927,1.19,1.512,1.775,1.097,1.36,2.605,2.927,2.19,2.512,2.775,2.097
54,54,0.927,0.19,0.512,0.775,0.097,0.359999999999999,0.682,1.927,1.19,1.512,1.775,1.097,1.36,1.682,2.927,2.19,2.512,2.775,2.097,2.36
55,55,0.927,0.19,0.512,0.775,0.097,0.359999999999999,0.682,1.927,1.19,1.512,1.775,1.097,1.36,1.682,2.927,2.19,2.512,2.775,2.097,2.36
56,56,0.19,0.512,0.775,0.097,0.359999999999999,0.682,0.944999999999999,1.19,1.512,1.775,1.097,1.36,1.682,1.945,2.19,2.512,2.775,2.097,2.36,2.682
57,57,0.19,0.512,0.775,0.097,0.359999999999999,0.682,0.944999999999999,1.19,1.512,1.775,1.097,1.36,1.682,1.945,2.19,2.512,2.775,2.097,2.36,2.682
58,58,0.512,0.775,0.097,0.359999999999999,0.682,0.944999999999999,0.266999999999999,1.512,1.775,1.097,1.36,1.682,1.945,1.267,2.512,2.775,2.097,2.36,2.682,2.945
59,59,0.512,0.775,0.097,0.359999999999999,0.682,0.944999999999999,0.266999999999999,1.512,1.775,1.097,1.36,1.682,1.945,1.267,2.512,2.775,2.097,2.36,2.682,2.945
60,60,0.775,0.097,0.359999999999999,0.682,0.944999999999999,0.266999999999999,0.529999999999999,1.775,1.097,1.36,1.682,1.945,1.267,1.53,2.775,2.097,2.36,2.682,2.945,2.267
61,61,0.775,0.097,0.359999999999999,0.682,0.944999999999999,0.266999999999999,0.529999999999999,1.775,1.097,1.36,1.682,1.945,1.267,1.53,2.775,2.097,2.36,2.682,2.945,2.267
62,62,0.097,0.359999999999999,0.682,0.944999999999999,0.266999999999999,0.529999999999999,0.851999999999999,1.097,1.36,1.682,1.945,1.267,1.53,1.852,2.097,2.36,2.682,2.945,2.267,2.53
63,63,0.097,0.359999999999999,0.682,0.944999999999999,0.266999999999999,0.529999999999999,0.851999999999999,1.097,1.36,1.682,1.945,1.267,1.53,1.852,2.097,2.36,2.682,2.945,2.267,2.53
64,64,0.359999999999999,0.682,0.944999999999999,0.266999999999999,0.529999999999999,0.851999999999999,0.114999999999999,1.36,1.682,1.945,1.267,1.53,1.852,1.115,2.36,2.682,2.945,2.267,2.53,2.852
65,65,0.359999999999999,0.682,0.944999999999999,0.266999999999999,0.529999999999999,0.851999999999999,0.114999999999999,1.36,1.682,1.945,1.267,1.53,1.852,1.115,2.36,2.682,2.945,2.267,2.53,2.852
66,66,0.682,0.944999999999999,0.266999999999999,0.529999999999999,0.851999999999999,0.114999999999999,0.436999999999999,1.682,1.945,1.267,1.53,1.852,1.115,1.437,2.682,2.945,2.267,2.53,2.852,2.115
67,67,0.682,0.944999999999999,0.266999999999999,0.529999999999999,0.851999999999999,0.114999999999999,0.436999999999999,1.682,1.945,1.267,1.53,1.852,1.115,1.437,2.682,2.945,2.267,2.53,2.852,2.115
68,68,0.944999999999999,0.266999999999999,0.529999999999999,0.851999999999999,0.114999999999999,0.436999999999999,0.699999999999999,1.945,1.267,1.53,1.852,1.115,1.437,1.7,2.945,2.267,2.53,2.852,2.115,2.437
69,69,0.944999999999999,0.266999999999999,0.529999999999999,0.851999999999999,0.114999999999999,0.436999999999999,0.699999999999999,1.945,1.267,1.53,1.852,1.115,1.437,1.7,2.945,2.267,2.53,2.852,2.115,2.437
70,70,0.266999999999999,0.529999999999999,0.851999999999999,0.114999999999999,0.436999999999999,0.699999999999999,0.021999999999999,1.267,1.53,1.852,1.115,1.437,1.7,1.022,2.267,2.53,2.852,2.115,2.437,2.7
71,71,0.266999999999999,0.529999999999999,0.851999999999999,0.114999999999999,0.436999999999999,0.699999999999999,0.021999999999999,1.267,1.53,1.852,1.115,1.437,1.7,1.022,2.267,2.53,2.852,2.115,2.437,2.7
72,72,0.529999999999999,0.851999999999999,0.114999999999999,0.436999999999999,0.699999999999999,0.021999999999999,0.284999999999999,1.53,1.852,1.115,1.437,1.7,1.022,1.285,2.53,2.852,2.115,2.437,2.7,2.022
73,73,0.529999999999999,0.851999999999999,0.114999999999999,0.436999999999999,0.699999999999999,0.021999999999999,0.284999999999999,1.53,1.852,1.115,1.437,1.7,1.022,1.285,2.53,2.852,2.115,2.437,2.7,2.022
74,74,0.851999999999999,0.114999999999999,0.436999999999999,0.699999999999999,0.021999999999999,0.284999999999999,0.606999999999999,1.852,1.115,1.437,1.7,1.022,1.285,1.607,2.852,2.115,2.437,2.7,2.022,2.285
75,75,0.851999999999999,0.114999999999999,0.436999999999999,0.699999999999999,0.021999999999999,0.284999999999999,0.606999999999999,1.852,1.115,1.437,1.7,1.022,1.285,1.607,2.852,2.115,2.437,2.7,2.022,2.285
76,76,0.114999999999999,0.436999999999999,0.699999999999999,0.021999999999999,0.284999999999999,0.606999999999999,0.869999999999999,1.115,1.437,1.7,1.022,1.285,1.607,1.87,2.115,2.437,2.7,2.022,2.285,2.607
77,77,0.114999999999999,0.436999999999999,0.699999999999999,0.021999999999999,0.284999999999999,0.606999999999999,0.869999999999999,1.115,1.437,1.7,1.022,1.285,1.607,1.87,2.115,2.437,2.7,2.022,2.285,2.607
78,78,0.436999999999999,0.699999999999999,0.021999999999999,0.284999999999999,0.606999999999999,0.869999999999999,0.191999999999999,1.437,1.7,1.022,1.285,1.607,1.87,1.192,2.437,2.7,2.022,2.285,2.607,2.87
79,79,0.436999999999999,0.699999999999999,0.021999999999999,0.284999999999999,0.606999999999999,0.869999999999999,0.191999999999999,1.437,1.7,1.022,1.285,1.607,1.87,1.192,2.437,2.7,2.022,2.285,2.607,2.87
80,80,0.699999999999999,0.021999999999999,0.284999999999999,0.606999999999999,0.869999999999999,0.191999999999999,0.454999999999999,1.7,1.022,1.285,1.607,1.87,1.192,1.455,2.7,2.022,2.285,2.607,2.87,2.192
81,81,0.699999999999999,0.021999999999999,0.284999999999999,0.606999999999999,0.869999999999999,0.191999999999999,0.454999999999999,1.7,1.022,1.285,1.607,1.87,1.192,1.455,2.7,2.022,2.285,2.607,2.87,2.192
82,82,0.021999999999999,0.284999999999999,0.606999999999999,0.869999999999999,0.191999999999999,0.454999999999999,0.776999999999999,1.022,1.285,1.607,1.87,1.192,1.455,1.777,2.022,2.285,2.607,2.87,2.192,2.455
83,83,0.021999999999999,0.284999999999999,0.606999999999999,0.869999999999999,0.191999999999999,0.454999999999999,0.776999999999999,1.022,1.285,1.607,1.87,1.192,1.455,1.777,2.022,2.285,2.607,2.87,2.192,2.455
84,84,0.284999999999999,0.606999999999999,0.869999999999999,0.191999999999999,0.454999999999999,0.776999999999999,0.039999999999999,1.285,1.607,1.87,1.192,1.455,1.777,1.04,2.285,2.607,2.87,2.192,2.455,2.777
85,85,0.284999999999999,0.606999999999999,0.869999999999999,0.191999999999999,0.454999999999999,0.776999999999999,0.039999999999999,1.285,1.607,1.87,1.192,1.455,1.777,1.04,2.285,2.607,2.87,2.192,2.455,2.777
86,86,0.606999999999999,0.869999999999999,0.191999999999999,0.454999999999999,0.776999999999999,0.039999999999999,0.361999999999999,1.607,1.87,1.192,1.455,1.777,1.04,1.362,2.607,2.87,2.192,2.455,2.777,2.04
87,87,0.606999999999999,0.869999999999999,0.191999999999999,0.454999999999999,0.776999999999999,0.039999999999999,0.361999999999999,1.607,1.87,1.192,1.455,1.777,1.04,1.362,2.607,2.87,2.192,2.455,2.777,2.04
88,88,0.869999999999999,0.191999999999999,0.454999999999999,0.776999999999999,0.039999999999999,0.361999999999999,0.624999999999999,1.87,1.192,1.455,1.777,1.04,1.362,1.625,2.87,2.192,2.455,2.777,2.04,2.362
89,89,0.869999999999999,0.191999999999999,0.454999999999999,0.776999999999999,0.039999999999999,0.361999999999999,0.624999999999999,1.87,1.192,1.455,1.777,1.04,1.362,1.625,2.87,2.192,2.455,2.777,2.04,2.362
90,90,0.191999999999999,0.454999999999999,0.776999999999999,0.039999999999999,0.361999999999999,0.624999999999999,0.946999999999999,1.192,1.455,1.777,1.04,1.362,1.625,1.947,2.192,2.455,2.777,2.04,2.362,2.625
91,91,0.191999999999999,0.454999999999999,0.776999999999999,0.039999999999999,0.361999999999999,0.624999999999999,0.946999999999999,1.192,1.455,1.777,1.04,1.362,1.625,1.947,2.192,2.455,2.777,2.04,2.362,2.625
92,92,0.454999999999999,0.776999999999999,0.039999999999999,0.361999999999999,0.624999999999999,0.946999999999999,0.209999999999999,1.455,1.777,1.04,1.362,1.625,1.947,1.21,2.455,2.777,2.04,2.362,2.625,2.947
93,93,0.454999999999999,0.776999999999999,0.039999999999999,0.361999999999999,0.624999999999999,0.946999999999999,0.209999999999999,1.455,1.777,1.04,1.362,1.625,1.947,1.21,2.455,2.777,2.04,2.362,2.625,2.947
94,94,0.776999999999999,0.039999999999999,0.361999999999999,0.624999999999999,0.946999999999999,0.209999999999999,0.531999999999999,1.777,1.04,1.362,1.625,1.947,1.21,1.532,2.777,2.04,2.362,2.625,2.947,2.21
95,95,0.776999999999999,0.039999999999999,0.361999999999999,0.624999999999999,0.946999999999999,0.209999999999999,0.531999999999999,1.777,1.04,1.362,1.625,1.947,1.21,1.532,2.777,2.04,2.362,2.625,2.947,2.21
96,96,0.039999999999999,0.361999999999999,0.624999999999999,0.946999999999999,0.209999999999999,0.531999999999999,0.794999999999999,1.04,1.362,1.625,1.947,1.21,1.532,1.795,2.04,2.362,2.625,2.947,2.21,2.532
97,97,0.039999999999999,0.361999999999999,0.624999999999999,0.946999999999999,0.209999999999999,0.531999999999999,0.794999999999999,1.04,1.362,1.625,1.947,1.21,1.532,1.795,2.04,2.362,2.625,2.947,2.21,2.532
98,98,0.361999999999999,0.624999999999999,0.946999999999999,0.209999999999999,0.531999999999999,0.794999999999999,0.116999999999999,1.362,1.625,1.947,1.21,1.532,1.795,1.117,2.362,2.625,2.947,2.21,2.532,2.795
99,99,0.361999999999999,0.624999999999999,0.946999999999999,0.209999999999999,0.531999999999999,0.794999999999999,0.116999999999999,1.362,1.625,1.947,1.21,1.532,1.795,1.117,2.362,2.625,2.947,2.21,2.532,2.795
100,100,0.624999999999999,0.946999999999999,0.209999999999999,0.531999999999999,0.794999999999999,0.116999999999999,0.379999999999999,1.625,1.947,1.21,1.532,1.795,1.117,1.38,2.625,2.947,2.21,2.532,2.795,2.117
101,101,0.624999999999999,0.946999999999999,0.209999999999999,0.531999999999999,0.794999999999999,0.116999999999999,0.379999999999999,1.625,1.947,1.21,1.532,1.795,1.117,1.38,2.625,2.947,2.21,2.532,2.795,2.117
102,102,0.946999999999999,0.209999999999999,0.531999999999999,0.794999999999999,0.116999999999999,0.379999999999999,0.701999999999999,1.947,1.21,1.532,1.795,1.117,1.38,1.702,2.947,2.21,2.532,2.795,2.117,2.38
103,103,0.946999999999999,0.209999999999999,0.531999999999999,0.794999999999999,0.116999999999999,0.379999999999999,0.701999999999999,1.947,1.21,1.532,1.795,1.117,1.38,1.702,2.947,2.21,2.532,2.795,2.117,2.38
104,104,0.209999999999999,0.531999999999999,0.794999999999999,0.116999999999999,0.379999999999999,0.701999999999999,0.964999999999999,1.21,1.532,1.795,1.117,1.38,1.702,1.965,2.21,2.532,2.795,2.117,2.38,2.702
105,105,0.209999999999999,0.531999999999999,0.794999999999999,0.116999999999999,0.379999999999999,0.701999999999999,0.964999999999999,1.21,1.532,1.795,1.117,1.38,1.702,1.965,2.21,2.532,2.795,2.117,2.38,2.702
106,106,0.531999999999999,0.794999999999999,0.116999999999999,0.379999999999999,0.701999999999999,0.964999999999999,0.286999999999999,1.532,1.795,1.117,1.38,1.702,1.965,1.287,2.532,2.795,2.117,2.38,2.702,2.965
107,107,0.531999999999999,0.794999999999999,0.116999999999999,0.379999999999999,0.701999999999999,0.964999999999999,0.286999999999999,1.532,1.795,1.117,1.38,1.702,1.965,1.287,2.532,2.795,2.117,2.38,2.702,2.965
108,108,0.794999999999999,0.116999999999999,0.379999999999999,0.701999999999999,0.964999999999999,0.286999999999999,0.549999999999999,1.795,1.117,1.38,1.702,1.965,1.287,1.55,2.795,2.117,2.38,2.702,2.965,2.287
109,109,0.794999999999999,0.116999999999999,0.379999999999999,0.701999999999999,0.964999999999999,0.286999999999999,0.549999999999999,1.795,1.117,1.38,1.702,1.965,1.287,1.55,2.795,2.117,2.38,2.702,2.965,2.287
110,110,0.116999999999999,0.379999999999999,0.701999999999999,0.964999999999999,0.286999999999999,0.549999999999999,0.871999999999999,1.117,1.38,1.702,1.965,1.287,1.55,1.872,2.117,2.38,2.702,2.965,2.287,2.55
111,111,0.116999999999999,0.379999999999999,0.701999999999999,0.964999999999999,0.286999999999999,0.549999999999999,0.871999999999999,1.117,1.38,1.702,1.965,1.287,1.55,1.872,2.117,2.38,2.702,2.965,2.287,2.55
112,112,0.379999999999999,0.701999999999999,0.964999999999999,0.286999999999999,0.549999999999999,0.871999999999999,0.134999999999999,1.38,1.702,1.965,1.287,1.55,1.872,1.135,2.38,2.702,2.965,2.287,2.55,2.872
113,113,0.379999999999999,0.701999999999999,0.964999999999999,0.286999999999999,0.549999999999999,0.871999999999999,0.134999999999999,1.38,1.702,1.965,1.287,1.55,1.872,1.135,2.38,2.702,2.965,2.287,2.55,2.872
114,114,0.701999999999999,0.964999999999999,0.286999999999999,0.549999999999999,0.871999999999999,0.134999999999999,0.456999999999999,1.702,1.965,1.287,1.55,1.872,1.135,1.457,2.702,2.965,2.287,2.55,2.872,2.135
115,115,0.701999999999999,0.964999999999999,0.286999999999999,0.549999999999999,0.871999999999999,0.134999999999999,0.456999999999999,1.702,1.965,1.287,1.55,1.872,1.135,1.457,2.702,2.965,2.287,2.55,2.872,2.135
116,116,0.964999999999999,0.286999999999999,0.549999999999999,0.871999999999999,0.134999999999999,0.456999999999999,0.719999999999999,1.965,1.287,1.55,1.872,1.135,1.457,1.72,2.965,2.287,2.55,2.872,2.135,2.457
117,117,0.964999999999999,0.286999999999999,0.549999999999999,0.871999999999999,0.134999999999999,0.456999999999999,0.719999999999999,1.965,1.287,1.55,1.872,1.135,1.457,1.72,2.965,2.287,2.55,2.872,2.135,2.457
118,118,0.286999999999999,0.549999999999999,0.871999999999999,0.134999999999999,0.456999999999999,0.719999999999999,0.041999999999999,1.287,1.55,1.872,1.135,1.457,1.72,1.042,2.287,2.55,2.872,2.135,2.457,2.72
119,119,0.286999999999999,0.549999999999999,0.871999999999999,0.134999999999999,0.456999999999999,0.719999999999999,0.041999999999999,1.287,1.55,1.872,1.135,1.457,1.72,1.042,2.287,2.55,2.872,2.135,2.457,2.72
120,120,0.549999999999999,0.871999999999999,0.134999999999999,0.456999999999999,0.719999999999999,0.041999999999999,0.304999999999999,1.55,1.872,1.135,1.457,1.72,1.042,1.305,2.55,2.872,2.135,2.457,2.72,2.042
121,121,0.549999999999999,0.871999999999999,0.134999999999999,0.456999999999999,0.719999999999999,0.041999999999999,0.304999999999999,1.55,1.872,1.135,1.457,1.72,1.042,1.305,2.55,2.872,2.135,2.457,2.72,2.042
122,122,0.871999999999999,0.134999999999999,0.456999999999999,0.719999999999999,0.041999999999999,0.304999999999999,0.626999999999999,1.872,1.135,1.457,1.72,1.042,1.305,1.627,2.872,2.135,2.457,2.72,2.042,2.305
123,123,0.871999999999999,0.134999999999999,0.456999999999999,0.719999999999999,0.041999999999999,0.304999999999999,0.626999999999999,1.872,1.135,1.457,1.72,1.042,1.305,1.627,2.872,2.135,2.457,2.72,2.042,2.305
124,124,0.134999999999999,0.456999999999999,0.719999999999999,0.041999999999999,0.304999999999999,0.626999999999999,0.889999999999999,1.135,1.457,1.72,1.042,1.305,1.627,1.89,2.135,2.457,2.72,2.042,2.305,2.627
125,125,0.134999999999999,0.456999999999999,0.719999999999999,0.041999999999999,0.304999999999999,0.626999999999999,0.889999999999999,1.135,1.457,1.72,1.042,1.305,1.627,1.89,2.135,2.457,2.72,2.042,2.305,2.627
126,126,0.456999999999999,0.719999999999999,0.041999999999999,0.304999999999999,0.626999999999999,0.889999999999999,0.211999999999999,1.457,1.72,1.042,1.305,1.627,1.89,1.212,2.457,2.72,2.042,2.305,2.627,2.89
127,127,0.456999999999999,0.719999999999999,0.041999999999999,0.304999999999999,0.626999999999999,0.889999999999999,0.211999999999999,1.457,1.72,1.042,1.305,1.627,1.89,1.212,2.457,2.72,2.042,2.305,2.627,2.89
128,128,0.719999999999999,0.041999999999999,0.304999999999999,0.626999999999999,0.889999999999999,0.211999999999999,0.474999999999999,1.72,1.042,1.305,1.627,1.89,1.212,1.475,2.72,2.042,2.305,2.627,2.89,2.212
129,129,0.719999999999999,0.041999999999999,0.304999999999999,0.626999999999999,0.889999999999999,0.211999999999999,0.474999999999999,1.72,1.042,1.305,1.627,1.89,1.212,1.475,2.72,2.042,2.305,2.627,2.89,2.212
130,130,0.041999999999999,0.304999999999999,0.626999999999999,0.889999999999999,0.211999999999999,0.474999999999999,0.796999999999999,1.042,1.305,1.627,1.89,1.212,1.475,1.797,2.042,2.305,2.627,2.89,2.212,2.475
131,131,0.041999999999999,0.304999999999999,0.626999999999999,0.889999999999999,0.211999999999999,0.474999999999999,0.796999999999999,1.042,1.305,1.627,1.89,1.212,1.475,1.797,2.042,2.305,2.627,2.89,2.212,2.475
132,132,0.304999999999999,0.626999999999999,0.889999999999999,0.211999999999999,0.474999999999999,0.796999999999999,0.059999999999999,1.305,1.627,1.89,1.212,1.475,1.797,1.06,2.305,2.627,2.89,2.212,2.475,2.797
133,133,0.304999999999999,0.626999999999999,0.889999999999999,0.211999999999999,0.474999999999999,0.796999999999999,0.059999999999999,1.305,1.627,1.89,1.212,1.475,1.797,1.06,2.305,2.627,2.89,2.212,2.475,2.797
134,134,0.626999999999999,0.889999999999999,0.211999999999999,0.474999999999999,0.796999999999999,0.059999999999999,0.381999999999999,1.627,1.89,1.212,1.475,1.797,1.06,1.382,2.627,2.89,2.212,2.475,2.797,2.06
135,135,0.626999999999999,0.889999999999999,0.211999999999999,0.474999999999999,0.796999999999999,0.059999999999999,0.381999999999999,1.627,1.89,1.212,1.475,1.797,1.06,1.382,2.627,2.89,2.212,2.475,2.797,2.06
136,136,0.889999999999999,0.211999999999999,0.474999999999999,0.796999999999999,0.059999999999999,0.381999999999999,0.644999999999999,1.89,1.212,1.475,1.797,1.06,1.382,1.645,2.89,2.212,2.475,2.797,2.06,2.382
137,137,0.889999999999999,0.211999999999999,0.474999999999999,0.796999999999999,0.059999999999999,0.381999999999999,0.644999999999999,1.89,1.212,1.475,1.797,1.06,1.382,1.645,2.89,2.212,2.475,2.797,2.06,2.382
138,138,0.211999999999999,0.474999999999999,0.796999999999999,0.059999999999999,0.381999999999999,0.644999999999999,0.966999999999999,1.212,1.475,1.797,1.06,1.382,1.645,1.967,2.212,2.475,2.797,2.06,2.382,2.645
139,139,0.211999999999999,0.474999999999999,0.796999999999999,0.059999999999999,0.381999999999999,0.644999999999999,0.966999999999999,1.212,1.475,1.797,1.06,1.382,1.645,1.967,2.212,2.475,2.797,2.06,2.382,2.645
140,140,0.474999999999999,0.796999999999999,0.059999999999999,0.381999999999999,0.644999999999999,0.966999999999999,0.229999999999999,1.475,1.797,1.06,1.382,1.645,1.967,1.23,2.475,2.797,2.06,2.382,2.645,2.967
141,141,0.474999999999999,0.796999999999999,0.059999999999999,0.381999999999999,0.644999999999999,0.966999999999999,0.229999999999999,1.475,1.797,1.06,1.382,1.645,1.967,1.23,2.475,2.797,2.06,2.382,2.645,2.967
142,142,0.796999999999999,0.059999999999999,0.381999999999999,0.644999999999999,0.966999999999999,0.229999999999999,0.551999999999999,1.797,1.06,1.382,1.645,1.967,1.23,1.552,2.797,2.06,2.382,2.645,2.967,2.23
143,143,0.796999999999999,0.059999999999999,0.381999999999999,0.644999999999999,0.966999999999999,0.229999999999999,0.551999999999999,1.797,1.06,1.382,1.645,1.967,1.23,1.552,2.797,2.06,2.382,2.645,2.967,2.23
144,144,0.059999999999999,0.381999999999999,0.644999999999999,0.966999999999999,0.229999999999999,0.551999999999999,0.814999999999999,1.06,1.382,1.645,1.967,1.23,1.552,1.815,2.06,2.382,2.645,2.967,2.23,2.552
145,145,0.059999999999999,0.381999999999999,0.644999999999999,0.966999999999999,0.229999999999999,0.551999999999999,0.814999999999999,1.06,1.382,1.645,1.967,1.23,1.552,1.815,2.06,2.382,2.645,2.967,2.23,2.552
146,146,0.381999999999999,0.644999999999999,0.966999999999999,0.229999999999999,0.551999999999999,0.814999999999999,0.136999999999999,1.382,1.645,1.967,1.23,1.552,1.815,1.137,2.382,2.645,2.967,2.23,2.552,2.815
147,147,0.381999999999999,0.644999999999999,0.966999999999999,0.229999999999999,0.551999999999999,0.814999999999999,0.136999999999999,1.382,1.645,1.967,1.23,1.552,1.815,1.137,2.382,2.645,2.967,2.23,2.552,2.815
148,148,0.644999999999999,0.966999999999999,0.229999999999999,0.551999999999999,0.814999999999999,0.136999999999999,0.399999999999999,1.645,1.967,1.23,1.552,1.815,1.137,1.4,2.645,2.967,2.23,2.552,2.815,2.137
149,149,0.644999999999999,0.966999999999999,0.229999999999999,0.551999999999999,0.814999999999999,0.136999999999999,0.399999999999999,1.645,1.967,1.23,1.552,1.815,1.137,1.4,2.645,2.967,2.23,2.552,2.815,2.137
150,150,0.966999999999999,0.229999999999999,0.551999999999999,0.814999999999999,0.136999999999999,0.399999999999999,0.721999999999999,1.967,1.23,1.552,1.815,1.137,1.4,1.722,2.967,2.23,2.552,2.815,2.137,2.4
151,151,0.966999999999999,0.229999999999999,0.551999999999999,0.814999999999999,0.136999999999999,0.399999999999999,0.721999999999999,1.967,1.23,1.552,1.815,1.137,1.4,1.722,2.967,2.23,2.552,2.815,2.137,2.4
152,152,0.229999999999999,0.551999999999999,0.814999999999999,0.136999999999999,0.399999999999999,0.721999999999999,0.984999999999999,1.23,1.552,1.815,1.137,1.4,1.722,1.985,2.23,2.552,2.815,2.137,2.4,2.722
153,153,0.229999999999999,0.551999999999999,0.814999999999999,0.136999999999999,0.399999999999999,0.721999999999999,0.984999999999999,1.23,1.552,1.815,1.137,1.4,1.722,1.985,2.23,2.552,2.815,2.137,2.4,2.722
154,154,0.551999999999999,0.814999999999999,0.136999999999999,0.399999999999999,0.721999999999999,0.984999999999999,0.306999999999999,1.552,1.815,1.137,1.4,1.722,1.985,1.307,2.552,2.815,2.137,2.4,2.722,2.985
155,155,0.551999999999999,0.814999999999999,0.136999999999999,0.399999999999999,0.721999999999999,0.984999999999999,0.306999999999999,1.552,1.815,1.137,1.4,1.722,1.985,1.307,2.552,2.815,2.137,2.4,2.722,2.985
156,156,0.814999999999999,0.136999999999999,0.399999999999999,0.721999999999999,0.984999999999999,0.306999999999999,0.569999999999999,1.815,1.137,1.4,1.722,1.985,1.307,1.57,2.815,2.137,2.4,2.722,2.985,2.307
157,157,0.814999999999999,0.136999999999999,0.399999999999999,0.721999999999999,0.984999999999999,0.306999999999999,0.569999999999999,1.815,1.137,1.4,1.722,1.985,1.307,1.57,2.815,2.137,2.4,2.722,2.985,2.307
158,158,0.136999999999999,0.399999999999999,0.721999999999999,0.984999999999999,0.306999999999999,0.569999999999999,0.891999999999999,1.137,1.4,1.722,1.985,1.307,1.57,1.892,2.137,2.4,2.722,2.985,2.307,2.57
159,159,0.136999999999999,0.399999999999999,0.721999999999999,0.984999999999999,0.306999999999999,0.569999999999999,0.891999999999999,1.137,1.4,1.722,1.985,1.307,1.57,1.892,2.137,2.4,2.722,2.985,2.307,2.57
160,160,0.399999999999999,0.721999999999999,0.984999999999999,0.306999999999999,0.569999999999999,0.891999999999999,0.154999999999998,1.4,1.722,1.985,1.307,1.57,1.892,1.155,2.4,2.722,2.985,2.307,2.57,2.892
161,161,0.399999999999999,0.721999999999999,0.984999999999999,0.306999999999999,0.569999999999999,0.891999999999999,0.154999999999998,1.4,1.722,1.985,1.307,1.57,1.892,1.155,2.4,2.722,2.985,2.307,2.57,2.892
162,162,0.721999999999999,0.984999999999999,0.306999999999999,0.569999999999999,0.891999999999999,0.154999999999998,0.476999999999998,1.722,1.985,1.307,1.57,1.892,1.155,1.477,2.722,2.985,2.307,2.57,2.892,2.155
163,163,0.721999999999999,0.984999999999999,0.306999999999999,0.569999999999999,0.891999999999999,0.154999999999998,0.476999999999998,1.722,1.985,1.307,1.57,1.892,1.155,1.477,2.722,2.985,2.307,2.57,2.892,2.155
164,164,0.984999999999999,0.306999999999999,0.569999999999999,0.891999999999999,0.154999999999998,0.476999999999998,0.739999999999998,1.985,1.307,1.57,1.892,1.155,1.477,1.74,2.985,2.307,2.57,2.892,2.155,2.477
165,165,0.984999999999999,0.306999999999999,0.569999999999999,0.891999999999999,0.154999999999998,0.476999999999998,0.739999999999998,1.985,1.307,1.57,1.892,1.155,1.477,1.74,2.985,2.307,2.57,2.892,2.155,2.477
166,166,0.306999999999999,0.569999999999999,0.891999999999999,0.154999999999998,0.476999999999998,0.739999999999998,0.061999999999999,1.307,1.57,1.892,1.155,1.477,1.74,1.062,2.307,2.57,2.892,2.155,2.477,2.74
167,167,0.306999999999999,0.569999999999999,0.891999999999999,0.154999999999998,0.476999999999998,0.739999999999998,0.061999999999999,1.307,1.57,1.892,1.155,1.477,1.74,1.062,2.307,2.57,2.892,2.155,2.477,2.74
168,168,0.569999999999999,0.891999999999999,0.154999999999998,0.476999999999998,0.739999999999998,0.061999999999999,0.324999999999998,1.57,1.892,1.155,1.477,1.74,1.062,1.325,2.57,2.892,2.155,2.477,2.74,2.062
169,169,0.569999999999999,0.891999999999999,0.154999999999998,0.476999999999998,0.739999999999998,0.061999999999999,0.324999999999998,1.57,1.892,1.155,1.477,1.74,1.062,1.325,2.57,2.892,2.155,2.477,2.74,2.062
170,170,0.891999999999999,0.154999999999998,0.476999999999998,0.739999999999998,0.061999999999999,0.324999999999998,0.646999999999998,1.892,1.155,1.477,1.74,1.062,1.325,1.647,2.892,2.155,2.477,2.74,2.062,2.325
171,171,0.891999999999999,0.154999999999998,0.476999999999998,0.739999999999998,0.061999999999999,0.324999999999998,0.646999999999998,1.892,1.155,1.477,1.74,1.062,1.325,1.647,2.892,2.155,2.477,2.74,2.062,2.325
172,172,0.154999999999998,0.476999999999998,0.739999999999998,0.061999999999999,0.324999999999998,0.646999999999998,0.909999999999998,1.155,1.477,1.74,1.062,1.325,1.647,1.91,2.155,2.477,2.74,2.062,2.325,2.647
173,173,0.154999999999998,0.476999999999998,0.739999999999998,0.061999999999999,0.324999999999998,0.646999999999998,0.909999999999998,1.155,1.477,1.74,1.062,1.325,1.647,1.91,2.155,2.477,2.74,2.062,2.325,2.647
174,174,0.476999999999998,0.739999999999998,0.061999999999999,0.324999999999998,0.646999999999998,0.909999999999998,0.231999999999998,1.477,1.74,1.062,1.325,1.647,1.91,1.232,2.477,2.74,2.062,2.325,2.647,2.91
175,175,0.476999999999998,0.739999999999998,0.061999999999999,0.324999999999998,0.646999999999998,0.909999999999998,0.231999999999998,1.477,1.74,1.062,1.325,1.647,1.91,1.232,2.477,2.74,2.062,2.325,2.647,2.91
176,176,0.739999999999998,0.061999999999999,0.324999999999998,0.646999999999998,0.909999999999998,0.231999999999998,0.494999999999998,1.74,1.062,1.325,1.647,1.91,1.232,1.495,2.74,2.062,2.325,2.647,2.91,2.232
177,177,0.739999999999998,0.061999999999999,0.324999999999998,0.646999999999998,0.909999999999998,0.231999999999998,0.494999999999998,1.74,1.062,1.325,1.647,1.91,1.232,1.495,2.74,2.062,2.325,2.647,2.91,2.232
178,178,0.061999999999999,0.324999999999998,0.646999999999998,0.909999999999998,0.231999999999998,0.494999999999998,0.816999999999998,1.062,1.325,1.647,1.91,1.232,1.495,1.817,2.062,2.325,2.647,2.91,2.232,2.495
179,179,0.061999999999999,0.324999999999998,0.646999999999998,0.909999999999998,0.231999999999998,0.494999999999998,0.816999999999998,1.062,1.325,1.647,1.91,1.232,1.495,1.817,2.062,2.325,2.647,2.91,2.232,2.495
180,180,0.324999999999998,0.646999999999998,0.909999999999998,0.231999999999998,0.494999999999998,0.816999999999998,0.079999999999998,1.325,1.647,1.91,1.232,1.495,1.817,1.08,2.325,2.647,2.91,2.232,2.495,2.817
181,181,0.324999999999998,0.646999999999998,0.909999999999998,0.231999999999998,0.494999999999998,0.816999999999998,0.079999999999998,1.325,1.647,1.91,1.232,1.495,1.817,1.08,2.325,2.647,2.91,2.232,2.495,2.817
182,182,0.646999999999998,0.909999999999998,0.231999999999998,0.494999999999998,0.816999999999998,0.079999999999998,0.401999999999998,1.647,1.91,1.232,1.495,1.817,1.08,1.402,2.647,2.91,2.232,2.495,2.817,2.08
183,183,0.646999999999998,0.909999999999998,0.231999999999998,0.494999999999998,0.816999999999998,0.079999999999998,0.401999999999998,1.647,1.91,1.232,1.495,1.817,1.08,1.402,2.647,2.91,2.232,2.495,2.817,2.08
184,184,0.909999999999998,0.231999999999998,0.494999999999998,0.816999999999998,0.079999999999998,0.401999999999998,0.664999999999998,1.91,1.232,1.495,1.817,1.08,1.402,1.665,2.91,2.232,2.495,2.817,2.08,2.402
185,185,0.909999999999998,0.231999999999998,0.494999999999998,0.816999999999998,0.079999999999998,0.401999999999998,0.664999999999998,1.91,1.232,1.495,1.817,1.08,1.402,1.665,2.91,2.232,2.495,2.817,2.08,2.402
186,186,0.231999999999998,0.494999999999998,0.816999999999998,0.079999999999998,0.401999999999998,0.664999999999998,0.986999999999998,1.232,1.495,1.817,1.08,1.402,1.665,1.987,2.232,2.495,2.817,2.08,2.402,2.665
187,187,0.231999999999998,0.494999999999998,0.816999999999998,0.079999999999998,0.401999999999998,0.664999999999998,0.986999999999998,1.232,1.495,1.817,1.08,1.402,1.665,1.987,2.232,2.495,2.817,2.08,2.402,2.665
188,188,0.494999999999998,0.816999999999998,0.079999999999998,0.401999999999998,0.664999999999998,0.986999999999998,0.249999999999998,1.495,1.817,1.08,1.402,1.665,1.987,1.25,2.495,2.817,2.08,2.402,2.665,2.987
189,189,0.494999999999998,0.816999999999998,0.079999999999998,0.401999999999998,0.664999999999998,0.986999999999998,0.249999999999998,1.495,1.817,1.08,1.402,1.665,1.987,1.25,2.495,2.817,2.08,2.402,2.665,2.987
190,190,0.816999999999998,0.079999999999998,0.401999999999998,0.664999999999998,0.986999999999998,0.249999999999998,0.571999999999998,1.817,1.08,1.402,1.665,1.987,1.25,1.572,2.817,2.08,2.402,2.665,2.987,2.25
191,191,0.816999999999998,0.079999999999998,0.401999999999998,0.664999999999998,0.986999999999998,0.249999999999998,0.571999999999998,1.817,1.08,1.402,1.665,1.987,1.25,1.572,2.817,2.08,2.402,2.665,2.987,2.25
192,192,0.079999999999998,0.401999999999998,0.664999999999998,0.986999999999998,0.249999999999998,0.571999999999998,0.834999999999998,1.08,1.402,1.665,1.987,1.25,1.572,1.835,2.08,2.402,2.665,2.987,2.25,2.572
193,193,0.079999999999998,0.401999999999998,0.664999999999998,0.986999999999998,0.249999999999998,0.571999999999998,0.834999999999998,1.08,1.402,1.665,1.987,1.25,1.572,1.835,2.08,2.402,2.665,2.987,2.25,2.572
194,194,0.401999999999998,0.664999999999998,0.986999999999998,0.249999999999998,0.571999999999998,0.834999999999998,0.156999999999998,1.402,1.665,1.987,1.25,1.572,1.835,1.157,2.402,2.665,2.987,2.25,2.572,2.835
195,195,0.401999999999998,0.664999999999998,0.986999999999998,0.249999999999998,0.571999999999998,0.834999999999998,0.156999999999998,1.402,1.665,1.987,1.25,1.572,1.835,1.157,2.402,2.665,2.987,2.25,2.572,2.835
196,196,0.664999999999998,0.986999999999998,0.249999999999998,0.571999999999998,0.834999999999998,0.156999999999998,0.419999999999998,1.665,1.987,1.25,1.572,1.835,1.157,1.42,2.665,2.987,2.25,2.572,2.835,2.157
197,197,0.664999999999998,0.986999999999998,0.249999999999998,0.571999999999998,0.834999999999998,0.156999999999998,0.419999999999998,1.665,1.987,1.25,1.572,1.835,1.157,1.42,2.665,2.987,2.25,2.572,2.835,2.157
198,198,0.986999999999998,0.249999999999998,0.571999999999998,0.834999999999998,0.156999999999998,0.419999999999998,0.741999999999998,1.987,1.25,1.572,1.835,1.157,1.42,1.742,2.987,2.25,2.572,2.835,2.157,2.42
199,199,0.986999999999998,0.249999999999998,0.571999999999998,0.834999999999998,0.156999999999998,0.419999999999998,0.741999999999998,1.987,1.25,1.572,1.835,1.157,1.42,1.742,2.987,2.25,2.572,2.835,2.157,2.42
200,200,0.249999999999998,0.571999999999998,0.834999999999998,0.156999999999998,0.419999999999998,0.741999999999998,0.004999999999998,1.25,1.572,1.835,1.157,1.42,1.742,1.005,2.25,2.572,2.835,2.157,2.42,2.742
201,201,0.249999999999998,0.571999999999998,0.834999999999998,0.156999999999998,0.419999999999998,0.741999999999998,0.004999999999998,1.25,1.572,1.835,1.157,1.42,1.742,1.005,2.25,2.572,2.835,2.157,2.42,2.742
202,202,0.571999999999998,0.834999999999998,0.156999999999998,0.419999999999998,0.741999999999998,0.004999999999998,0.326999999999998,1.572,1.835,1.157,1.42,1.742,1.005,1.327,2.572,2.835,2.157,2.42,2.742,2.005
203,203,0.571999999999998,0.834999999999998,0.156999999999998,0.419999999999998,0.741999999999998,0.004999999999998,0.326999999999998,1.572,1.835,1.157,1.42,1.742,1.005,1.327,2.572,2.835,2.157,2.42,2.742,2.005
204,204,0.834999999999998,0.156999999999998,0.419999999999998,0.741999999999998,0.004999999999998,0.326999999999998,0.589999999999998,1.835,1.157,1.42,1.742,1.005,1.327,1.59,2.835,2.157,2.42,2.742,2.005,2.327
205,205,0.834999999999998,0.156999999999998,0.419999999999998,0.741999999999998,0.004999999999998,0.326999999999998,0.589999999999998,1.835,1.157,1.42,1.742,1.005,1.327,1.59,2.835,2.157,2.42,2.742,2.005,2.327
206,206,0.156999999999998,0.419999999999998,0.741999999999998,0.004999999999998,0.326999999999998,0.589999999999998,0.911999999999998,1.157,1.42,1.742,1.005,1.327,1.59,1.912,2.157,2.42,2.742,2.005,2.327,2.59
207,207,0.156999999999998,0.419999999999998,0.741999999999998,0.004999999999998,0.326999999999998,0.589999999999998,0.911999999999998,1.157,1.42,1.742,1.005,1.327,1.59,1.912,2.157,2.42,2.742,2.005,2.327,2.59
208,208,0.419999999999998,0.741999999999998,0.004999999999998,0.326999999999998,0.589999999999998,0.911999999999998,0.174999999999998,1.42,1.742,1.005,1.327,1.59,1.912,1.175,2.42,2.742,2.005,2.327,2.59,2.912
209,209,0.419999999999998,0.741999999999998,0.004999999999998,0.326999999999998,0.589999999999998,0.911999999999998,0.174999999999998,1.42,1.742,1.005,1.327,1.59,1.912,1.175,2.42,2.742,2.005,2.327,2.59,2.912
210,210,0.741999999999998,0.004999999999998,0.326999999999998,0.589999999999998,0.911999999999998,0.174999999999998,0.496999999999998,1.742,1.005,1.327,1.59,1.912,1.175,1.497,2.742,2.005,2.327,2.59,2.912,2.175
211,211,0.741999999999998,0.004999999999998,0.326999999999998,0.589999999999998,0.911999999999998,0.174999999999998,0.496999999999998,1.742,1.005,1.327,1.59,1.912,1.175,1.497,2.742,2.005,2.327,2.59,2.912,2.175
212,212,0.004999999999998,0.326999999999998,0.589999999999998,0.911999999999998,0.174999999999998,0.496999999999998,0.759999999999998,1.005,1.327,1.59,1.912,1.175,1.497,1.76,2.005,2.327,2.59,2.912,2.175,2.497
213,213,0.004999999999998,0.326999999999998,0.589999999999998,0.911999999999998,0.174999999999998,0.496999999999998,0.759999999999998,1.005,1.327,1.59,1.912,1.175,1.497,1.76,2.005,2.327,2.59,2.912,2.175,2.497
214,214,0.326999999999998,0.589999999999998,0.911999999999998,0.174999999999998,0.496999999999998,0.759999999999998,0.081999999999998,1.327,1.59,1.912,1.175,1.497,1.76,1.082,2.327,2.59,2.912,2.175,2.497,2.76
215,215,0.326999999999998,0.589999999999998,0.911999999999998,0.174999999999998,0.496999999999998,0.759999999999998,0.081999999999998,1.327,1.59,1.912,1.175,1.497,1.76,1.082,2.327,2.59,2.912,2.175,2.497,2.76
216,216,0.589999999999998,0.911999999999998,0.174999999999998,0.496999999999998,0.759999999999998,0.081999999999998,0.344999999999998,1.59,1.912,1.175,1.497,1.76,1.082,1.345,2.59,2.912,2.175,2.497,2.76,2.082
217,217,0.589999999999998,0.911999999999998,0.174999999999998,0.496999999999998,0.759999999999998,0.081999999999998,0.344999999999998,1.59,1.912,1.175,1.497,1.76,1.082,1.345,2.59,2.912,2.175,2.497,2.76,2.082
218,218,0.911999999999998,0.174999999999998,0.496999999999998,0.759999999999998,0.081999999999998,0.344999999999998,0.666999999999998,1.912,1.175,1.497,1.76,1.082,1.345,1.667,2.912,2.175,2.497,2.76,2.082,2.345
219,219,0.911999999999998,0.174999999999998,0.496999999999998,0.759999999999998,0.081999999999998,0.344999999999998,0.666999999999998,1.912,1.175,1.497,1.76,1.082,1.345,1.667,2.912,2.175,2.497,2.76,2.082,2.345
220,220,0.174999999999998,0.496999999999998,0.759999999999998,0.081999999999998,0.344999999999998,0.666999999999998,0.929999999999998,1.175,1.497,1.76,1.082,1.345,1.667,1.93,2.175,2.497,2.76,2.082,2.345,2.667
221,221,0.174999999999998,0.496999999999998,0.759999999999998,0.081999999999998,0.344999999999998,0.666999999999998,0.929999999999998,1.175,1.497,1.76,1.082,1.345,1.667,1.93,2.175,2.497,2.76,2.082,2.345,2.667
222,222,0.496999999999998,0.759999999999998,0.081999999999998,0.344999999999998,0.666999999999998,0.929999999999998,0.251999999999998,1.497,1.76,1.082,1.345,1.667,1.93,1.252,2.497,2.76,2.082,2.345,2.667,2.93
223,223,0.496999999999998,0.759999999999998,0.081999999999998,0.344999999999998,0.666999999999998,0.929999999999998,0.251999999999998,1.497,1.76,1.082,1.345,1.667,1.93,1.252,2.497,2.76,2.082,2.345,2.667,2.93
224,224,0.759999999999998,0.081999999999998,0.344999999999998,0.666999999999998,0.929999999999998,0.251999999999998,0.514999999999998,1.76,1.082,1.345,1.667,1.93,1.252,1.515,2.76,2.082,2.345,2.667,2.93,2.252
225,225,0.759999999999998,0.081999999999998,0.344999999999998,0.666999999999998,0.929999999999998,0.251999999999998,0.514999999999998,1.76,1.082,1.345,1.667,1.93,1.252,1.515,2.76,2.082,2.345,2.667,2.93,2.252
226,226,0.081999999999998,0.344999999999998,0.666999999999998,0.929999999999998,0.251999999999998,0.514999999999998,0.836999999999998,1.082,1.345,1.667,1.93,1.252,1.515,1.837,2.082,2.345,2.667,2.93,2.252,2.515
227,227,0.081999999999998,0.344999999999998,0.666999999999998,0.929999999999998,0.251999999999998,0.514999999999998,0.836999999999998,1.082,1.345,1.667,1.93,1.252,1.515,1.837,2.082,2.345,2.667,2.93,2.252,2.515
228,228,0.344999999999998,0.666999999999998,0.929999999999998,0.251999999999998,0.514999999999998,0.836999999999998,0.099999999999998,1.345,1.667,1.93,1.252,1.515,1.837,1.1,2.345,2.667,2.93,2.252,2.515,2.837
229,229,0.344999999999998,0.666999999999998,0.929999999999998,0.251999999999998,0.514999999999998,0.836999999999998,0.099999999999998,1.345,1.667,1.93,1.252,1.515,1.837,1.1,2.345,2.667,2.93,2.252,2.515,2.837
230,230,0.666999999999998,0.929999999999998,0.251999999999998,0.514999999999998,0.836999999999998,0.099999999999998,0.421999999999998,1.667,1.93,1.252,1.515,1.837,1.1,1.422,2.667,2.93,2.252,2.515,2.837,2.1
231,231,0.666999999999998,0.929999999999998,0.251999999999998,0.514999999999998,0.836999999999998,0.099999999999998,0.421999999999998,1.667,1.93,1.252,1.515,1.837,1.1,1.422,2.667,2.93,2.252,2.515,2.837,2.1
232,232,0.929999999999998,0.251999999999998,0.514999999999998,0.836999999999998,0.099999999999998,0.421999999999998,0.684999999999998,1.93,1.252,1.515,1.837,1.1,1.422,1.685,2.93,2.252,2.515,2.837,2.1,2.422
233,233,0.929999999999998,0.251999999999998,0.514999999999998,0.836999999999998,0.099999999999998,0.421999999999998,0.684999999999998,1.93,1.252,1.515,1.837,1.1,1.422,1.685,2.93,2.252,2.515,2.837,2.1,2.422
234,234,0.251999999999998,0.514999999999998,0.836999999999998,0.099999999999998,0.421999999999998,0.684999999999998,0.006999999999998,1.252,1.515,1.837,1.1,1.422,1.685,1.007,2.252,2.515,2.837,2.1,2.422,2.685
235,235,0.251999999999998,0.514999999999998,0.836999999999998,0.099999999999998,0.421999999999998,0.684999999999998,0.006999999999998,1.252,1.515,1.837,1.1,1.422,1.685,1.007,2.252,2.515,2.837,2.1,2.422,2.685
236,236,0.514999999999998,0.836999999999998,0.099999999999998,0.421999999999998,0.684999999999998,0.006999999999998,0.269999999999998,1.515,1.837,1.1,1.422,1.685,1.007,1.27,2.515,2.837,2.1,2.422,2.685,2.007
237,237,0.514999999999998,0.836999999999998,0.099999999999998,0.421999999999998,0.684999999999998,0.006999999999998,0.269999999999998,1.515,1.837,1.1,1.422,1.685,1.007,1.27,2.515,2.837,2.1,2.422,2.685,2.007
238,238,0.836999999999998,0.099999999999998,0.421999999999998,0.684999999999998,0.006999999999998,0.269999999999998,0.591999999999998,1.837,1.1,1.422,1.685,1.007,1.27,1.592,2.837,2.1,2.422,2.685,2.007,2.27
239,239,0.836999999999998,0.099999999999998,0.421999999999998,0.684999999999998,0.006999999999998,0.269999999999998,0.591999999999998,1.837,1.1,1.422,1.685,1.007,1.27,1.592,2.837,2.1,2.422,2.685,2.007,2.27
240,240,0.099999999999998,0.421999999999998,0.684999999999998,0.006999999999998,0.269999999999998,0.591999999999998,0.854999999999998,1.1,1.422,1.685,1.007,1.27,1.592,1.855,2.1,2.422,2.685,2.007,2.27,2.592
241,241,0.099999999999998,0.421999999999998,0.684999999999998,0.006999999999998,0.269999999999998,0.591999999999998,0.854999999999998,1.1,1.422,1.685,1.007,1.27,1.592,1.855,2.1,2.422,2.685,2.007,2.27,2.592
242,242,0.421999999999998,0.684999999999998,0.006999999999998,0.269999999999998,0.591999999999998,0.854999999999998,0.176999999999998,1.422,1.685,1.007,1.27,1.592,1.855,1.177,2.422,2.685,2.007,2.27,2.592,2.855
243,243,0.421999999999998,0.684999999999998,0.006999999999998,0.269999999999998,0.591999999999998,0.854999999999998,0.176999999999998,1.422,1.685,1.007,1.27,1.592,1.855,1.177,2.422,2.685,2.007,2.27,2.592,2.855
244,244,0.684999999999998,0.006999999999998,0.269999999999998,0.591999999999998,0.854999999999998,0.176999999999998,0.439999999999998,1.685,1.007,1.27,1.592,1.855,1.177,1.44,2.685,2.007,2.27,2.592,2.855,2.177
245,245,0.684999999999998,0.006999999999998,0.269999999999998,0.591999999999998,0.854999999999998,0.176999999999998,0.439999999999998,1.685,1.007,1.27,1.592,1.855,1.177,1.44,2.685,2.007,2.27,2.592,2.855,2.177
246,246,0.006999999999998,0.269999999999998,0.591999999999998,0.854999999999998,0.176999999999998,0.439999999999998,0.761999999999998,1.007,1.27,1.592,1.855,1.177,1.44,1.762,2.007,2.27,2.592,2.855,2.177,2.44
247,247,0.006999999999998,0.269999999999998,0.591999999999998,0.854999999999998,0.176999999999998,0.439999999999998,0.761999999999998,1.007,1.27,1.592,1.855,1.177,1.44,1.762,2.007,2.27,2.592,2.855,2.177,2.44
248,248,0.269999999999998,0.591999999999998,0.854999999999998,0.176999999999998,0.439999999999998,0.761999999999998,0.024999999999998,1.27,1.592,1.855,1.177,1.44,1.762,1.025,2.27,2.592,2.855,2.177,2.44,2.762
249,249,0.269999999999998,0.591999999999998,0.854999999999998,0.176999999999998,0.439999999999998,0.761999999999998,0.024999999999998,1.27,1.592,1.855,1.177,1.44,1.762,1.025,2.27,2.592,2.855,2.177,2.44,2.762
250,250,0.591999999999998,0.854999999999998,0.176999999999998,0.439999999999998,0.761999999999998,0.024999999999998,0.346999999999998,1.592,1.855,1.177,1.44,1.762,1.025,1.347,2.592,2.855,2.177,2.44,2.762,2.025
251,251,0.591999999999998,0.854999999999998,0.176999999999998,0.439999999999998,0.761999999999998,0.024999999999998,0.346999999999998,1.592,1.855,1.177,1.44,1.762,1.025,1.347,2.592,2.855,2.177,2.44,2.762,2.025
252,252,0.854999999999998,0.176999999999998,0.439999999999998,0.761999999999998,0.024999999999998,0.346999999999998,0.609999999999998,1.855,1.177,1.44,1.762,1.025,1.347,1.61,2.855,2.177,2.44,2.762,2.025,2.347
253,253,0.854999999999998,0.176999999999998,0.439999999999998,0.761999999999998,0.024999999999998,0.346999999999998,0.609999999999998,1.855,1.177,1.44,1.762,1.025,1.347,1.61,2.855,2.177,2.44,2.762,2.025,2.347
254,254,0.176999999999998,0.439999999999998,0.761999999999998,0.024999999999998,0.346999999999998,0.609999999999998,0.931999999999998,1.177,1.44,1.762,1.025,1.347,1.61,1.932,2.177,2.44,2.762,2.025,2.347,2.61
255,255,0.176999999999998,0.439999999999998,0.761999999999998,0.024999999999998,0.346999999999998,0.609999999999998,0.931999999999998,1.177,1.44,1.762,1.025,1.347,1.61,1.932,2.177,2.44,2.762,2.025,2.347,2.61
256,256,0.439999999999998,0.761999999999998,0.024999999999998,0.346999999999998,0.609999999999998,0.931999999999998,0.194999999999998,1.44,1.762,1.025,1.347,1.61,1.932,1.195,2.44,2.762,2.025,2.347,2.61,2.932
257,257,0.439999999999998,0.761999999999998,0.024999999999998,0.346999999999998,0.609999999999998,0.931999999999998,0.194999999999998,1.44,1.762,1.025,1.347,1.61,1.932,1.195,2.44,2.762,2.025,2.347,2.61,2.932
258,258,0.761999999999998,0.024999999999998,0.346999999999998,0.609999999999998,0.931999999999998,0.194999999999998,0.516999999999998,1.762,1.025,1.347,1.61,1.932,1.195,1.517,2.762,2.025,2.347,2.61,2.932,2.195
259,259,0.761999999999998,0.024999999999998,0.346999999999998,0.609999999999998,0.931999999999998,0.194999999999998,0.516999999999998,1.762,1.025,1.347,1.61,1.932,1.195,1.517,2.762,2.025,2.347,2.61,2.932,2.195
260,260,0.024999999999998,0.346999999999998,0.609999999999998,0.931999999999998,0.194999999999998,0.516999999999998,0.779999999999998,1.025,1.347,1.61,1.932,1.195,1.517,1.78,2.025,2.347,2.61,2.932,2.195,2.517
261,261,0.024999999999998,0.346999999999998,0.609999999999998,0.931999999999998,0.194999999999998,0.516999999999998,0.779999999999998,1.025,1.347,1.61,1.932,1.195,1.517,1.78,2.025,2.347,2.61,2.932,2.195,2.517
262,262,0.346999999999998,0.609999999999998,0.931999999999998,0.194999999999998,0.516999999999998,0.779999999999998,0.101999999999998,1.347,1.61,1.932,1.195,1.517,1.78,1.102,2.347,2.61,2.932,2.195,2.517,2.78
263,263,0.346999999999998,0.609999999999998,0.931999999999998,0.194999999999998,0.516999999999998,0.779999999999998,0.101999999999998,1.347,1.61,1.932,1.195,1.517,1.78,1.102,2.347,2.61,2.932,2.195,2.517,2.78
264,264,0.609999999999998,0.931999999999998,0.194999999999998,0.516999999999998,0.779999999999998,0.101999999999998,0.364999999999998,1.61,1.932,1.195,1.517,1.78,1.102,1.365,2.61,2.932,2.195,2.517,2.78,2.102
265,265,0.609999999999998,0.931999999999998,0.194999999999998,0.516999999999998,0.779999999999998,0.101999999999998,0.364999999999998,1.61,1.932,1.195,1.517,1.78,1.102,1.365,2.61,2.932,2.195,2.517,2.78,2.102
266,266,0.931999999999998,0.194999999999998,0.516999999999998,0.779999999999998,0.101999999999998,0.364999999999998,0.686999999999998,1.932,1.195,1.517,1.78,1.102,1.365,1.687,2.932,2.195,2.517,2.78,2.102,2.365
267,267,0.931999999999998,0.194999999999998,0.516999999999998,0.779999999999998,0.101999999999998,0.364999999999998,0.686999999999998,1.932,1.195,1.517,1.78,1.102,1.365,1.687,2.932,2.195,2.517,2.78,2.102,2.365
268,268,0.194999999999998,0.516999999999998,0.779999999999998,0.101999999999998,0.364999999999998,0.686999999999998,0.949999999999998,1.195,1.517,1.78,1.102,1.365,1.687,1.95,2.195,2.517,2.78,2.102,2.365,2.687
269,269,0.194999999999998,0.516999999999998,0.779999999999998,0.101999999999998,0.364999999999998,0.686999999999998,0.949999999999998,1.195,1.517,1.78,1.102,1.365,1.687,1.95,2.195,2.517,2.78,2.102,2.365,2.687
270,270,0.516999999999998,0.779999999999998,0.101999999999998,0.364999999999998,0.686999999999998,0.949999999999998,0.271999999999998,1.517,1.78,1.102,1.365,1.687,1.95,1.272,2.517,2.78,2.102,2.365,2.687,2.95
271,271,0.516999999999998,0.779999999999998,0.101999999999998,0.364999999999998,0.686999999999998,0.949999999999998,0.271999999999998,1.517,1.78,1.102,1.365,1.687,1.95,1.272,2.517,2.78,2.102,2.365,2.687,2.95
272,272,0.779999999999998,0.101999999999998,0.364999999999998,0.686999999999998,0.949999999999998,0.271999999999998,0.534999999999998,1.78,1.102,1.365,1.687,1.95,1.272,1.535,2.78,2.102,2.365,2.687,2.95,2.272
273,273,0.779999999999998,0.101999999999998,0.364999999999998,0.686999999999998,0.949999999999998,0.271999999999998,0.534999999999998,1.78,1.102,1.365,1.687,1.95,1.272,1.535,2.78,2.102,2.365,2.687,2.95,2.272
274,274,0.101999999999998,0.364999999999998,0.686999999999998,0.949999999999998,0.271999999999998,0.534999999999998,0.856999999999998,1.102,1.365,1.687,1.95,1.272,1.535,1.857,2.102,2.365,2.687,2.95,2.272,2.535
275,275,0.101999999999998,0.364999999999998,0.686999999999998,0.949999999999998,0.271999999999998,0.534999999999998,0.856999999999998,1.102,1.365,1.687,1.95,1.272,1.535,1.857,2.102,2.365,2.687,2.95,2.272,2.535
276,276,0.364999999999998,0.686999999999998,0.949999999999998,0.271999999999998,0.534999999999998,0.856999999999998,0.119999999999997,1.365,1.687,1.95,1.272,1.535,1.857,1.12,2.365,2.687,2.95,2.272,2.535,2.857
277,277,0.364999999999998,0.686999999999998,0.949999999999998,0.271999999999998,0.534999999999998,0.856999999999998,0.119999999999997,1.365,1.687,1.95,1.272,1.535,1.857,1.12,2.365,2.687,2.95,2.272,2.535,2.857
278,278,0.686999999999998,0.949999999999998,0.271999999999998,0.534999999999998,0.856999999999998,0.119999999999997,0.441999999999997,1.687,1.95,1.272,1.535,1.857,1.12,1.442,2.687,2.95,2.272,2.535,2.857,2.12
279,279,0.686999999999998,0.949999999999998,0.271999999999998,0.534999999999998,0.856999999999998,0.119999999999997,0.441999999999997,1.687,1.95,1.272,1.535,1.857,1.12,1.442,2.687,2.95,2.272,2.535,2.857,2.12
280,280,0.949999999999998,0.271999999999998,0.534999999999998,0.856999999999998,0.119999999999997,0.441999999999997,0.704999999999997,1.95,1.272,1.535,1.857,1.12,1.442,1.705,2.95,2.272,2.535,2.857,2.12,2.442
281,281,0.949999999999998,0.271999999999998,0.534999999999998,0.856999999999998,0.119999999999997,0.441999999999997,0.704999999999997,1.95,1.272,1.535,1.857,1.12,1.442,1.705,2.95,2.272,2.535,2.857,2.12,2.442
282,282,0.271999999999998,0.534999999999998,0.856999999999998,0.119999999999997,0.441999999999997,0.704999999999997,0.026999999999998,1.272,1.535,1.857,1.12,1.442,1.705,1.027,2.272,2.535,2.857,2.12,2.442,2.705
283,283,0.271999999999998,0.534999999999998,0.856999999999998,0.119999999999997,0.441999999999997,0.704999999999997,0.026999999999998,1.272,1.535,1.857,1.12,1.442,1.705,1.027,2.272,2.535,2.857,2.12,2.442,2.705
284,284,0.534999999999998,0.856999999999998,0.119999999999997,0.441999999999997,0.704999999999997,0.026999999999998,0.289999999999997,1.535,1.857,1.12,1.442,1.705,1.027,1.29,2.535,2.857,2.12,2.442,2.705,2.027
285,285,0.534999999999998,0.856999999999998,0.119999999999997,0.441999999999997,0.704999999999997,0.026999999999998,0.289999999999997,1.535,1.857,1.12,1.442,1.705,1.027,1.29,2.535,2.857,2.12,2.442,2.705,2.027
286,286,0.856999999999998,0.119999999999997,0.441999999999997,0.704999999999997,0.026999999999998,0.289999999999997,0.611999999999997,1.857,1.12,1.442,1.705,1.027,1.29,1.612,2.857,2.12,2.442,2.705,2.027,2.29
287,287,0.856999999999998,0.119999999999997,0.441999999999997,0.704999999999997,0.026999999999998,0.289999999999997,0.611999999999997,1.857,1.12,1.442,1.705,1.027,1.29,1.612,2.857,2.12,2.442,2.705,2.027,2.29
288,288,0.119999999999997,0.441999999999997,0.704999999999997,0.026999999999998,0.289999999999997,0.611999999999997,0.874999999999997,1.12,1.442,1.705,1.027,1.29,1.612,1.875,2.12,2.442,2.705,2.027,2.29,2.612
289,289,0.119999999999997,0.441999999999997,0.704999999999997,0.026999999999998,0.289999999999997,0.611999999999997,0.874999999999997,1.12,1.442,1.705,1.027,1.29,1.612,1.875,2.12,2.442,2.705,2.027,2.29,2.612
290,290,0.441999999999997,0.704999999999997,0.026999999999998,0.289999999999997,0.611999999999997,0.874999999999997,0.196999999999997,1.442,1.705,1.027,1.29,1.612,1.875,1.197,2.442,2.705,2.027,2.29,2.612,2.875
291,291,0.441999999999997,0.704999999999997,0.026999999999998,0.289999999999997,0.611999999999997,0.874999999999997,0.196999999999997,1.442,1.705,1.027,1.29,1.612,1.875,1.197,2.442,2.705,2.027,2.29,2.612,2.875
292,292,0.704999999999997,0.026999999999998,0.289999999999997,0.611999999999997,0.874999999999997,0.196999999999997,0.459999999999997,1.705,1.027,1.29,1.612,1.875,1.197,1.46,2.705,2.027,2.29,2.612,2.875,2.197
293,293,0.704999999999997,0.026999999999998,0.289999999999997,0.611999999999997,0.874999999999997,0.196999999999997,0.459999999999997,1.705,1.027,1.29,1.612,1.875,1.197,1.46,2.705,2.027,2.29,2.612,2.875,2.197
294,294,0.026999999999998,0.289999999999997,0.611999999999997,0.874999999999997,0.196999999999997,0.459999999999997,0.781999999999997,1.027,1.29,1.612,1.875,1.197,1.46,1.782,2.027,2.29,2.612,2.875,2.197,2.46
295,295,0.026999999999998,0.289999999999997,0.611999999999997,0.874999999999997,0.196999999999997,0.459999999999997,0.781999999999997,1.027,1.29,1.612,1.875,1.197,1.46,1.782,2.027,2.29,2.612,2.875,2.197,2.46
296,296,0.289999999999997,0.611999999999997,0.874999999999997,0.196999999999997,0.459999999999997,0.781999999999997,0.044999999999997,1.29,1.612,1.875,1.197,1.46,1.782,1.045,2.29,2.612,2.875,2.197,2.46,2.782
297,297,0.289999999999997,0.611999999999997,0.874999999999997,0.196999999999997,0.459999999999997,0.781999999999997,0.044999999999997,1.29,1.612,1.875,1.197,1.46,1.782,1.045,2.29,2.612,2.875,2.197,2.46,2.782
298,298,0.611999999999997,0.874999999999997,0.196999999999997,0.459999999999997,0.781999999999997,0.044999999999997,0.366999999999997,1.612,1.875,1.197,1.46,1.782,1.045,1.367,2.612,2.875,2.197,2.46,2.782,2.045
299,299,0.611999999999997,0.874999999999997,0.196999999999997,0.459999999999997,0.781999999999997,0.044999999999997,0.366999999999997,1.612,1.875,1.197,1.46,1.782,1.045,1.367,2.612,2.875,2.197,2.46,2.782,2.045
300,300,0.874999999999997,0.196999999999997,0.459999999999997,0.781999999999997,0.044999999999997,0.366999999999997,0.629999999999997,1.875,1.197,1.46,1.782,1.045,1.367,1.63,2.875,2.197,2.46,2.782,2.045,2.367
301,301,0.874999999999997,0.196999999999997,0.459999999999997,0.781999999999997,0.044999999999997,0.366999999999997,0.629999999999997,1.875,1.197,1.46,1.782,1.045,1.367,1.63,2.875,2.197,2.46,2.782,2.045,2.367
302,302,0.196999999999997,0.459999999999997,0.781999999999997,0.044999999999997,0.366999999999997,0.629999999999997,0.951999999999997,1.197,1.46,1.782,1.045,1.367,1.63,1.952,2.197,2.46,2.782,2.045,2.367,2.63
303,303,0.196999999999997,0.459999999999997,0.781999999999997,0.044999999999997,0.366999999999997,0.629999999999997,0.951999999999997,1.197,1.46,1.782,1.045,1.367,1.63,1.952,2.197,2.46,2.782,2.045,2.367,2.63
304,304,0.459999999999997,0.781999999999997,0.044999999999997,0.366999999999997,0.629999999999997,0.951999999999997,0.214999999999997,1.46,1.782,1.045,1.367,1.63,1.952,1.215,2.46,2.782,2.045,2.367,2.63,2.952
305,305,0.459999999999997,0.781999999999997,0.044999999999997,0.366999999999997,0.629999999999997,0.951999999999997,0.214999999999997,1.46,1.782,1.045,1.367,1.63,1.952,1.215,2.46,2.782,2.045,2.367,2.63,2.952
306,306,0.781999999999997,0.044999999999997,0.366999999999997,0.629999999999997,0.951999999999997,0.214999999999997,0.536999999999997,1.782,1.045,1.367,1.63,1.952,1.215,1.537,2.782,2.045,2.367,2.63,2.952,2.215
307,307,0.781999999999997,0.044999999999997,0.366999999999997,0.629999999999997,0.951999999999997,0.214999999999997,0.536999999999997,1.782,1.045,1.367,1.63,1.952,1.215,1.537,2.782,2.045,2.367,2.63,2.952,2.215
308,308,0.044999999999997,0.366999999999997,0.629999999999997,0.951999999999997,0.214999999999997,0.536999999999997,0.799999999999997,1.045,1.367,1.63,1.952,1.215,1.537,1.8,2.045,2.367,2.63,2.952,2.215,2.537
309,309,0.044999999999997,0.366999999999997,0.629999999999997,0.951999999999997,0.214999999999997,0.536999999999997,0.799999999999997,1.045,1.367,1.63,1.952,1.215,1.537,1.8,2.045,2.367,2.63,2.952,2.215,2.537
310,310,0.366999999999997,0.629999999999997,0.951999999999997,0.214999999999997,0.536999999999997,0.799999999999997,0.121999999999997,1.367,1.63,1.952,1.215,1.537,1.8,1.122,2.367,2.63,2.952,2.215,2.537,2.8
311,311,0.366999999999997,0.629999999999997,0.951999999999997,0.214999999999997,0.536999999999997,0.799999999999997,0.121999999999997,1.367,1.63,1.952,1.215,1.537,1.8,1.122,2.367,2.63,2.952,2.215,2.537,2.8
312,312,0.629999999999997,0.951999999999997,0.214999999999997,0.536999999999997,0.799999999999997,0.121999999999997,0.384999999999997,1.63,1.952,1.215,1.537,1.8,1.122,1.385,2.63,2.952,2.215,2.537,2.8,2.122
313,313,0.629999999999997,0.951999999999997,0.214999999999997,0.536999999999997,0.799999999999997,0.121999999999997,0.384999999999997,1.63,1.952,1.215,1.537,1.8,1.122,1.385,2.63,2.952,2.215,2.537,2.8,2.122
314,314,0.951999999999997,0.214999999999997,0.536999999999997,0.799999999999997,0.121999999999997,0.384999999999997,0.706999999999997,1.952,1.215,1.537,1.8,1.122,1.385,1.707,2.952,2.215,2.537,2.8,2.122,2.385
315,315,0.951999999999997,0.214999999999997,0.536999999999997,0.799999999999997,0.121999999999997,0.384999999999997,0.706999999999997,1.952,1.215,1.537,1.8,1.122,1.385,1.707,2.952,2.215,2.537,2.8,2.122,2.385
316,316,0.214999999999997,0.536999999999997,0.799999999999997,0.121999999999997,0.384999999999997,0.706999999999997,0.969999999999997,1.215,1.537,1.8,1.122,1.385,1.707,1.97,2.215,2.537,2.8,2.122,2.385,2.707
317,317,0.214999999999997,0.536999999999997,0.799999999999997,0.121999999999997,0.384999999999997,0.706999999999997,0.969999999999997,1.215,1.537,1.8,1.122,1.385,1.707,1.97,2.215,2.537,2.8,2.122,2.385,2.707
318,318,0.536999999999997,0.799999999999997,0.121999999999997,0.384999999999997,0.706999999999997,0.969999999999997,0.291999999999997,1.537,1.8,1.122,1.385,1.707,1.97,1.292,2.537,2.8,2.122,2.385,2.707,2.97
319,319,0.536999999999997,0.799999999999997,0.121999999999997,0.384999999999997,0.706999999999997,0.969999999999997,0.291999999999997,1.537,1.8,1.122,1.385,1.707,1.97,1.292,2.537,2.8,2.122,2.385,2.707,2.97
320,320,0.799999999999997,0.121999999999997,0.384999999999997,0.706999999999997,0.969999999999997,0.291999999999997,0.554999999999997,1.8,1.122,1.385,1.707,1.97,1.292,1.555,2.8,2.122,2.385,2.707,2.97,2.292
321,321,0.799999999999997,0.121999999999997,0.384999999999997,0.706999999999997,0.969999999999997,0.291999999999997,0.554999999999997,1.8,1.122,1.385,1.707,1.97,1.292,1.555,2.8,2.122,2.385,2.707,2.97,2.292
322,322,0.121999999999997,0.384999999999997,0.706999999999997,0.969999999999997,0.291999999999997,0.554999999999997,0.876999999999997,1.122,1.385,1.707,1.97,1.292,1.555,1.877,2.122,2.385,2.707,2.97,2.292,2.555
323,323,0.121999999999997,0.384999999999997,0.706999999999997,0.969999999999997,0.291999999999997,0.554999999999997,0.876999999999997,1.122,1.385,1.707,1.97,1.292,1.555,1.877,2.122,2.385,2.707,2.97,2.292,2.555
324,324,0.384999999999997,0.706999999999997,0.969999999999997,0.291999999999997,0.554999999999997,0.876999999999997,0.139999999999997,1.385,1.707,1.97,1.292,1.555,1.877,1.14,2.385,2.707,2.97,2.292,2.555,2.877
325,325,0.384999999999997,0.706999999999997,0.969999999999997,0.291999999999997,0.554999999999997,0.876999999999997,0.139999999999997,1.385,1.707,1.97,1.292,1.555,1.877,1.14,2.385,2.707,2.97,2.292,2.555,2.877
326,326,0.706999999999997,0.969999999999997,0.291999999999997,0.554999999999997,0.876999999999997,0.139999999999997,0.461999999999997,1.707,1.97,1.292,1.555,1.877,1.14,1.462,2.707,2.97,2.292,2.555,2.877,2.14
327,327,0.706999999999997,0.969999999999997,0.291999999999997,0.554999999999997,0.876999999999997,0.139999999999997,0.461999999999997,1.707,1.97,1.292,1.555,1.877,1.14,1.462,2.707,2.97,2.292,2.555,2.877,2.14
328,328,0.969999999999997,0.291999999999997,0.554999999999997,0.876999999999997,0.139999999999997,0.461999999999997,0.724999999999997,1.97,1.292,1.555,1.877,1.14,1.462,1.725,2.97,2.292,2.555,2.877,2.14,2.462
329,329,0.969999999999997,0.291999999999997,0.554999999999997,0.876999999999997,0.139999999999997,0.461999999999997,0.724999999999997,1.97,1.292,1.555,1.877,1.14,1.462,1.725,2.97,2.292,2.555,2.877,2.14,2.462
330,330,0.291999999999997,0.554999999999997,0.876999999999997,0.139999999999997,0.461999999999997,0.724999999999997,0.046999999999997,1.292,1.555,1.877,1.14,1.462,1.725,1.047,2.292,2.555,2.877,2.14,2.462,2.725
331,331,0.291999999999997,0.554999999999997,0.876999999999997,0.139999999999997,0.461999999999997,0.724999999999997,0.046999999999997,1.292,1.555,1.877,1.14,1.462,1.725,1.047,2.292,2.555,2.877,2.14,2.462,2.725
332,332,0.554999999999997,0.876999999999997,0.139999999999997,0.461999999999997,0.724999999999997,0.046999999999997,0.309999999999997,1.555,1.877,1.14,1.462,1.725,1.047,1.31,2.555,2.877,2.14,2.462,2.725,2.047
333,333,0.554999999999997,0.876999999999997,0.139999999999997,0.461999999999997,0.724999999999997,0.046999999999997,0.309999999999997,1.555,1.877,1.14,1.462,1.725,1.047,1.31,2.555,2.877,2.14,2.462,2.725,2.047
334,334,0.876999999999997,0.139999999999997,0.461999999999997,0.724999999999997,0.046999999999997,0.309999999999997,0.631999999999997,1.877,1.14,1.462,1.725,1.047,1.31,1.632,2.877,2.14,2.462,2.725,2.047,2.31
335,335,0.876999999999997,0.139999999999997,0.461999999999997,0.724999999999997,0.046999999999997,0.309999999999997,0.631999999999997,1.877,1.14,1.462,1.725,1.047,1.31,1.632,2.877,2.14,2.462,2.725,2.047,2.31
336,336,0.139999999999997,0.461999999999997,0.724999999999997,0.046999999999997,0.309999999999997,0.631999999999997,0.894999999999997,1.14,1.462,1.725,1.047,1.31,1.632,1.895,2.14,2.462,2.725,2.047,2.31,2.632
337,337,0.139999999999997,0.461999999999997,0.724999999999997,0.046999999999997,0.309999999999997,0.631999999999997,0.894999999999997,1.14,1.462,1.725,1.047,1.31,1.632,1.895,2.14,2.462,2.725,2.047,2.31,2.632
338,338,0.461999999999997,0.724999999999997,0.046999999999997,0.309999999999997,0.631999999999997,0.894999999999997,0.216999999999997,1.462,1.725,1.047,1.31,1.632,1.895,1.217,2.462,2.725,2.047,2.31,2.632,2.895
339,339,0.461999999999997,0.724999999999997,0.046999999999997,0.309999999999997,0.631999999999997,0.894999999999997,0.216999999999997,1.462,1.725,1.047,1.31,1.632,1.895,1.217,2.462,2.725,2.047,2.31,2.632,2.895
340,340,0.724999999999997,0.046999999999997,0.309999999999997,0.631999999999997,0.894999999999997,0.216999999999997,0.479999999999997,1.725,1.047,1.31,1.632,1.895,1.217,1.48,2.725,2.047,2.31,2.632,2.895,2.217
341,341,0.724999999999997,0.046999999999997,0.309999999999997,0.631999999999997,0.894999999999997,0.216999999999997,0.479999999999997,1.725,1.047,1.31,1.632,1.895,1.217,1.48,2.725,2.047,2.31,2.632,2.895,2.217
342,342,0.046999999999997,0.309999999999997,0.631999999999997,0.894999999999997,0.216999999999997,0.479999999999997,0.801999999999997,1.047,1.31,1.632,1.895,1.217,1.48,1.802,2.047,2.31,2.632,2.895,2.217,2.48
343,343,0.046999999999997,0.309999999999997,0.631999999999997,0.894999999999997,0.216999999999997,0.479999999999997,0.801999999999997,1.047,1.31,1.632,1.895,1.217,1.48,1.802,2.047,2.31,2.632,2.895,2.217,2.48
344,344,0.309999999999997,0.631999999999997,0.894999999999997,0.216999999999997,0.479999999999997,0.801999999999997,0.064999999999997,1.31,1.632,1.895,1.217,1.48,1.802,1.065,2.31,2.632,2.895,2.217,2.48,2.802
345,345,0.309999999999997,0.631999999999997,0.894999999999997,0.216999999999997,0.479999999999997,0.801999999999997,0.064999999999997,1.31,1.632,1.895,1.217,1.48,1.802,1.065,2.31,2.632,2.895,2.217,2.48,2.802
346,346,0.631999999999997,0.894999999999997,0.216999999999997,0.479999999999997,0.801999999999997,0.064999999999997,0.386999999999997,1.632,1.895,1.217,1.48,1.802,1.065,1.387,2.632,2.895,2.217,2.48,2.802,2.065
347,347,0.631999999999997,0.894999999999997,0.216999999999997,0.479999999999997,0.801999999999997,0.064999999999997,0.386999999999997,1.632,1.895,1.217,1.48,1.802,1.065,1.387,2.632,2.895,2.217,2.48,2.802,2.065
348,348,0.894999999999997,0.216999999999997,0.479999999999997,0.801999999999997,0.064999999999997,0.386999999999997,0.649999999999997,1.895,1.217,1.48,1.802,1.065,1.387,1.65,2.895,2.217,2.48,2.802,2.065,2.387
349,349,0.894999999999997,0.216999999999997,0.479999999999997,0.801999999999997,0.064999999999997,0.386999999999997,0.649999999999997,1.895,1.217,1.48,1.802,1.065,1.387,1.65,2.895,2.217,2.48,2.802,2.065,2.387
350,350,0.216999999999997,0.479999999999997,0.801999999999997,0.064999999999997,0.386999999999997,0.649999999999997,0.971999999999997,1.217,1.48,1.802,1.065,1.387,1.65,1.972,2.217,2.48,2.802,2.065,2.387,2.65
351,351,0.216999999999997,0.479999999999997,0.801999999999997,0.064999999999997,0.386999999999997,0.649999999999997,0.971999999999997,1.217,1.48,1.802,1.065,1.387,1.65,1.972,2.217,2.48,2.802,2.065,2.387,2.65
352,352,0.479999999999997,0.801999999999997,0.064999999999997,0.386999999999997,0.649999999999997,0.971999999999997,0.234999999999997,1.48,1.802,1.065,1.387,1.65,1.972,1.235,2.48,2.802,2.065,2.387,2.65,2.972
353,353,0.479999999999997,0.801999999999997,0.064999999999997,0.386999999999997,0.649999999999997,0.971999999999997,0.234999999999997,1.48,1.802,1.065,1.387,1.65,1.972,1.235,2.48,2.802,2.065,2.387,2.65,2.972
354,354,0.801999999999997,0.064999999999997,0.386999999999997,0.649999999999997,0.971999999999997,0.234999999999997,0.556999999999997,1.802,1.065,1.387,1.65,1.972,1.235,1.557,2.802,2.065,2.387,2.65,2.972,2.235
355,355,0.801999999999997,0.064999999999997,0.386999999999997,0.649999999999997,0.971999999999997,0.234999999999997,0.556999999999997,1.802,1.065,1.387,1.65,1.972,1.235,1.557,2.802,2.065,2.387,2.65,2.972,2.235
356,356,0.064999999999997,0.386999999999997,0.649999999999997,0.971999999999997,0.234999999999997,0.556999999999997,0.819999999999997,1.065,1.387,1.65,1.972,1.235,1.557,1.82,2.065,2.387,2.65,2.972,2.235,2.557
357,357,0.064999999999997,0.386999999999997,0.649999999999997,0.971999999999997,0.234999999999997,0.556999999999997,0.819999999999997,1.065,1.387,1.65,1.972,1.235,1.557,1.82,2.065,2.387,2.65,2.972,2.235,2.557
358,358,0.386999999999997,0.649999999999997,0.971999999999997,0.234999999999997,0.556999999999997,0.819999999999997,0.141999999999997,1.387,1.65,1.972,1.235,1.557,1.82,1.142,2.387,2.65,2.972,2.235,2.557,2.82
359,359,0.386999999999997,0.649999999999997,0.971999999999997,0.234999999999997,0.556999999999997,0.819999999999997,0.141999999999997,1.387,1.65,1.972,1.235,1.557,1.82,1.142,2.387,2.65,2.972,2.235,2.557,2.82
360,360,0.649999999999997,0.971999999999997,0.234999999999997,0.556999999999997,0.819999999999997,0.141999999999997,0.404999999999997,1.65,1.972,1.235,1.557,1.82,1.142,1.405,2.65,2.972,2.235,2.557,2.82,2.142
361,361,0.649999999999997,0.971999999999997,0.234999999999997,0.556999999999997,0.819999999999997,0.141999999999997,0.404999999999997,1.65,1.972,1.235,1.557,1.82,1.142,1.405,2.65,2.972,2.235,2.557,2.82,2.142
362,362,0.971999999999997,0.234999999999997,0.556999999999997,0.819999999999997,0.141999999999997,0.404999999999997,0.726999999999997,1.972,1.235,1.557,1.82,1.142,1.405,1.727,2.972,2.235,2.557,2.82,2.142,2.405
363,363,0.971999999999997,0.234999999999997,0.556999999999997,0.819999999999997,0.141999999999997,0.404999999999997,0.726999999999997,1.972,1.235,1.557,1.82,1.142,1.405,1.727,2.972,2.235,2.557,2.82,2.142,2.405
364,364,0.234999999999997,0.556999999999997,0.819999999999997,0.141999999999997,0.404999999999997,0.726999999999997,0.989999999999997,1.235,1.557,1.82,1.142,1.405,1.727,1.99,2.235,2.557,2.82,2.142,2.405,2.727
365,365,0.234999999999997,0.556999999999997,0.819999999999997,0.141999999999997,0.404999999999997,0.726999999999997,0.989999999999997,1.235,1.557,1.82,1.142,1.405,1.727,1.99,2.235,2.557,2.82,2.142,2.405,2.727
366,366,0.556999999999997,0.819999999999997,0.141999999999997,0.404999999999997,0.726999999999997,0.989999999999997,0.311999999999997,1.557,1.82,1.142,1.405,1.727,1.99,1.312,2.557,2.82,2.142,2.405,2.727,2.99
367,367,0.556999999999997,0.819999999999997,0.141999999999997,0.404999999999997,0.726999999999997,0.989999999999997,0.311999999999997,1.557,1.82,1.142,1.405,1.727,1.99,1.312,2.557,2.82,2.142,2.405,2.727,2.99
368,368,0.819999999999997,0.141999999999997,0.404999999999997,0.726999999999997,0.989999999999997,0.311999999999997,0.574999999999997,1.82,1.142,1.405,1.727,1.99,1.312,1.575,2.82,2.142,2.405,2.727,2.99,2.312
369,369,0.819999999999997,0.141999999999997,0.404999999999997,0.726999999999997,0.989999999999997,0.311999999999997,0.574999999999997,1.82,1.142,1.405,1.727,1.99,1.312,1.575,2.82,2.142,2.405,2.727,2.99,2.312
370,370,0.141999999999997,0.404999999999997,0.726999999999997,0.989999999999997,0.311999999999997,0.574999999999997,0.896999999999997,1.142,1.405,1.727,1.99,1.312,1.575,1.897,2.142,2.405,2.727,2.99,2.312,2.575
371,371,0.141999999999997,0.404999999999997,0.726999999999997,0.989999999999997,0.311999999999997,0.574999999999997,0.896999999999997,1.142,1.405,1.727,1.99,1.312,1.575,1.897,2.142,2.405,2.727,2.99,2.312,2.575
372,372,0.404999999999997,0.726999999999997,0.989999999999997,0.311999999999997,0.574999999999997,0.896999999999997,0.159999999999997,1.405,1.727,1.99,1.312,1.575,1.897,1.16,2.405,2.727,2.99,2.312,2.575,2.897
373,373,0.404999999999997,0.726999999999997,0.989999999999997,0.311999999999997,0.574999999999997,0.896999999999997,0.159999999999997,1.405,1.727,1.99,1.312,1.575,1.897,1.16,2.405,2.727,2.99,2.312,2.575,2.897
374,374,0.726999999999997,0.989999999999997,0.311999999999997,0.574999999999997,0.896999999999997,0.159999999999997,0.481999999999997,1.727,1.99,1.312,1.575,1.897,1.16,1.482,2.727,2.99,2.312,2.575,2.897,2.16
375,375,0.726999999999997,0.989999999999997,0.311999999999997,0.574999999999997,0.896999999999997,0.159999999999997,0.481999999999997,1.727,1.99,1.312,1.575,1.897,1.16,1.482,2.727,2.99,2.312,2.575,2.897,2.16
376,376,0.989999999999997,0.311999999999997,0.574999999999997,0.896999999999997,0.159999999999997,0.481999999999997,0.744999999999997,1.99,1.312,1.575,1.897,1.16,1.482,1.745,2.99,2.312,2.575,2.897,2.16,2.482
377,377,0.989999999999997,0.311999999999997,0.574999999999997,0.896999999999997,0.159999999999997,0.481999999999997,0.744999999999997,1.99,1.312,1.575,1.897,1.16,1.482,1.745,2.99,2.312,2.575,2.897,2.16,2.482
378,378,0.311999999999997,0.574999999999997,0.896999999999997,0.159999999999997,0.481999999999997,0.744999999999997,0.066999999999997,1.312,1.575,1.897,1.16,1.482,1.745,1.067,2.312,2.575,2.897,2.16,2.482,2.745
379,379,0.311999999999997,0.574999999999997,0.896999999999997,0.159999999999997,0.481999999999997,0.744999999999997,0.066999999999997,1.312,1.575,1.897,1.16,1.482,1.745,1.067,2.312,2.575,2.897,2.16,2.482,2.745
380,380,0.574999999999997,0.896999999999997,0.159999999999997,0.481999999999997,0.744999999999997,0.066999999999997,0.329999999999997,1.575,1.897,1.16,1.482,1.745,1.067,1.33,2.575,2.897,2.16,2.482,2.745,2.067
381,381,0.574999999999997,0.896999999999997,0.159999999999997,0.481999999999997,0.744999999999997,0.066999999999997,0.329999999999997,1.575,1.897,1.16,1.482,1.745,1.067,1.33,2.575,2.897,2.16,2.482,2.745,2.067
382,382,0.896999999999997,0.159999999999997,0.481999999999997,0.744999999999997,0.066999999999997,0.329999999999997,0.651999999999997,1.897,1.16,1.482,1.745,1.067,1.33,1.652,2.897,2.16,2.482,2.745,2.067,2.33
383,383,0.896999999999997,0.159999999999997,0.481999999999997,0.744999999999997,0.066999999999997,0.329999999999997,0.651999999999997,1.897,1.16,1.482,1.745,1.067,1.33,1.652,2.897,2.16,2.482,2.745,2.067,2.33
384,384,0.159999999999997,0.481999999999997,0.744999999999997,0.066999999999997,0.329999999999997,0.651999999999997,0.914999999999997,1.16,1.482,1.745,1.067,1.33,1.652,1.915,2.16,2.482,2.745,2.067,2.33,2.652
385,385,0.159999999999997,0.481999999999997,0.744999999999997,0.066999999999997,0.329999999999997,0.651999999999997,0.914999999999997,1.16,1.482,1.745,1.067,1.33,1.652,1.915,2.16,2.482,2.745,2.067,2.33,2.652
386,386,0.481999999999997,0.744999999999997,0.066999999999997,0.329999999999997,0.651999999999997,0.914999999999997,0.236999999999997,1.482,1.745,1.067,1.33,1.652,1.915,1.237,2.482,2.745,2.067,2.33,2.652,2.915
387,387,0.481999999999997,0.744999999999997,0.066999999999997,0.329999999999997,0.651999999999997,0.914999999999997,0.236999999999997,1.482,1.745,1.067,1.33,1.652,1.915,1.237,2.482,2.745,2.067,2.33,2.652,2.915
388,388,0.744999999999997,0.066999999999997,0.329999999999997,0.651999999999997,0.914999999999997,0.236999999999997,0.499999999999996,1.745,1.067,1.33,1.652,1.915,1.237,1.5,2.745,2.067,2.33,2.652,2.915,2.237
389,389,0.744999999999997,0.066999999999997,0.329999999999997,0.651999999999997,0.914999999999997,0.236999999999997,0.499999999999996,1.745,1.067,1.33,1.652,1.915,1.237,1.5,2.745,2.067,2.33,2.652,2.915,2.237
390,390,0.066999999999997,0.329999999999997,0.651999999999997,0.914999999999997,0.236999999999997,0.499999999999996,0.821999999999997,1.067,1.33,1.652,1.915,1.237,1.5,1.822,2.067,2.33,2.652,2.915,2.237,2.5
391,391,0.066999999999997,0.329999999999997,0.651999999999997,0.914999999999997,0.236999999999997,0.499999999999996,0.821999999999997,1.067,1.33,1.652,1.915,1.237,1.5,1.822,2.067,2.33,2.652,2.915,2.237,2.5
392,392,0.329999999999997,0.651999999999997,0.914999999999997,0.236999999999997,0.499999999999996,0.821999999999997,0.084999999999996,1.33,1.652,1.915,1.237,1.5,1.822,1.085,2.33,2.652,2.915,2.237,2.5,2.822
393,393,0.329999999999997,0.651999999999997,0.914999999999997,0.236999999999997,0.499999999999996,0.821999999999997,0.084999999999996,1.33,1.652,1.915,1.237,1.5,1.822,1.085,2.33,2.652,2.915,2.237,2.5,2.822
394,394,0.651999999999997,0.914999999999997,0.236999999999997,0.499999999999996,0.821999999999997,0.084999999999996,0.406999999999996,1.652,1.915,1.237,1.5,1.822,1.085,1.407,2.652,2.915,2.237,2.5,2.822,2.085
395,395,0.651999999999997,0.914999999999997,0.236999999999997,0.499999999999996,0.821999999999997,0.084999999999996,0.406999999999996,1.652,1.915,1.237,1.5,1.822,1.085,1.407,2.652,2.915,2.237,2.5,2.822,2.085
396,396,0.914999999999997,0.236999999999997,0.499999999999996,0.821999999999997,0.084999999999996,0.406999999999996,0.669999999999996,1.915,1.237,1.5,1.822,1.085,1.407,1.67,2.915,2.237,2.5,2.822,2.085,2.407
397,397,0.914999999999997,0.236999999999997,0.499999999999996,0.821999999999997,0.084999999999996,0.406999999999996,0.669999999999996,1.915,1.237,1.5,1.822,1.085,1.407,1.67,2.915,2.237,2.5,2.822,2.085,2.407
398,398,0.236999999999997,0.499999999999996,0.821999999999997,0.084999999999996,0.406999999999996,0.669999999999996,0.991999999999996,1.237,1.5,1.822,1.085,1.407,1.67,1.992,2.237,2.5,2.822,2.085,2.407,2.67
399,399,0.236999999999997,0.499999999999996,0.821999999999997,0.084999999999996,0.406999999999996,0.669999999999996,0.991999999999996,1.237,1.5,1.822,1.085,1.407,1.67,1.992,2.237,2.5,2.822,2.085,2.407,2.67
400,400,0.499999999999996,0.821999999999997,0.084999999999996,0.406999999999996,0.669999999999996,0.991999999999996,0.254999999999996,1.5,1.822,1.085,1.407,1.67,1.992,1.255,2.5,2.822,2.085,2.407,2.67,2.992
401,401,0.499999999999996,0.821999999999997,0.084999999999996,0.406999999999996,0.669999999999996,0.991999999999996,0.254999999999996,1.5,1.822,1.085,1.407,1.67,1.992,1.255,2.5,2.822,2.085,2.407,2.67,2.992
402,402,0.821999999999997,0.084999999999996,0.406999999999996,0.669999999999996,0.991999999999996,0.254999999999996,0.576999999999996,1.822,1.085,1.407,1.67,1.992,1.255,1.577,2.822,2.085,2.407,2.67,2.992,2.255
403,403,0.821999999999997,0.084999999999996,0.406999999999996,0.669999999999996,0.991999999999996,0.254999999999996,0.576999999999996,1.822,1.085,1.407,1.67,1.992,1.255,1.577,2.822,2.085,2.407,2.67,2.992,2.255
404,404,0.084999999999996,0.406999999999996,0.669999999999996,0.991999999999996,0.254999999999996,0.576999999999996,0.839999999999996,1.085,1.407,1.67,1.992,1.255,1.577,1.84,2.085,2.407,2.67,2.992,2.255,2.577
405,405,0.084999999999996,0.406999999999996,0.669999999999996,0.991999999999996,0.254999999999996,0.576999999999996,0.839999999999996,1.085,1.407,1.67,1.992,1.255,1.577,1.84,2.085,2.407,2.67,2.992,2.255,2.577
406,406,0.406999999999996,0.669999999999996,0.991999999999996,0.254999999999996,0.576999999999996,0.839999999999996,0.161999999999996,1.407,1.67,1.992,1.255,1.577,1.84,1.162,2.407,2.67,2.992,2.255,2.577,2.84
407,407,0.406999999999996,0.669999999999996,0.991999999999996,0.254999999999996,0.576999999999996,0.839999999999996,0.161999999999996,1.407,1.67,1.992,1.255,1.577,1.84,1.162,2.407,2.67,2.992,2.255,2.577,2.84
408,408,0.669999999999996,0.991999999999996,0.254999999999996,0.576999999999996,0.839999999999996,0.161999999999996,0.424999999999996,1.67,1.992,1.255,1.577,1.84,1.162,1.425,2.67,2.992,2.255,2.577,2.84,2.162
409,409,0.669999999999996,0.991999999999996,0.254999999999996,0.576999999999996,0.839999999999996,0.161999999999996,0.424999999999996,1.67,1.992,1.255,1.577,1.84,1.162,1.425,2.67,2.992,2.255,2.577,2.84,2.162
410,410,0.991999999999996,0.254999999999996,0.576999999999996,0.839999999999996,0.161999999999996,0.424999999999996,0.746999999999996,1.992,1.255,1.577,1.84,1.162,1.425,1.747,2.992,2.255,2.577,2.84,2.162,2.425
411,411,0.991999999999996,0.254999999999996,0.576999999999996,0.839999999999996,0.161999999999996,0.424999999999996,0.746999999999996,1.992,1.255,1.577,1.84,1.162,1.425,1.747,2.992,2.255,2.577,2.84,2.162,2.425
412,412,0.254999999999996,0.576999999999996,0.839999999999996,0.161999999999996,0.424999999999996,0.746999999999996,0.009999999999996,1.255,1.577,1.84,1.162,1.425,1.747,1.01,2.255,2.577,2.84,2.162,2.425,2.747
413,413,0.254999999999996,0.576999999999996,0.839999999999996,0.161999999999996,0.424999999999996,0.746999999999996,0.009999999999996,1.255,1.577,1.84,1.162,1.425,1.747,1.01,2.255,2.577,2.84,2.162,2.425,2.747
414,414,0.576999999999996,0.839999999999996,0.161999999999996,0.424999999999996,0.746999999999996,0.009999999999996,0.331999999999996,1.577,1.84,1.162,1.425,1.747,1.01,1.332,2.577,2.84,2.162,2.425,2.747,2.01
415,415,0.576999999999996,0.839999999999996,0.161999999999996,0.424999999999996,0.746999999999996,0.009999999999996,0.331999999999996,1.577,1.84,1.162,1.425,1.747,1.01,1.332,2.577,2.84,2.162,2.425,2.747,2.01
416,416,0.839999999999996,0.161999999999996,0.424999999999996,0.746999999999996,0.009999999999996,0.331999999999996,0.594999999999996,1.84,1.162,1.425,1.747,1.01,1.332,1.595,2.84,2.162,2.425,2.747,2.01,2.332
417,417,0.839999999999996,0.161999999999996,0.424999999999996,0.746999999999996,0.009999999999996,0.331999999999996,0.594999999999996,1.84,1.162,1.425,1.747,1.01,1.332,1.595,2.84,2.162,2.425,2.747,2.01,2.332
418,418,0.161999999999996,0.424999999999996,0.746999999999996,0.009999999999996,0.331999999999996,0.594999999999996,0.916999999999996,1.162,1.425,1.747,1.01,1.332,1.595,1.917,2.162,2.425,2.747,2.01,2.332,2.595
419,419,0.161999999999996,0.424999999999996,0.746999999999996,0.009999999999996,0.331999999999996,0.594999999999996,0.916999999999996,1.162,1.425,1.747,1.01,1.332,1.595,1.917,2.162,2.425,2.747,2.01,2.332,2.595
420,420,0.424999999999996,0.746999999999996,0.009999999999996,0.331999999999996,0.594999999999996,0.916999999999996,0.179999999999996,1.425,1.747,1.01,1.332,1.595,1.917,1.18,2.425,2.747,2.01,2.332,2.595,2.917
421,421,0.424999999999996,0.746999999999996,0.009999999999996,0.331999999999996,0.594999999999996,0.916999999999996,0.179999999999996,1.425,1.747,1.01,1.332,1.595,1.917,1.18,2.425,2.747,2.01,2.332,2.595,2.917
422,422,0.746999999999996,0.009999999999996,0.331999999999996,0.594999999999996,0.916999999999996,0.179999999999996,0.501999999999996,1.747,1.01,1.332,1.595,1.917,1.18,1.502,2.747,2.01,2.332,2.595,2.917,2.18
423,423,0.746999999999996,0.009999999999996,0.331999999999996,0.594999999999996,0.916999999999996,0.179999999999996,0.501999999999996,1.747,1.01,1.332,1.595,1.917,1.18,1.502,2.747,2.01,2.332,2.595,2.917,2.18
424,424,0.009999999999996,0.331999999999996,0.594999999999996,0.916999999999996,0.179999999999996,0.501999999999996,0.764999999999996,1.01,1.332,1.595,1.917,1.18,1.502,1.765,2.01,2.332,2.595,2.917,2.18,2.502
425,425,0.009999999999996,0.331999999999996,0.594999999999996,0.916999999999996,0.179999999999996,0.501999999999996,0.764999999999996,1.01,1.332,1.595,1.917,1.18,1.502,1.765,2.01,2.332,2.595,2.917,2.18,2.502
426,426,0.331999999999996,0.594999999999996,0.916999999999996,0.179999999999996,0.501999999999996,0.764999999999996,0.086999999999996,1.332,1.595,1.917,1.18,1.502,1.765,1.087,2.332,2.595,2.917,2.18,2.502,2.765
427,427,0.331999999999996,0.594999999999996,0.916999999999996,0.179999999999996,0.501999999999996,0.764999999999996,0.086999999999996,1.332,1.595,1.917,1.18,1.502,1.765,1.087,2.332,2.595,2.917,2.18,2.502,2.765
428,428,0.594999999999996,0.916999999999996,0.179999999999996,0.501999999999996,0.764999999999996,0.086999999999996,0.349999999999996,1.595,1.917,1.18,1.502,1.765,1.087,1.35,2.595,2.917,2.18,2.502,2.765,2.087
429,429,0.594999999999996,0.916999999999996,0.179999999999996,0.501999999999996,0.764999999999996,0.086999999999996,0.349999999999996,1.595,1.917,1.18,1.502,1.765,1.087,1.35,2.595,2.917,2.18,2.502,2.765,2.087
430,430,0.916999999999996,0.179999999999996,0.501999999999996,0.764999999999996,0.086999999999996,0.349999999999996,0.671999999999996,1.917,1.18,1.502,1.765,1.087,1.35,1.672,2.917,2.18,2.502,2.765,2.087,2.35
431,431,0.916999999999996,0.179999999999996,0.501999999999996,0.764999999999996,0.086999999999996,0.349999999999996,0.671999999999996,1.917,1.18,1.502,1.765,1.087,1.35,1.672,2.917,2.18,2.502,2.765,2.087,2.35
432,432,0.179999999999996,0.501999999999996,0.764999999999996,0.086999999999996,0.349999999999996,0.671999999999996,0.934999999999996,1.18,1.502,1.765,1.087,1.35,1.672,1.935,2.18,2.502,2.765,2.087,2.35,2.672
433,433,0.179999999999996,0.501999999999996,0.764999999999996,0.086999999999996,0.349999999999996,0.671999999999996,0.934999999999996,1.18,1.502,1.765,1.087,1.35,1.672,1.935,2.18,2.502,2.765,2.087,2.35,2.672
434,434,0.501999999999996,0.764999999999996,0.086999999999996,0.349999999999996,0.671999999999996,0.934999999999996,0.256999999999996,1.502,1.765,1.087,1.35,1.672,1.935,1.257,2.502,2.765,2.087,2.35,2.672,2.935
435,435,0.501999999999996,0.764999999999996,0.086999999999996,0.349999999999996,0.671999999999996,0.934999999999996,0.256999999999996,1.502,1.765,1.087,1.35,1.672,1.935,1.257,2.502,2.765,2.087,2.35,2.672,2.935
436,436,0.764999999999996,0.086999999999996,0.349999999999996,0.671999999999996,0.934999999999996,0.256999999999996,0.519999999999996,1.765,1.087,1.35,1.672,1.935,1.257,1.52,2.765,2.087,2.35,2.672,2.935,2.257
437,437,0.764999999999996,0.086999999999996,0.349999999999996,0.671999999999996,0.934999999999996,0.256999999999996,0.519999999999996,1.765,1.087,1.35,1.672,1.935,1.257,1.52,2.765,2.087,2.35,2.672,2.935,2.257
438,438,0.086999999999996,0.349999999999996,0.671999999999996,0.934999999999996,0.256999999999996,0.519999999999996,0.841999999999996,1.087,1.35,1.672,1.935,1.257,1.52,1.842,2.087,2.35,2.672,2.935,2.257,2.52
439,439,0.086999999999996,0.349999999999996,0.671999999999996,0.934999999999996,0.256999999999996,0.519999999999996,0.841999999999996,1.087,1.35,1.672,1.935,1.257,1.52,1.842,2.087,2.35,2.672,2.935,2.257,2.52
440,440,0.349999999999996,0.671999999999996,0.934999999999996,0.256999999999996,0.519999999999996,0.841999999999996,0.104999999999996,1.35,1.672,1.935,1.257,1.52,1.842,1.105,2.35,2.672,2.935,2.257,2.52,2.842
441,441,0.349999999999996,0.671999999999996,0.934999999999996,0.256999999999996,0.519999999999996,0.841999999999996,0.104999999999996,1.35,1.672,1.935,1.257,1.52,1.842,1.105,2.35,2.672,2.935,2.257,2.52,2.842
442,442,0.671999999999996,0.934999999999996,0.256999999999996,0.519999999999996,0.841999999999996,0.104999999999996,0.426999999999996,1.672,1.935,1.257,1.52,1.842,1.105,1.427,2.672,2.935,2.257,2.52,2.842,2.105
443,443,0.671999999999996,0.934999999999996,0.256999999999996,0.519999999999996,0.841999999999996,0.104999999999996,0.426999999999996,1.672,1.935,1.257,1.52,1.842,1.105,1.427,2.672,2.935,2.257,2.52,2.842,2.105
444,444,0.934999999999996,0.256999999999996,0.519999999999996,0.841999999999996,0.104999999999996,0.426999999999996,0.689999999999996,1.935,1.257,1.52,1.842,1.105,1.427,1.69,2.935,2.257,2.52,2.842,2.105,2.427
445,445,0.934999999999996,0.256999999999996,0.519999999999996,0.841999999999996,0.104999999999996,0.426999999999996,0.689999999999996,1.935,1.257,1.52,1.842,1.105,1.427,1.69,2.935,2.257,2.52,2.842,2.105,2.427
446,446,0.256999999999996,0.519999999999996,0.841999999999996,0.104999999999996,0.426999999999996,0.689999999999996,0.011999999999996,1.257,1.52,1.842,1.105,1.427,1.69,1.012,2.257,2.52,2.842,2.105,2.427,2.69
447,447,0.256999999999996,0.519999999999996,0.841999999999996,0.104999999999996,0.426999999999996,0.689999999999996,0.011999999999996,1.257,1.52,1.842,1.105,1.427,1.69,1.012,2.257,2.52,2.842,2.105,2.427,2.69
448,448,0.519999999999996,0.841999999999996,0.104999999999996,0.426999999999996,0.689999999999996,0.011999999999996,0.274999999999996,1.52,1.842,1.105,1.427,1.69,1.012,1.275,2.52,2.842,2.105,2.427,2.69,2.012
449,449,0.519999999999996,0.841999999999996,0.104999999999996,0.426999999999996,0.689999999999996,0.011999999999996,0.274999999999996,1.52,1.842,1.105,1.427,1.69,1.012,1.275,2.52,2.842,2.105,2.427,2.69,2.012
450,450,0.841999999999996,0.104999999999996,0.426999999999996,0.689999999999996,0.011999999999996,0.274999999999996,0.596999999999996,1.842,1.105,1.427,1.69,1.012,1.275,1.597,2.842,2.105,2.427,2.69,2.012,2.275
451,451,0.841999999999996,0.104999999999996,0.426999999999996,0.689999999999996,0.011999999999996,0.274999999999996,0.596999999999996,1.842,1.105,1.427,1.69,1.012,1.275,1.597,2.842,2.105,2.427,2.69,2.012,2.275
452,452,0.104999999999996,0.426999999999996,0.689999999999996,0.011999999999996,0.274999999999996,0.596999999999996,0.859999999999996,1.105,1.427,1.69,1.012,1.275,1.597,1.86,2.105,2.427,2.69,2.012,2.275,2.597
453,453,0.104999999999996,0.426999999999996,0.689999999999996,0.011999999999996,0.274999999999996,0.596999999999996,0.859999999999996,1.105,1.427,1.69,1.012,1.275,1.597,1.86,2.105,2.427,2.69,2.012,2.275,2.597
454,454,0.426999999999996,0.689999999999996,0.011999999999996,0.274999999999996,0.596999999999996,0.859999999999996,0.181999999999996,1.427,1.69,1.012,1.275,1.597,1.86,1.182,2.427,2.69,2.012,2.275,2.597,2.86
455,455,0.426999999999996,0.689999999999996,0.011999999999996,0.274999999999996,0.596999999999996,0.859999999999996,0.181999999999996,1.427,1.69,1.012,1.275,1.597,1.86,1.182,2.427,2.69,2.012,2.275,2.597,2.86
456,456,0.689999999999996,0.011999999999996,0.274999999999996,0.596999999999996,0.859999999999996,0.181999999999996,0.444999999999996,1.69,1.012,1.275,1.597,1.86,1.182,1.445,2.69,2.012,2.275,2.597,2.86,2.182
457,457,0.689999999999996,0.011999999999996,0.274999999999996,0.596999999999996,0.859999999999996,0.181999999999996,0.444999999999996,1.69,1.012,1.275,1.597,1.86,1.182,1.445,2.69,2.012,2.275,2.597,2.86,2.182
458,458,0.011999999999996,0.274999999999996,0.596999999999996,0.859999999999996,0.181999999999996,0.444999999999996,0.766999999999996,1.012,1.275,1.597,1.86,1.182,1.445,1.767,2.012,2.275,2.597,2.86,2.182,2.445
459,459,0.011999999999996,0.274999999999996,0.596999999999996,0.859999999999996,0.181999999999996,0.444999999999996,0.766999999999996,1.012,1.275,1.597,1.86,1.182,1.445,1.767,2.012,2.275,2.597,2.86,2.182,2.445
460,460,0.274999999999996,0.596999999999996,0.859999999999996,0.181999999999996,0.444999999999996,0.766999999999996,0.029999999999996,1.275,1.597,1.86,1.182,1.445,1.767,1.03,2.275,2.597,2.86,2.182,2.445,2.767
461,461,0.274999999999996,0.596999999999996,0.859999999999996,0.181999999999996,0.444999999999996,0.766999999999996,0.029999999999996,1.275,1.597,1.86,1.182,1.445,1.767,1.03,2.275,2.597,2.86,2.182,2.445,2.767
462,462,0.596999999999996,0.859999999999996,0.181999999999996,0.444999999999996,0.766999999999996,0.029999999999996,0.351999999999996,1.597,1.86,1.182,1.445,1.767,1.03,1.352,2.597,2.86,2.182,2.445,2.767,2.03
463,463,0.596999999999996,0.859999999999996,0.181999999999996,0.444999999999996,0.766999999999996,0.029999999999996,0.351999999999996,1.597,1.86,1.182,1.445,1.767,1.03,1.352,2.597,2.86,2.182,2.445,2.767,2.03
464,464,0.859999999999996,0.181999999999996,0.444999999999996,0.766999999999996,0.029999999999996,0.351999999999996,0.614999999999996,1.86,1.182,1.445,1.767,1.03,1.352,1.615,2.86,2.182,2.445,2.767,2.03,2.352
465,465,0.859999999999996,0.181999999999996,0.444999999999996,0.766999999999996,0.029999999999996,0.351999999999996,0.614999999999996,1.86,1.182,1.445,1.767,1.03,1.352,1.615,2.86,2.182,2.445,2.767,2.03,2.352
466,466,0.181999999999996,0.444999999999996,0.766999999999996,0.029999999999996,0.351999999999996,0.614999999999996,0.936999999999996,1.182,1.445,1.767,1.03,1.352,1.615,1.937,2.182,2.445,2.767,2.03,2.352,2.615
467,467,0.181999999999996,0.444999999999996,0.766999999999996,0.029999999999996,0.351999999999996,0.614999999999996,0.936999999999996,1.182,1.445,1.767,1.03,1.352,1.615,1.937,2.182,2.445,2.767,2.03,2.352,2.615
468,468,0.444999999999996,0.766999999999996,0.029999999999996,0.351999999999996,0.614999999999996,0.936999999999996,0.199999999999996,1.445,1.767,1.03,1.352,1.615,1.937,1.2,2.445,2.767,2.03,2.352,2.615,2.937
469,469,0.444999999999996,0.766999999999996,0.029999999999996,0.351999999999996,0.614999999999996,0.936999999999996,0.199999999999996,1.445,1.767,1.03,1.352,1.615,1.937,1.2,2.445,2.767,2.03,2.352,2.615,2.937
470,470,0.766999999999996,0.029999999999996,0.351999999999996,0.614999999999996,0.936999999999996,0.199999999999996,0.521999999999996,1.767,1.03,1.352,1.615,1.937,1.2,1.522,2.767,2.03,2.352,2.615,2.937,2.2
471,471,0.766999999999996,0.029999999999996,0.351999999999996,0.614999999999996,0.936999999999996,0.199999999999996,0.521999999999996,1.767,1.03,1.352,1.615,1.937,1.2,1.522,2.767,2.03,2.352,2.615,2.937,2.2
472,472,0.029999999999996,0.351999999999996,0.614999999999996,0.936999999999996,0.199999999999996,0.521999999999996,0.784999999999996,1.03,1.352,1.615,1.937,1.2,1.522,1.785,2.03,2.352,2.615,2.937,2.2,2.522
473,473,0.029999999999996,0.351999999999996,0.614999999999996,0.936999999999996,0.199999999999996,0.521999999999996,0.784999999999996,1.03,1.352,1.615,1.937,1.2,1.522,1.785,2.03,2.352,2.615,2.937,2.2,2.522
474,474,0.351999999999996,0.614999999999996,0.936999999999996,0.199999999999996,0.521999999999996,0.784999999999996,0.106999999999996,1.352,1.615,1.937,1.2,1.522,1.785,1.107,2.352,2.615,2.937,2.2,2.522,2.785
475,475,0.351999999999996,0.614999999999996,0.936999999999996,0.199999999999996,0.521999999999996,0.784999999999996,0.106999999999996,1.352,1.615,1.937,1.2,1.522,1.785,1.107,2.352,2.615,2.937,2.2,2.522,2.785
476,476,0.614999999999996,0.936999999999996,0.199999999999996,0.521999999999996,0.784999999999996,0.106999999999996,0.369999999999996,1.615,1.937,1.2,1.522,1.785,1.107,1.37,2.615,2.937,2.2,2.522,2.785,2.107
477,477,0.614999999999996,0.936999999999996,0.199999999999996,0.521999999999996,0.784999999999996,0.106999999999996,0.369999999999996,1.615,1.937,1.2,1.522,1.785,1.107,1.37,2.615,2.937,2.2,2.522,2.785,2.107
478,478,0.936999999999996,0.199999999999996,0.521999999999996,0.784999999999996,0.106999999999996,0.369999999999996,0.691999999999996,1.937,1.2,1.522,1.785,1.107,1.37,1.692,2.937,2.2,2.522,2.785,2.107,2.37
479,479,0.936999999999996,0.199999999999996,0.521999999999996,0.784999999999996,0.106999999999996,0.369999999999996,0.691999999999996,1.937,1.2,1.522,1.785,1.107,1.37,1.692,2.937,2.2,2.522,2.785,2.107,2.37
480,480,0.199999999999996,0.521999999999996,0.784999999999996,0.106999999999996,0.369999999999996,0.691999999999996,0.954999999999996,1.2,1.522,1.785,1.107,1.37,1.692,1.955,2.2,2.522,2.785,2.107,2.37,2.692
481,481,0.199999999999996,0.521999999999996,0.784999999999996,0.106999999999996,0.369999999999996,0.691999999999996,0.954999999999996,1.2,1.522,1.785,1.107,1.37,1.692,1.955,2.2,2.522,2.785,2.107,2.37,2.692
482,482,0.521999999999996,0.784999999999996,0.106999999999996,0.369999999999996,0.691999999999996,0.954999999999996,0.276999999999996,1.522,1.785,1.107,1.37,1.692,1.955,1.277,2.522,2.785,2.107,2.37,2.692,2.955
483,483,0.521999999999996,0.784999999999996,0.106999999999996,0.369999999999996,0.691999999999996,0.954999999999996,0.276999999999996,1.522,1.785,1.107,1.37,1.692,1.955,1.277,2.522,2.785,2.107,2.37,2.692,2.955
484,484,0.784999999999996,0.106999999999996,0.369999999999996,0.691999999999996,0.954999999999996,0.276999999999996,0.539999999999996,1.785,1.107,1.37,1.692,1.955,1.277,1.54,2.785,2.107,2.37,2.692,2.955,2.277
485,485,0.784999999999996,0.106999999999996,0.369999999999996,0.691999999999996,0.954999999999996,0.276999999999996,0.539999999999996,1.785,1.107,1.37,1.692,1.955,1.277,1.54,2.785,2.107,2.37,2.692,2.955,2.277
486,486,0.106999999999996,0.369999999999996,0.691999999999996,0.954999999999996,0.276999999999996,0.539999999999996,0.861999999999996,1.107,1.37,1.692,1.955,1.277,1.54,1.862,2.107,2.37,2.692,2.955,2.277,2.54
487,487,0.106999999999996,0.369999999999996,0.691999999999996,0.954999999999996,0.276999999999996,0.539999999999996,0.861999999999996,1.107,1.37,1.692,1.955,1.277,1.54,1.862,2.107,2.37,2.692,2.955,2.277,2.54
488,488,0.369999999999996,0.691999999999996,0.954999999999996,0.276999999999996,0.539999999999996,0.861999999999996,0.124999999999996,1.37,1.692,1.955,1.277,1.54,1.862,1.125,2.37,2.692,2.955,2.277,2.54,2.862
489,489,0.369999999999996,0.691999999999996,0.954999999999996,0.276999999999996,0.539999999999996,0.861999999999996,0.124999999999996,1.37,1.692,1.955,1.277,1.54,1.862,1.125,2.37,2.692,2.955,2.277,2.54,2.862
490,490,0.691999999999996,0.954999999999996,0.276999999999996,0.539999999999996,0.861999999999996,0.124999999999996,0.446999999999996,1.692,1.955,1.277,1.54,1.862,1.125,1.447,2.692,2.955,2.277,2.54,2.862,2.125
491,491,0.691999999999996,0.954999999999996,0.276999999999996,0.539999999999996,0.861999999999996,0.124999999999996,0.446999999999996,1.692,1.955,1.277,1.54,1.862,1.125,1.447,2.692,2.955,2.277,2.54,2.862,2.125
492,492,0.954999999999996,0.276999999999996,0.539999999999996,0.861999999999996,0.124999999999996,0.446999999999996,0.709999999999996,1.955,1.277,1.54,1.862,1.125,1.447,1.71,2.955,2.277,2.54,2.862,2.125,2.447
493,493,0.954999999999996,0.276999999999996,0.539999999999996,0.861999999999996,0.124999999999996,0.446999999999996,0.709999999999996,1.955,1.277,1.54,1.862,1.125,1.447,1.71,2.955,2.277,2.54,2.862,2.125,2.447
494,494,0.276999999999996,0.539999999999996,0.861999999999996,0.124999999999996,0.446999999999996,0.709999999999996,0.031999999999996,1.277,1.54,1.862,1.125,1.447,1.71,1.032,2.277,2.54,2.862,2.125,2.447,2.71
495,495,0.276999999999996,0.539999999999996,0.861999999999996,0.124999999999996,0.446999999999996,0.709999999999996,0.031999999999996,1.277,1.54,1.862,1.125,1.447,1.71,1.032,2.277,2.54,2.862,2.125,2.447,2.71
496,496,0.539999999999996,0.861999999999996,0.124999999999996,0.446999999999996,0.709999999999996,0.031999999999996,0.294999999999995,1.54,1.862,1.125,1.447,1.71,1.032,1.295,2.54,2.862,2.125,2.447,2.71,2.032
497,497,0.539999999999996,0.861999999999996,0.124999999999996,0.446999999999996,0.709999999999996,0.031999999999996,0.294999999999995,1.54,1.862,1.125,1.447,1.71,1.032,1.295,2.54,2.862,2.125,2.447,2.71,2.032
498,498,0.861999999999996,0.124999999999996,0.446999999999996,0.709999999999996,0.031999999999996,0.294999999999995,0.616999999999996,1.862,1.125,1.447,1.71,1.032,1.295,1.617,2.862,2.125,2.447,2.71,2.032,2.29499999999999
499,499,0.861999999999996,0.124999999999996,0.446999999999996,0.709999999999996,0.031999999999996,0.294999999999995,0.616999999999996,1.862,1.125,1.447,1.71,1.032,1.295,1.617,2.862,2.125,2.447,2.71,2.032,2.29499999999999
500,500,0.124999999999996,0.446999999999996,0.709999999999996,0.031999999999996,0.294999999999995,0.616999999999996,0.879999999999995,1.125,1.447,1.71,1.032,1.295,1.617,1.88,2.125,2.447,2.71,2.032,2.29499999999999,2.617
501,501,0.124999999999996,0.446999999999996,0.709999999999996,0.031999999999996,0.294999999999995,0.616999999999996,0.879999999999995,1.125,1.447,1.71,1.032,1.295,1.617,1.88,2.125,2.447,2.71,2.032,2.29499999999999,2.617
502,502,0.446999999999996,0.709999999999996,0.031999999999996,0.294999999999995,0.616999999999996,0.879999999999995,0.201999999999996,1.447,1.71,1.032,1.295,1.617,1.88,1.202,2.447,2.71,2.032,2.29499999999999,2.617,2.87999999999999
503,503,0.446999999999996,0.709999999999996,0.031999999999996,0.294999999999995,0.616999999999996,0.879999999999995,0.201999999999996,1.447,1.71,1.032,1.295,1.617,1.88,1.202,2.447,2.71,2.032,2.29499999999999,2.617,2.87999999999999
504,504,0.709999999999996,0.031999999999996,0.294999999999995,0.616999999999996,0.879999999999995,0.201999999999996,0.464999999999995,1.71,1.032,1.295,1.617,1.88,1.202,1.465,2.71,2.032,2.29499999999999,2.617,2.87999999999999,2.202
505,505,0.709999999999996,0.031999999999996,0.294999999999995,0.616999999999996,0.879999999999995,0.201999999999996,0.464999999999995,1.71,1.032,1.295,1.617,1.88,1.202,1.465,2.71,2.032,2.29499999999999,2.617,2.87999999999999,2.202
506,506,0.031999999999996,0.294999999999995,0.616999999999996,0.879999999999995,0.201999999999996,0.464999999999995,0.786999999999996,1.032,1.295,1.617,1.88,1.202,1.465,1.787,2.032,2.29499999999999,2.617,2.87999999999999,2.202,2.46499999999999
507,507,0.031999999999996,0.294999999999995,0.616999999999996,0.879999999999995,0.201999999999996,0.464999999999995,0.786999999999996,1.032,1.295,1.617,1.88,1.202,1.465,1.787,2.032,2.29499999999999,2.617,2.87999999999999,2.202,2.46499999999999
508,508,0.294999999999995,0.616999999999996,0.879999999999995,0.201999999999996,0.464999999999995,0.786999999999996,0.049999999999995,1.295,1.617,1.88,1.202,1.465,1.787,1.05,2.29499999999999,2.617,2.87999999999999,2.202,2.46499999999999,2.787
509,509,0.294999999999995,0.616999999999996,0.879999999999995,0.201999999999996,0.464999999999995,0.786999999999996,0.049999999999995,1.295,1.617,1.88,1.202,1.465,1.787,1.05,2.29499999999999,2.617,2.87999999999999,2.202,2.46499999999999,2.787
510,510,0.616999999999996,0.879999999999995,0.201999999999996,0.464999999999995,0.786999999999996,0.049999999999995,0.371999999999995,1.617,1.88,1.202,1.465,1.787,1.05,1.372,2.617,2.87999999999999,2.202,2.46499999999999,2.787,2.05
511,511,0.616999999999996,0.879999999999995,0.201999999999996,0.464999999999995,0.786999999999996,0.049999999999995,0.371999999999995,1.617,1.88,1.202,1.465,1.787,1.05,1.372,2.617,2.87999999999999,2.202,2.46499999999999,2.787,2.05
512,512,0.879999999999995,0.201999999999996,0.464999999999995,0.786999999999996,0.049999999999995,0.371999999999995,0.634999999999995,1.88,1.202,1.465,1.787,1.05,1.372,1.63499999999999,2.87999999999999,2.202,2.46499999999999,2.787,2.05,2.37199999999999
513,513,0.879999999999995,0.201999999999996,0.464999999999995,0.786999999999996,0.049999999999995,0.371999999999995,0.634999999999995,1.88,1.202,1.465,1.787,1.05,1.372,1.63499999999999,2.87999999999999,2.202,2.46499999999999,2.787,2.05,2.37199999999999
514,514,0.201999999999996,0.464999999999995,0.786999999999996,0.049999999999995,0.371999999999995,0.634999999999995,0.956999999999995,1.202,1.465,1.787,1.05,1.372,1.63499999999999,1.957,2.202,2.46499999999999,2.787,2.05,2.37199999999999,2.63499999999999
515,515,0.201999999999996,0.464999999999995,0.786999999999996,0.049999999999995,0.371999999999995,0.634999999999995,0.956999999999995,1.202,1.465,1.787,1.05,1.372,1.63499999999999,1.957,2.202,2.46499999999999,2.787,2.05,2.37199999999999,2.63499999999999
516,516,0.464999999999995,0.786999999999996,0.049999999999995,0.371999999999995,0.634999999999995,0.956999999999995,0.219999999999995,1.465,1.787,1.05,1.372,1.63499999999999,1.957,1.22,2.46499999999999,2.787,2.05,2.37199999999999,2.63499999999999,2.95699999999999
517,517,0.464999999999995,0.786999999999996,0.049999999999995,0.371999999999995,0.634999999999995,0.956999999999995,0.219999999999995,1.465,1.787,1.05,1.372,1.63499999999999,1.957,1.22,2.46499999999999,2.787,2.05,2.37199999999999,2.63499999999999,2.95699999999999
518,518,0.786999999999996,0.049999999999995,0.371999999999995,0.634999999999995,0.956999999999995,0.219999999999995,0.541999999999995,1.787,1.05,1.372,1.63499999999999,1.957,1.22,1.54199999999999,2.787,2.05,2.37199999999999,2.63499999999999,2.95699999999999,2.22
519,519,0.786999999999996,0.049999999999995,0.371999999999995,0.634999999999995,0.956999999999995,0.219999999999995,0.541999999999995,1.787,1.05,1.372,1.63499999999999,1.957,1.22,1.54199999999999,2.787,2.05,2.37199999999999,2.63499999999999,2.95699999999999,2.22
520,520,0.049999999999995,0.371999999999995,0.634999999999995,0.956999999999995,0.219999999999995,0.541999999999995,0.804999999999995,1.05,1.372,1.63499999999999,1.957,1.22,1.54199999999999,1.805,2.05,2.37199999999999,2.63499999999999,2.95699999999999,2.22,2.54199999999999
521,521,0.049999999999995,0.371999999999995,0.634999999999995,0.956999999999995,0.219999999999995,0.541999999999995,0.804999999999995,1.05,1.372,1.63499999999999,1.957,1.22,1.54199999999999,1.805,2.05,2.37199999999999,2.63499999999999,2.95699999999999,2.22,2.54199999999999
522,522,0.371999999999995,0.634999999999995,0.956999999999995,0.219999999999995,0.541999999999995,0.804999999999995,0.126999999999995,1.372,1.63499999999999,1.957,1.22,1.54199999999999,1.805,1.127,2.37199999999999,2.63499999999999,2.95699999999999,2.22,2.54199999999999,2.805
523,523,0.371999999999995,0.634999999999995,0.956999999999995,0.219999999999995,0.541999999999995,0.804999999999995,0.126999999999995,1.372,1.63499999999999,1.957,1.22,1.54199999999999,1.805,1.127,2.37199999999999,2.63499999999999,2.95699999999999,2.22,2.54199999999999,2.805
524,524,0.634999999999995,0.956999999999995,0.219999999999995,0.541999999999995,0.804999999999995,0.126999999999995,0.389999999999995,1.63499999999999,1.957,1.22,1.54199999999999,1.805,1.127,1.39,2.63499999999999,2.95699999999999,2.22,2.54199999999999,2.805,2.12699999999999
525,525,0.634999999999995,0.956999999999995,0.219999999999995,0.541999999999995,0.804999999999995,0.126999999999995,0.389999999999995,1.63499999999999,1.957,1.22,1.54199999999999,1.805,1.127,1.39,2.63499999999999,2.95699999999999,2.22,2.54199999999999,2.805,2.12699999999999
526,526,0.956999999999995,0.219999999999995,0.541999999999995,0.804999999999995,0.126999999999995,0.389999999999995,0.711999999999995,1.957,1.22,1.54199999999999,1.805,1.127,1.39,1.71199999999999,2.95699999999999,2.22,2.54199999999999,2.805,2.12699999999999,2.39
527,527,0.956999999999995,0.219999999999995,0.541999999999995,0.804999999999995,0.126999999999995,0.389999999999995,0.711999999999995,1.957,1.22,1.54199999999999,1.805,1.127,1.39,1.71199999999999,2.95699999999999,2.22,2.54199999999999,2.805,2.12699999999999,2.39
528,528,0.219999999999995,0.541999999999995,0.804999999999995,0.126999999999995,0.389999999999995,0.711999999999995,0.974999999999995,1.22,1.54199999999999,1.805,1.127,1.39,1.71199999999999,1.975,2.22,2.54199999999999,2.805,2.12699999999999,2.39,2.71199999999999
529,529,0.219999999999995,0.541999999999995,0.804999999999995,0.126999999999995,0.389999999999995,0.711999999999995,0.974999999999995,1.22,1.54199999999999,1.805,1.127,1.39,1.71199999999999,1.975,2.22,2.54199999999999,2.805,2.12699999999999,2.39,2.71199999999999
530,530,0.541999999999995,0.804999999999995,0.126999999999995,0.389999999999995,0.711999999999995,0.974999999999995,0.296999999999995,1.54199999999999,1.805,1.127,1.39,1.71199999999999,1.975,1.297,2.54199999999999,2.805,2.12699999999999,2.39,2.71199999999999,2.975
531,531,0.541999999999995,0.804999999999995,0.126999999999995,0.389999999999995,0.711999999999995,0.974999999999995,0.296999999999995,1.54199999999999,1.805,1.127,1.39,1.71199999999999,1.975,1.297,2.54199999999999,2.805,2.12699999999999,2.39,2.71199999999999,2.975
532,532,0.804999999999995,0.126999999999995,0.389999999999995,0.711999999999995,0.974999999999995,0.296999999999995,0.559999999999995,1.805,1.127,1.39,1.71199999999999,1.975,1.297,1.56,2.805,2.12699999999999,2.39,2.71199999999999,2.975,2.297
533,533,0.804999999999995,0.126999999999995,0.389999999999995,0.711999999999995,0.974999999999995,0.296999999999995,0.559999999999995,1.805,1.127,1.39,1.71199999999999,1.975,1.297,1.56,2.805,2.12699999999999,2.39,2.71199999999999,2.975,2.297
534,534,0.126999999999995,0.389999999999995,0.711999999999995,0.974999999999995,0.296999999999995,0.559999999999995,0.881999999999995,1.127,1.39,1.71199999999999,1.975,1.297,1.56,1.882,2.12699999999999,2.39,2.71199999999999,2.975,2.297,2.56
535,535,0.126999999999995,0.389999999999995,0.711999999999995,0.974999999999995,0.296999999999995,0.559999999999995,0.881999999999995,1.127,1.39,1.71199999999999,1.975,1.297,1.56,1.882,2.12699999999999,2.39,2.71199999999999,2.975,2.297,2.56
536,536,0.389999999999995,0.711999999999995,0.974999999999995,0.296999999999995,0.559999999999995,0.881999999999995,0.144999999999995,1.39,1.71199999999999,1.975,1.297,1.56,1.882,1.145,2.39,2.71199999999999,2.975,2.297,2.56,2.882
537,537,0.389999999999995,0.711999999999995,0.974999999999995,0.296999999999995,0.559999999999995,0.881999999999995,0.144999999999995,1.39,1.71199999999999,1.975,1.297,1.56,1.882,1.145,2.39,2.71199999999999,2.975,2.297,2.56,2.882
538,538,0.711999999999995,0.974999999999995,0.296999999999995,0.559999999999995,0.881999999999995,0.144999999999995,0.466999999999995,1.71199999999999,1.975,1.297,1.56,1.882,1.145,1.467,2.71199999999999,2.975,2.297,2.56,2.882,2.145
539,539,0.711999999999995,0.974999999999995,0.296999999999995,0.559999999999995,0.881999999999995,0.144999999999995,0.466999999999995,1.71199999999999,1.975,1.297,1.56,1.882,1.145,1.467,2.71199999999999,2.975,2.297,2.56,2.882,2.145
540,540,0.974999999999995,0.296999999999995,0.559999999999995,0.881999999999995,0.144999999999995,0.466999999999995,0.729999999999995,1.975,1.297,1.56,1.882,1.145,1.467,1.73,2.975,2.297,2.56,2.882,2.145,2.467
541,541,0.974999999999995,0.296999999999995,0.559999999999995,0.881999999999995,0.144999999999995,0.466999999999995,0.729999999999995,1.975,1.297,1.56,1.882,1.145,1.467,1.73,2.975,2.297,2.56,2.882,2.145,2.467
542,542,0.296999999999995,0.559999999999995,0.881999999999995,0.144999999999995,0.466999999999995,0.729999999999995,0.051999999999995,1.297,1.56,1.882,1.145,1.467,1.73,1.052,2.297,2.56,2.882,2.145,2.467,2.72999999999999
543,543,0.296999999999995,0.559999999999995,0.881999999999995,0.144999999999995,0.466999999999995,0.729999999999995,0.051999999999995,1.297,1.56,1.882,1.145,1.467,1.73,1.052,2.297,2.56,2.882,2.145,2.467,2.72999999999999
544,544,0.559999999999995,0.881999999999995,0.144999999999995,0.466999999999995,0.729999999999995,0.051999999999995,0.314999999999995,1.56,1.882,1.145,1.467,1.73,1.052,1.315,2.56,2.882,2.145,2.467,2.72999999999999,2.052
545,545,0.559999999999995,0.881999999999995,0.144999999999995,0.466999999999995,0.729999999999995,0.051999999999995,0.314999999999995,1.56,1.882,1.145,1.467,1.73,1.052,1.315,2.56,2.882,2.145,2.467,2.72999999999999,2.052
546,546,0.881999999999995,0.144999999999995,0.466999999999995,0.729999999999995,0.051999999999995,0.314999999999995,0.636999999999995,1.882,1.145,1.467,1.73,1.052,1.315,1.637,2.882,2.145,2.467,2.72999999999999,2.052,2.31499999999999
547,547,0.881999999999995,0.144999999999995,0.466999999999995,0.729999999999995,0.051999999999995,0.314999999999995,0.636999999999995,1.882,1.145,1.467,1.73,1.052,1.315,1.637,2.882,2.145,2.467,2.72999999999999,2.052,2.31499999999999
548,548,0.144999999999995,0.466999999999995,0.729999999999995,0.051999999999995,0.314999999999995,0.636999999999995,0.899999999999995,1.145,1.467,1.73,1.052,1.315,1.637,1.9,2.145,2.467,2.72999999999999,2.052,2.31499999999999,2.637
549,549,0.144999999999995,0.466999999999995,0.729999999999995,0.051999999999995,0.314999999999995,0.636999999999995,0.899999999999995,1.145,1.467,1.73,1.052,1.315,1.637,1.9,2.145,2.467,2.72999999999999,2.052,2.31499999999999,2.637
550,550,0.466999999999995,0.729999999999995,0.051999999999995,0.314999999999995,0.636999999999995,0.899999999999995,0.221999999999995,1.467,1.73,1.052,1.315,1.637,1.9,1.222,2.467,2.72999999999999,2.052,2.31499999999999,2.637,2.9
551,551,0.466999999999995,0.729999999999995,0.051999999999995,0.314999999999995,0.636999999999995,0.899999999999995,0.221999999999995,1.467,1.73,1.052,1.315,1.637,1.9,1.222,2.467,2.72999999999999,2.052,2.31499999999999,2.637,2.9
552,552,0.729999999999995,0.051999999999995,0.314999999999995,0.636999999999995,0.899999999999995,0.221999999999995,0.484999999999995,1.73,1.052,1.315,1.637,1.9,1.222,1.485,2.72999999999999,2.052,2.31499999999999,2.637,2.9,2.22199999999999
553,553,0.729999999999995,0.051999999999995,0.314999999999995,0.636999999999995,0.899999999999995,0.221999999999995,0.484999999999995,1.73,1.052,1.315,1.637,1.9,1.222,1.485,2.72999999999999,2.052,2.31499999999999,2.637,2.9,2.22199999999999
554,554,0.051999999999995,0.314999999999995,0.636999999999995,0.899999999999995,0.221999999999995,0.484999999999995,0.806999999999995,1.052,1.315,1.637,1.9,1.222,1.485,1.807,2.052,2.31499999999999,2.637,2.9,2.22199999999999,2.48499999999999
555,555,0.051999999999995,0.314999999999995,0.636999999999995,0.899999999999995,0.221999999999995,0.484999999999995,0.806999999999995,1.052,1.315,1.637,1.9,1.222,1.485,1.807,2.052,2.31499999999999,2.637,2.9,2.22199999999999,2.48499999999999
556,556,0.314999999999995,0.636999999999995,0.899999999999995,0.221999999999995,0.484999999999995,0.806999999999995,0.069999999999995,1.315,1.637,1.9,1.222,1.485,1.807,1.07,2.31499999999999,2.637,2.9,2.22199999999999,2.48499999999999,2.807
557,557,0.314999999999995,0.636999999999995,0.899999999999995,0.221999999999995,0.484999999999995,0.806999999999995,0.069999999999995,1.315,1.637,1.9,1.222,1.485,1.807,1.07,2.31499999999999,2.637,2.9,2.22199999999999,2.48499999999999,2.807
558,558,0.636999999999995,0.899999999999995,0.221999999999995,0.484999999999995,0.806999999999995,0.069999999999995,0.391999999999995,1.637,1.9,1.222,1.485,1.807,1.07,1.392,2.637,2.9,2.22199999999999,2.48499999999999,2.807,2.06999999999999
559,559,0.636999999999995,0.899999999999995,0.221999999999995,0.484999999999995,0.806999999999995,0.069999999999995,0.391999999999995,1.637,1.9,1.222,1.485,1.807,1.07,1.392,2.637,2.9,2.22199999999999,2.48499999999999,2.807,2.06999999999999
560,560,0.899999999999995,0.221999999999995,0.484999999999995,0.806999999999995,0.069999999999995,0.391999999999995,0.654999999999995,1.9,1.222,1.485,1.807,1.07,1.392,1.655,2.9,2.22199999999999,2.48499999999999,2.807,2.06999999999999,2.39199999999999
561,561,0.899999999999995,0.221999999999995,0.484999999999995,0.806999999999995,0.069999999999995,0.391999999999995,0.654999999999995,1.9,1.222,1.485,1.807,1.07,1.392,1.655,2.9,2.22199999999999,2.48499999999999,2.807,2.06999999999999,2.39199999999999
562,562,0.221999999999995,0.484999999999995,0.806999999999995,0.069999999999995,0.391999999999995,0.654999999999995,0.976999999999995,1.222,1.485,1.807,1.07,1.392,1.655,1.977,2.22199999999999,2.48499999999999,2.807,2.06999999999999,2.39199999999999,2.65499999999999
563,563,0.221999999999995,0.484999999999995,0.806999999999995,0.069999999999995,0.391999999999995,0.654999999999995,0.976999999999995,1.222,1.485,1.807,1.07,1.392,1.655,1.977,2.22199999999999,2.48499999999999,2.807,2.06999999999999,2.39199999999999,2.65499999999999
564,564,0.484999999999995,0.806999999999995,0.069999999999995,0.391999999999995,0.654999999999995,0.976999999999995,0.239999999999995,1.485,1.807,1.07,1.392,1.655,1.977,1.24,2.48499999999999,2.807,2.06999999999999,2.39199999999999,2.65499999999999,2.97699999999999
565,565,0.484999999999995,0.806999999999995,0.069999999999995,0.391999999999995,0.654999999999995,0.976999999999995,0.239999999999995,1.485,1.807,1.07,1.392,1.655,1.977,1.24,2.48499999999999,2.807,2.06999999999999,2.39199999999999,2.65499999999999,2.97699999999999
566,566,0.806999999999995,0.069999999999995,0.391999999999995,0.654999999999995,0.976999999999995,0.239999999999995,0.561999999999995,1.807,1.07,1.392,1.655,1.977,1.24,1.562,2.807,2.06999999999999,2.39199999999999,2.65499999999999,2.97699999999999,2.23999999999999
567,567,0.806999999999995,0.069999999999995,0.391999999999995,0.654999999999995,0.976999999999995,0.239999999999995,0.561999999999995,1.807,1.07,1.392,1.655,1.977,1.24,1.562,2.807,2.06999999999999,2.39199999999999,2.65499999999999,2.97699999999999,2.23999999999999
568,568,0.069999999999995,0.391999999999995,0.654999999999995,0.976999999999995,0.239999999999995,0.561999999999995,0.824999999999995,1.07,1.392,1.655,1.977,1.24,1.562,1.825,2.06999999999999,2.39199999999999,2.65499999999999,2.97699999999999,2.23999999999999,2.56199999999999
569,569,0.069999999999995,0.391999999999995,0.654999999999995,0.976999999999995,0.239999999999995,0.561999999999995,0.824999999999995,1.07,1.392,1.655,1.977,1.24,1.562,1.825,2.06999999999999,2.39199999999999,2.65499999999999,2.97699999999999,2.23999999999999,2.56199999999999
570,570,0.391999999999995,0.654999999999995,0.976999999999995,0.239999999999995,0.561999999999995,0.824999999999995,0.146999999999995,1.392,1.655,1.977,1.24,1.562,1.825,1.147,2.39199999999999,2.65499999999999,2.97699999999999,2.23999999999999,2.56199999999999,2.82499999999999
571,571,0.391999999999995,0.654999999999995,0.976999999999995,0.239999999999995,0.561999999999995,0.824999999999995,0.146999999999995,1.392,1.655,1.977,1.24,1.562,1.825,1.147,2.39199999999999,2.65499999999999,2.97699999999999,2.23999999999999,2.56199999999999,2.82499999999999
572,572,0.654999999999995,0.976999999999995,0.239999999999995,0.561999999999995,0.824999999999995,0.146999999999995,0.409999999999995,1.655,1.977,1.24,1.562,1.825,1.147,1.41,2.65499999999999,2.97699999999999,2.23999999999999,2.56199999999999,2.82499999999999,2.14699999999999
573,573,0.654999999999995,0.976999999999995,0.239999999999995,0.561999999999995,0.824999999999995,0.146999999999995,0.409999999999995,1.655,1.977,1.24,1.562,1.825,1.147,1.41,2.65499999999999,2.97699999999999,2.23999999999999,2.56199999999999,2.82499999999999,2.14699999999999
574,574,0.976999999999995,0.239999999999995,0.561999999999995,0.824999999999995,0.146999999999995,0.409999999999995,0.731999999999995,1.977,1.24,1.562,1.825,1.147,1.41,1.732,2.97699999999999,2.23999999999999,2.56199999999999,2.82499999999999,2.14699999999999,2.40999999999999
575,575,0.976999999999995,0.239999999999995,0.561999999999995,0.824999999999995,0.146999999999995,0.409999999999995,0.731999999999995,1.977,1.24,1.562,1.825,1.147,1.41,1.732,2.97699999999999,2.23999999999999,2.56199999999999,2.82499999999999,2.14699999999999,2.40999999999999
576,576,0.239999999999995,0.561999999999995,0.824999999999995,0.146999999999995,0.409999999999995,0.731999999999995,0.994999999999995,1.24,1.562,1.825,1.147,1.41,1.732,1.995,2.23999999999999,2.56199999999999,2.82499999999999,2.14699999999999,2.40999999999999,2.73199999999999
577,577,0.239999999999995,0.561999999999995,0.824999999999995,0.146999999999995,0.409999999999995,0.731999999999995,0.994999999999995,1.24,1.562,1.825,1.147,1.41,1.732,1.995,2.23999999999999,2.56199999999999,2.82499999999999,2.14699999999999,2.40999999999999,2.73199999999999
578,578,0.561999999999995,0.824999999999995,0.146999999999995,0.409999999999995,0.731999999999995,0.994999999999995,0.316999999999995,1.562,1.825,1.147,1.41,1.732,1.995,1.317,2.56199999999999,2.82499999999999,2.14699999999999,2.40999999999999,2.73199999999999,2.99499999999999
579,579,0.561999999999995,0.824999999999995,0.146999999999995,0.409999999999995,0.731999999999995,0.994999999999995,0.316999999999995,1.562,1.825,1.147,1.41,1.732,1.995,1.317,2.56199999999999,2.82499999999999,2.14699999999999,2.40999999999999,2.73199999999999,2.99499999999999
580,580,0.824999999999995,0.146999999999995,0.409999999999995,0.731999999999995,0.994999999999995,0.316999999999995,0.579999999999995,1.825,1.147,1.41,1.732,1.995,1.317,1.58,2.82499999999999,2.14699999999999,2.40999999999999,2.73199999999999,2.99499999999999,2.31699999999999
581,581,0.824999999999995,0.146999999999995,0.409999999999995,0.731999999999995,0.994999999999995,0.316999999999995,0.579999999999995,1.825,1.147,1.41,1.732,1.995,1.317,1.58,2.82499999999999,2.14699999999999,2.40999999999999,2.73199999999999,2.99499999999999,2.31699999999999
582,582,0.146999999999995,0.409999999999995,0.731999999999995,0.994999999999995,0.316999999999995,0.579999999999995,0.901999999999995,1.147,1.41,1.732,1.995,1.317,1.58,1.902,2.14699999999999,2.40999999999999,2.73199999999999,2.99499999999999,2.31699999999999,2.57999999999999
583,583,0.146999999999995,0.409999999999995,0.731999999999995,0.994999999999995,0.316999999999995,0.579999999999995,0.901999999999995,1.147,1.41,1.732,1.995,1.317,1.58,1.902,2.14699999999999,2.40999999999999,2.73199999999999,2.99499999999999,2.31699999999999,2.57999999999999
584,584,0.409999999999995,0.731999999999995,0.994999999999995,0.316999999999995,0.579999999999995,0.901999999999995,0.164999999999995,1.41,1.732,1.995,1.317,1.58,1.902,1.165,2.40999999999999,2.73199999999999,2.99499999999999,2.31699999999999,2.57999999999999,2.90199999999999
585,585,0.409999999999995,0.731999999999995,0.994999999999995,0.316999999999995,0.579999999999995,0.901999999999995,0.164999999999995,1.41,1.732,1.995,1.317,1.58,1.902,1.165,2.40999999999999,2.73199999999999,2.99499999999999,2.31699999999999,2.57999999999999,2.90199999999999
586,586,0.731999999999995,0.994999999999995,0.316999999999995,0.579999999999995,0.901999999999995,0.164999999999995,0.486999999999995,1.732,1.995,1.317,1.58,1.902,1.165,1.487,2.73199999999999,2.99499999999999,2.31699999999999,2.57999999999999,2.90199999999999,2.16499999999999
587,587,0.731999999999995,0.994999999999995,0.316999999999995,0.579999999999995,0.901999999999995,0.164999999999995,0.486999999999995,1.732,1.995,1.317,1.58,1.902,1.165,1.487,2.73199999999999,2.99499999999999,2.31699999999999,2.57999999999999,2.90199999999999,2.16499999999999
588,588,0.994999999999995,0.316999999999995,0.579999999999995,0.901999999999995,0.164999999999995,0.486999999999995,0.749999999999995,1.995,1.317,1.58,1.902,1.165,1.487,1.75,2.99499999999999,2.31699999999999,2.57999999999999,2.90199999999999,2.16499999999999,2.48699999999999
589,589,0.994999999999995,0.316999999999995,0.579999999999995,0.901999999999995,0.164999999999995,0.486999999999995,0.749999999999995,1.995,1.317,1.58,1.902,1.165,1.487,1.75,2.99499999999999,2.31699999999999,2.57999999999999,2.90199999999999,2.16499999999999,2.48699999999999
590,590,0.316999999999995,0.579999999999995,0.901999999999995,0.164999999999995,0.486999999999995,0.749999999999995,0.071999999999995,1.317,1.58,1.902,1.165,1.487,1.75,1.07199999999999,2.31699999999999,2.57999999999999,2.90199999999999,2.16499999999999,2.48699999999999,2.75
591,591,0.316999999999995,0.579999999999995,0.901999999999995,0.164999999999995,0.486999999999995,0.749999999999995,0.071999999999995,1.317,1.58,1.902,1.165,1.487,1.75,1.07199999999999,2.31699999999999,2.57999999999999,2.90199999999999,2.16499999999999,2.48699999999999,2.75
592,592,0.579999999999995,0.901999999999995,0.164999999999995,0.486999999999995,0.749999999999995,0.071999999999995,0.334999999999995,1.58,1.902,1.165,1.487,1.75,1.07199999999999,1.335,2.57999999999999,2.90199999999999,2.16499999999999,2.48699999999999,2.75,2.07199999999999
593,593,0.579999999999995,0.901999999999995,0.164999999999995,0.486999999999995,0.749999999999995,0.071999999999995,0.334999999999995,1.58,1.902,1.165,1.487,1.75,1.07199999999999,1.335,2.57999999999999,2.90199999999999,2.16499999999999,2.48699999999999,2.75,2.07199999999999
594,594,0.901999999999995,0.164999999999995,0.486999999999995,0.749999999999995,0.071999999999995,0.334999999999995,0.656999999999995,1.902,1.165,1.487,1.75,1.07199999999999,1.335,1.657,2.90199999999999,2.16499999999999,2.48699999999999,2.75,2.07199999999999,2.33499999999999
595,595,0.901999999999995,0.164999999999995,0.486999999999995,0.749999999999995,0.071999999999995,0.334999999999995,0.656999999999995,1.902,1.165,1.487,1.75,1.07199999999999,1.335,1.657,2.90199999999999,2.16499999999999,2.48699999999999,2.75,2.07199999999999,2.33499999999999
596,596,0.164999999999995,0.486999999999995,0.749999999999995,0.071999999999995,0.334999999999995,0.656999999999995,0.919999999999995,1.165,1.487,1.75,1.07199999999999,1.335,1.657,1.92,2.16499999999999,2.48699999999999,2.75,2.07199999999999,2.33499999999999,2.657
597,597,0.164999999999995,0.486999999999995,0.749999999999995,0.071999999999995,0.334999999999995,0.656999999999995,0.919999999999995,1.165,1.487,1.75,1.07199999999999,1.335,1.657,1.92,2.16499999999999,2.48699999999999,2.75,2.07199999999999,2.33499999999999,2.657
598,598,0.486999999999995,0.749999999999995,0.071999999999995,0.334999999999995,0.656999999999995,0.919999999999995,0.241999999999995,1.487,1.75,1.07199999999999,1.335,1.657,1.92,1.242,2.48699999999999,2.75,2.07199999999999,2.33499999999999,2.657,2.91999999999999
599,599,0.486999999999995,0.749999999999995,0.071999999999995,0.334999999999995,0.656999999999995,0.919999999999995,0.241999999999995,1.487,1.75,1.07199999999999,1.335,1.657,1.92,1.242,2.48699999999999,2.75,2.07199999999999,2.33499999999999,2.657,2.91999999999999
600,600,0.749999999999995,0.071999999999995,0.334999999999995,0.656999999999995,0.919999999999995,0.241999999999995,0.504999999999995,1.75,1.07199999999999,1.335,1.657,1.92,1.242,1.505,2.75,2.07199999999999,2.33499999999999,2.657,2.91999999999999,2.24199999999999
601,601,0.749999999999995,0.071999999999995,0.334999999999995,0.656999999999995,0.919999999999995,0.241999999999995,0.504999999999995,1.75,1.07199999999999,1.335,1.657,1.92,1.242,1.505,2.75,2.07199999999999,2.33499999999999,2.657,2.91999999999999,2.24199999999999
602,602,0.071999999999995,0.334999999999995,0.656999999999995,0.919999999999995,0.241999999999995,0.504999999999995,0.826999999999995,1.07199999999999,1.335,1.657,1.92,1.242,1.505,1.827,2.07199999999999,2.33499999999999,2.657,2.91999999999999,2.24199999999999,2.50499999999999
603,603,0.071999999999995,0.334999999999995,0.656999999999995,0.919999999999995,0.241999999999995,0.504999999999995,0.826999999999995,1.07199999999999,1.335,1.657,1.92,1.242,1.505,1.827,2.07199999999999,2.33499999999999,2.657,2.91999999999999,2.24199999999999,2.50499999999999
604,604,0.334999999999995,0.656999999999995,0.919999999999995,0.241999999999995,0.504999999999995,0.826999999999995,0.089999999999995,1.335,1.657,1.92,1.242,1.505,1.827,1.08999999999999,2.33499999999999,2.657,2.91999999999999,2.24199999999999,2.50499999999999,2.82699999999999
605,605,0.334999999999995,0.656999999999995,0.919999999999995,0.241999999999995,0.504999999999995,0.826999999999995,0.089999999999995,1.335,1.657,1.92,1.242,1.505,1.827,1.08999999999999,2.33499999999999,2.657,2.91999999999999,2.24199999999999,2.50499999999999,2.82699999999999
606,606,0.656999999999995,0.919999999999995,0.241999999999995,0.504999999999995,0.826999999999995,0.089999999999995,0.411999999999995,1.657,1.92,1.242,1.505,1.827,1.08999999999999,1.412,2.657,2.91999999999999,2.24199999999999,2.50499999999999,2.82699999999999,2.08999999999999
607,607,0.656999999999995,0.919999999999995,0.241999999999995,0.504999999999995,0.826999999999995,0.089999999999995,0.411999999999995,1.657,1.92,1.242,1.505,1.827,1.08999999999999,1.412,2.657,2.91999999999999,2.24199999999999,2.50499999999999,2.82699999999999,2.08999999999999
608,608,0.919999999999995,0.241999999999995,0.504999999999995,0.826999999999995,0.089999999999995,0.411999999999995,0.674999999999995,1.92,1.242,1.505,1.827,1.08999999999999,1.412,1.675,2.91999999999999,2.24199999999999,2.50499999999999,2.82699999999999,2.08999999999999,2.41199999999999
609,609,0.919999999999995,0.241999999999995,0.504999999999995,0.826999999999995,0.089999999999995,0.411999999999995,0.674999999999995,1.92,1.242,1.505,1.827,1.08999999999999,1.412,1.675,2.91999999999999,2.24199999999999,2.50499999999999,2.82699999999999,2.08999999999999,2.41199999999999
610,610,0.241999999999995,0.504999999999995,0.826999999999995,0.089999999999995,0.411999999999995,0.674999999999995,0.996999999999995,1.242,1.505,1.827,1.08999999999999,1.412,1.675,1.997,2.24199999999999,2.50499999999999,2.82699999999999,2.08999999999999,2.41199999999999,2.67499999999999
611,611,0.241999999999995,0.504999999999995,0.826999999999995,0.089999999999995,0.411999999999995,0.674999999999995,0.996999999999995,1.242,1.505,1.827,1.08999999999999,1.412,1.675,1.997,2.24199999999999,2.50499999999999,2.82699999999999,2.08999999999999,2.41199999999999,2.67499999999999
612,612,0.504999999999995,0.826999999999995,0.089999999999995,0.411999999999995,0.674999999999995,0.996999999999995,0.259999999999994,1.505,1.827,1.08999999999999,1.412,1.675,1.997,1.25999999999999,2.50499999999999,2.82699999999999,2.08999999999999,2.41199999999999,2.67499999999999,2.99699999999999
613,613,0.504999999999995,0.826999999999995,0.089999999999995,0.411999999999995,0.674999999999995,0.996999999999995,0.259999999999994,1.505,1.827,1.08999999999999,1.412,1.675,1.997,1.25999999999999,2.50499999999999,2.82699999999999,2.08999999999999,2.41199999999999,2.67499999999999,2.99699999999999
614,614,0.826999999999995,0.089999999999995,0.411999999999995,0.674999999999995,0.996999999999995,0.259999999999994,0.581999999999995,1.827,1.08999999999999,1.412,1.675,1.997,1.25999999999999,1.582,2.82699999999999,2.08999999999999,2.41199999999999,2.67499999999999,2.99699999999999,2.25999999999999
615,615,0.826999999999995,0.089999999999995,0.411999999999995,0.674999999999995,0.996999999999995,0.259999999999994,0.581999999999995,1.827,1.08999999999999,1.412,1.675,1.997,1.25999999999999,1.582,2.82699999999999,2.08999999999999,2.41199999999999,2.67499999999999,2.99699999999999,2.25999999999999
616,616,0.089999999999995,0.411999999999995,0.674999999999995,0.996999999999995,0.259999999999994,0.581999999999995,0.844999999999994,1.08999999999999,1.412,1.675,1.997,1.25999999999999,1.582,1.84499999999999,2.08999999999999,2.41199999999999,2.67499999999999,2.99699999999999,2.25999999999999,2.58199999999999
617,617,0.089999999999995,0.411999999999995,0.674999999999995,0.996999999999995,0.259999999999994,0.581999999999995,0.844999999999994,1.08999999999999,1.412,1.675,1.997,1.25999999999999,1.582,1.84499999999999,2.08999999999999,2.41199999999999,2.67499999999999,2.99699999999999,2.25999999999999,2.58199999999999
618,618,0.411999999999995,0.674999999999995,0.996999999999995,0.259999999999994,0.581999999999995,0.844999999999994,0.166999999999995,1.412,1.675,1.997,1.25999999999999,1.582,1.84499999999999,1.167,2.41199999999999,2.67499999999999,2.99699999999999,2.25999999999999,2.58199999999999,2.84499999999999
619,619,0.411999999999995,0.674999999999995,0.996999999999995,0.259999999999994,0.581999999999995,0.844999999999994,0.166999999999995,1.412,1.675,1.997,1.25999999999999,1.582,1.84499999999999,1.167,2.41199999999999,2.67499999999999,2.99699999999999,2.25999999999999,2.58199999999999,2.84499999999999
620,620,0.674999999999995,0.996999999999995,0.259999999999994,0.581999999999995,0.844999999999994,0.166999999999995,0.429999999999994,1.675,1.997,1.25999999999999,1.582,1.84499999999999,1.167,1.42999999999999,2.67499999999999,2.99699999999999,2.25999999999999,2.58199999999999,2.84499999999999,2.16699999999999
621,621,0.674999999999995,0.996999999999995,0.259999999999994,0.581999999999995,0.844999999999994,0.166999999999995,0.429999999999994,1.675,1.997,1.25999999999999,1.582,1.84499999999999,1.167,1.42999999999999,2.67499999999999,2.99699999999999,2.25999999999999,2.58199999999999,2.84499999999999,2.16699999999999
622,622,0.996999999999995,0.259999999999994,0.581999999999995,0.844999999999994,0.166999999999995,0.429999999999994,0.751999999999994,1.997,1.25999999999999,1.582,1.84499999999999,1.167,1.42999999999999,1.75199999999999,2.99699999999999,2.25999999999999,2.58199999999999,2.84499999999999,2.16699999999999,2.42999999999999
623,623,0.996999999999995,0.259999999999994,0.581999999999995,0.844999999999994,0.166999999999995,0.429999999999994,0.751999999999994,1.997,1.25999999999999,1.582,1.84499999999999,1.167,1.42999999999999,1.75199999999999,2.99699999999999,2.25999999999999,2.58199999999999,2.84499999999999,2.16699999999999,2.42999999999999
624,624,0.259999999999994,0.581999999999995,0.844999999999994,0.166999999999995,0.429999999999994,0.751999999999994,0.014999999999994,1.25999999999999,1.582,1.84499999999999,1.167,1.42999999999999,1.75199999999999,1.01499999999999,2.25999999999999,2.58199999999999,2.84499999999999,2.16699999999999,2.42999999999999,2.75199999999999
625,625,0.259999999999994,0.581999999999995,0.844999999999994,0.166999999999995,0.429999999999994,0.751999999999994,0.014999999999994,1.25999999999999,1.582,1.84499999999999,1.167,1.42999999999999,1.75199999999999,1.01499999999999,2.25999999999999,2.58199999999999,2.84499999999999,2.16699999999999,2.42999999999999,2.75199999999999
626,626,0.581999999999995,0.844999999999994,0.166999999999995,0.429999999999994,0.751999999999994,0.014999999999994,0.336999999999994,1.582,1.84499999999999,1.167,1.42999999999999,1.75199999999999,1.01499999999999,1.33699999999999,2.58199999999999,2.84499999999999,2.16699999999999,2.42999999999999,2.75199999999999,2.01499999999999
627,627,0.581999999999995,0.844999999999994,0.166999999999995,0.429999999999994,0.751999999999994,0.014999999999994,0.336999999999994,1.582,1.84499999999999,1.167,1.42999999999999,1.75199999999999,1.01499999999999,1.33699999999999,2.58199999999999,2.84499999999999,2.16699999999999,2.42999999999999,2.75199999999999,2.01499999999999
628,628,0.844999999999994,0.166999999999995,0.429999999999994,0.751999999999994,0.014999999999994,0.336999999999994,0.599999999999994,1.84499999999999,1.167,1.42999999999999,1.75199999999999,1.01499999999999,1.33699999999999,1.59999999999999,2.84499999999999,2.16699999999999,2.42999999999999,2.75199999999999,2.01499999999999,2.33699999999999
629,629,0.844999999999994,0.166999999999995,0.429999999999994,0.751999999999994,0.014999999999994,0.336999999999994,0.599999999999994,1.84499999999999,1.167,1.42999999999999,1.75199999999999,1.01499999999999,1.33699999999999,1.59999999999999,2.84499999999999,2.16699999999999,2.42999999999999,2.75199999999999,2.01499999999999,2.33699999999999
630,630,0.166999999999995,0.429999999999994,0.751999999999994,0.014999999999994,0.336999999999994,0.599999999999994,0.921999999999994,1.167,1.42999999999999,1.75199999999999,1.01499999999999,1.33699999999999,1.59999999999999,1.92199999999999,2.16699999999999,2.42999999999999,2.75199999999999,2.01499999999999,2.33699999999999,2.59999999999999
631,631,0.166999999999995,0.429999999999994,0.751999999999994,0.014999999999994,0.336999999999994,0.599999999999994,0.921999999999994,1.167,1.42999999999999,1.75199999999999,1.01499999999999,1.33699999999999,1.59999999999999,1.92199999999999,2.16699999999999,2.42999999999999,2.75199999999999,2.01499999999999,2.33699999999999,2.59999999999999
632,632,0.429999999999994,0.751999999999994,0.014999999999994,0.336999999999994,0.599999999999994,0.921999999999994,0.184999999999994,1.42999999999999,1.75199999999999,1.01499999999999,1.33699999999999,1.59999999999999,1.92199999999999,1.18499999999999,2.42999999999999,2.75199999999999,2.01499999999999,2.33699999999999,2.59999999999999,2.92199999999999
633,633,0.429999999999994,0.751999999999994,0.014999999999994,0.336999999999994,0.599999999999994,0.921999999999994,0.184999999999994,1.42999999999999,1.75199999999999,1.01499999999999,1.33699999999999,1.59999999999999,1.92199999999999,1.18499999999999,2.42999999999999,2.75199999999999,2.01499999999999,2.33699999999999,2.59999999999999,2.92199999999999
634,634,0.751999999999994,0.014999999999994,0.336999999999994,0.599999999999994,0.921999999999994,0.184999999999994,0.506999999999994,1.75199999999999,1.01499999999999,1.33699999999999,1.59999999999999,1.92199999999999,1.18499999999999,1.50699999999999,2.75199999999999,2.01499999999999,2.33699999999999,2.59999999999999,2.92199999999999,2.18499999999999
635,635,0.751999999999994,0.014999999999994,0.336999999999994,0.599999999999994,0.921999999999994,0.184999999999994,0.506999999999994,1.75199999999999,1.01499999999999,1.33699999999999,1.59999999999999,1.92199999999999,1.18499999999999,1.50699999999999,2.75199999999999,2.01499999999999,2.33699999999999,2.59999999999999,2.92199999999999,2.18499999999999
636,636,0.014999999999994,0.336999999999994,0.599999999999994,0.921999999999994,0.184999999999994,0.506999999999994,0.769999999999994,1.01499999999999,1.33699999999999,1.59999999999999,1.92199999999999,1.18499999999999,1.50699999999999,1.76999999999999,2.01499999999999,2.33699999999999,2.59999999999999,2.92199999999999,2.18499999999999,2.50699999999999
637,637,0.014999999999994,0.336999999999994,0.599999999999994,0.921999999999994,0.184999999999994,0.506999999999994,0.769999999999994,1.01499999999999,1.33699999999999,1.59999999999999,1.92199999999999,1.18499999999999,1.50699999999999,1.76999999999999,2.01499999999999,2.33699999999999,2.59999999999999,2.92199999999999,2.18499999999999,2.50699999999999
638,638,0.336999999999994,0.599999999999994,0.921999999999994,0.184999999999994,0.506999999999994,0.769999999999994,0.091999999999994,1.33699999999999,1.59999999999999,1.92199999999999,1.18499999999999,1.50699999999999,1.76999999999999,1.09199999999999,2.33699999999999,2.59999999999999,2.92199999999999,2.18499999999999,2.50699999999999,2.76999999999999
639,639,0.336999999999994,0.599999999999994,0.921999999999994,0.184999999999994,0.506999999999994,0.769999999999994,0.091999999999994,1.33699999999999,1.59999999999999,1.92199999999999,1.18499999999999,1.50699999999999,1.76999999999999,1.09199999999999,2.33699999999999,2.59999999999999,2.92199999999999,2.18499999999999,2.50699999999999,2.76999999999999
640,640,0.599999999999994,0.921999999999994,0.184999999999994,0.506999999999994,0.769999999999994,0.091999999999994,0.354999999999994,1.59999999999999,1.92199999999999,1.18499999999999,1.50699999999999,1.76999999999999,1.09199999999999,1.35499999999999,2.59999999999999,2.92199999999999,2.18499999999999,2.50699999999999,2.76999999999999,2.09199999999999
641,641,0.599999999999994,0.921999999999994,0.184999999999994,0.506999999999994,0.769999999999994,0.091999999999994,0.354999999999994,1.59999999999999,1.92199999999999,1.18499999999999,1.50699999999999,1.76999999999999,1.09199999999999,1.35499999999999,2.59999999999999,2.92199999999999,2.18499999999999,2.50699999999999,2.76999999999999,2.09199999999999
642,642,0.921999999999994,0.184999999999994,0.506999999999994,0.769999999999994,0.091999999999994,0.354999999999994,0.676999999999994,1.92199999999999,1.18499999999999,1.50699999999999,1.76999999999999,1.09199999999999,1.35499999999999,1.67699999999999,2.92199999999999,2.18499999999999,2.50699999999999,2.76999999999999,2.09199999999999,2.35499999999999
643,643,0.921999999999994,0.184999999999994,0.506999999999994,0.769999999999994,0.091999999999994,0.354999999999994,0.676999999999994,1.92199999999999,1.18499999999999,1.50699999999999,1.76999999999999,1.09199999999999,1.35499999999999,1.67699999999999,2.92199999999999,2.18499999999999,2.50699999999999,2.76999999999999,2.09199999999999,2.35499999999999
644,644,0.184999999999994,0.506999999999994,0.769999999999994,0.091999999999994,0.354999999999994,0.676999999999994,0.939999999999994,1.18499999999999,1.50699999999999,1.76999999999999,1.09199999999999,1.35499999999999,1.67699999999999,1.93999999999999,2.18499999999999,2.50699999999999,2.76999999999999,2.09199999999999,2.35499999999999,2.67699999999999
645,645,0.184999999999994,0.506999999999994,0.769999999999994,0.091999999999994,0.354999999999994,0.676999999999994,0.939999999999994,1.18499999999999,1.50699999999999,1.76999999999999,1.09199999999999,1.35499999999999,1.67699999999999,1.93999999999999,2.18499999999999,2.50699999999999,2.76999999999999,2.09199999999999,2.35499999999999,2.67699999999999
646,646,0.506999999999994,0.769999999999994,0.091999999999994,0.354999999999994,0.676999999999994,0.939999999999994,0.261999999999994,1.50699999999999,1.76999999999999,1.09199999999999,1.35499999999999,1.67699999999999,1.93999999999999,1.26199999999999,2.50699999999999,2.76999999999999,2.09199999999999,2.35499999999999,2.67699999999999,2.93999999999999
647,647,0.506999999999994,0.769999999999994,0.091999999999994,0.354999999999994,0.676999999999994,0.939999999999994,0.261999999999994,1.50699999999999,1.76999999999999,1.09199999999999,1.35499999999999,1.67699999999999,1.93999999999999,1.26199999999999,2.50699999999999,2.76999999999999,2.09199999999999,2.35499999999999,2.67699999999999,2.93999999999999
648,648,0.769999999999994,0.091999999999994,0.354999999999994,0.676999999999994,0.939999999999994,0.261999999999994,0.524999999999994,1.76999999999999,1.09199999999999,1.35499999999999,1.67699999999999,1.93999999999999,1.26199999999999,1.52499999999999,2.76999999999999,2.09199999999999,2.35499999999999,2.67699999999999,2.93999999999999,2.26199999999999
649,649,0.769999999999994,0.091999999999994,0.354999999999994,0.676999999999994,0.939999999999994,0.261999999999994,0.524999999999994,1.76999999999999,1.09199999999999,1.35499999999999,1.67699999999999,1.93999999999999,1.26199999999999,1.52499999999999,2.76999999999999,2.09199999999999,2.35499999999999,2.67699999999999,2.93999999999999,2.26199999999999
650,650,0.091999999999994,0.354999999999994,0.676999999999994,0.939999999999994,0.261999999999994,0.524999999999994,0.846999999999994,1.09199999999999,1.35499999999999,1.67699999999999,1.93999999999999,1.26199999999999,1.52499999999999,1.84699999999999,2.09199999999999,2.35499999999999,2.67699999999999,2.93999999999999,2.26199999999999,2.52499999999999
651,651,0.091999999999994,0.354999999999994,0.676999999999994,0.939999999999994,0.261999999999994,0.524999999999994,0.846999999999994,1.09199999999999,1.35499999999999,1.67699999999999,1.93999999999999,1.26199999999999,1.52499999999999,1.84699999999999,2.09199999999999,2.35499999999999,2.67699999999999,2.93999999999999,2.26199999999999,2.52499999999999
652,652,0.354999999999994,0.676999999999994,0.939999999999994,0.261999999999994,0.524999999999994,0.846999999999994,0.109999999999994,1.35499999999999,1.67699999999999,1.93999999999999,1.26199999999999,1.52499999999999,1.84699999999999,1.10999999999999,2.35499999999999,2.67699999999999,2.93999999999999,2.26199999999999,2.52499999999999,2.84699999999999
653,653,0.354999999999994,0.676999999999994,0.939999999999994,0.261999999999994,0.524999999999994,0.846999999999994,0.109999999999994,1.35499999999999,1.67699999999999,1.93999999999999,1.26199999999999,1.52499999999999,1.84699999999999,1.10999999999999,2.35499999999999,2.67699999999999,2.93999999999999,2.26199999999999,2.52499999999999,2.84699999999999
654,654,0.676999999999994,0.939999999999994,0.261999999999994,0.524999999999994,0.846999999999994,0.109999999999994,0.431999999999994,1.67699999999999,1.93999999999999,1.26199999999999,1.52499999999999,1.84699999999999,1.10999999999999,1.43199999999999,2.67699999999999,2.93999999999999,2.26199999999999,2.52499999999999,2.84699999999999,2.10999999999999
655,655,0.676999999999994,0.939999999999994,0.261999999999994,0.524999999999994,0.846999999999994,0.109999999999994,0.431999999999994,1.67699999999999,1.93999999999999,1.26199999999999,1.52499999999999,1.84699999999999,1.10999999999999,1.43199999999999,2.67699999999999,2.93999999999999,2.26199999999999,2.52499999999999,2.84699999999999,2.10999999999999
656,656,0.939999999999994,0.261999999999994,0.524999999999994,0.846999999999994,0.109999999999994,0.431999999999994,0.694999999999994,1.93999999999999,1.26199999999999,1.52499999999999,1.84699999999999,1.10999999999999,1.43199999999999,1.69499999999999,2.93999999999999,2.26199999999999,2.52499999999999,2.84699999999999,2.10999999999999,2.43199999999999
657,657,0.939999999999994,0.261999999999994,0.524999999999994,0.846999999999994,0.109999999999994,0.431999999999994,0.694999999999994,1.93999999999999,1.26199999999999,1.52499999999999,1.84699999999999,1.10999999999999,1.43199999999999,1.69499999999999,2.93999999999999,2.26199999999999,2.52499999999999,2.84699999999999,2.10999999999999,2.43199999999999
658,658,0.261999999999994,0.524999999999994,0.846999999999994,0.109999999999994,0.431999999999994,0.694999999999994,0.016999999999994,1.26199999999999,1.52499999999999,1.84699999999999,1.10999999999999,1.43199999999999,1.69499999999999,1.01699999999999,2.26199999999999,2.52499999999999,2.84699999999999,2.10999999999999,2.43199999999999,2.69499999999999
659,659,0.261999999999994,0.524999999999994,0.846999999999994,0.109999999999994,0.431999999999994,0.694999999999994,0.016999999999994,1.26199999999999,1.52499999999999,1.84699999999999,1.10999999999999,1.43199999999999,1.69499999999999,1.01699999999999,2.26199999999999,2.52499999999999,2.84699999999999,2.10999999999999,2.43199999999999,2.69499999999999
660,660,0.524999999999994,0.846999999999994,0.109999999999994,0.431999999999994,0.694999999999994,0.016999999999994,0.279999999999994,1.52499999999999,1.84699999999999,1.10999999999999,1.43199999999999,1.69499999999999,1.01699999999999,1.27999999999999,2.52499999999999,2.84699999999999,2.10999999999999,2.43199999999999,2.69499999999999,2.01699999999999
661,661,0.524999999999994,0.846999999999994,0.109999999999994,0.431999999999994,0.694999999999994,0.016999999999994,0.279999999999994,1.52499999999999,1.84699999999999,1.10999999999999,1.43199999999999,1.69499999999999,1.01699999999999,1.27999999999999,2.52499999999999,2.84699999999999,2.10999999999999,2.43199999999999,2.69499999999999,2.01699999999999
662,662,0.846999999999994,0.109999999999994,0.431999999999994,0.694999999999994,0.016999999999994,0.279999999999994,0.601999999999994,1.84699999999999,1.10999999999999,1.43199999999999,1.69499999999999,1.01699999999999,1.27999999999999,1.60199999999999,2.84699999999999,2.10999999999999,2.43199999999999,2.69499999999999,2.01699999999999,2.27999999999999
663,663,0.846999999999994,0.109999999999994,0.431999999999994,0.694999999999994,0.016999999999994,0.279999999999994,0.601999999999994,1.84699999999999,1.10999999999999,1.43199999999999,1.69499999999999,1.01699999999999,1.27999999999999,1.60199999999999,2.84699999999999,2.10999999999999,2.43199999999999,2.69499999999999,2.01699999999999,2.27999999999999
664,664,0.109999999999994,0.431999999999994,0.694999999999994,0.016999999999994,0.279999999999994,0.601999999999994,0.864999999999994,1.10999999999999,1.43199999999999,1.69499999999999,1.01699999999999,1.27999999999999,1.60199999999999,1.86499999999999,2.10999999999999,2.43199999999999,2.69499999999999,2.01699999999999,2.27999999999999,2.60199999999999
665,665,0.109999999999994,0.431999999999994,0.694999999999994,0.016999999999994,0.279999999999994,0.601999999999994,0.864999999999994,1.10999999999999,1.43199999999999,1.69499999999999,1.01699999999999,1.27999999999999,1.60199999999999,1.86499999999999,2.10999999999999,2.43199999999999,2.69499999999999,2.01699999999999,2.27999999999999,2.60199999999999
666,666,0.431999999999994,0.694999999999994,0.016999999999994,0.279999999999994,0.601999999999994,0.864999999999994,0.186999999999994,1.43199999999999,1.69499999999999,1.01699999999999,1.27999999999999,1.60199999999999,1.86499999999999,1.18699999999999,2.43199999999999,2.69499999999999,2.01699999999999,2.27999999999999,2.60199999999999,2.86499999999999
667,667,0.431999999999994,0.694999999999994,0.016999999999994,0.279999999999994,0.601999999999994,0.864999999999994,0.186999999999994,1.43199999999999,1.69499999999999,1.01699999999999,1.27999999999999,1.60199999999999,1.86499999999999,1.18699999999999,2.43199999999999,2.69499999999999,2.01699999999999,2.27999999999999,2.60199999999999,2.86499999999999
668,668,0.694999999999994,0.016999999999994,0.279999999999994,0.601999999999994,0.864999999999994,0.186999999999994,0.449999999999994,1.69499999999999,1.01699999999999,1.27999999999999,1.60199999999999,1.86499999999999,1.18699999999999,1.44999999999999,2.69499999999999,2.01699999999999,2.27999999999999,2.60199999999999,2.86499999999999,2.18699999999999
669,669,0.694999999999994,0.016999999999994,0.279999999999994,0.601999999999994,0.864999999999994,0.186999999999994,0.449999999999994,1.69499999999999,1.01699999999999,1.27999999999999,1.60199999999999,1.86499999999999,1.18699999999999,1.44999999999999,2.69499999999999,2.01699999999999,2.27999999999999,2.60199999999999,2.86499999999999,2.18699999999999
670,670,0.016999999999994,0.279999999999994,0.601999999999994,0.864999999999994,0.186999999999994,0.449999999999994,0.771999999999994,1.01699999999999,1.27999999999999,1.60199999999999,1.86499999999999,1.18699999999999,1.44999999999999,1.77199999999999,2.01699999999999,2.27999999999999,2.60199999999999,2.86499999999999,2.18699999999999,2.44999999999999
671,671,0.016999999999994,0.279999999999994,0.601999999999994,0.864999999999994,0.186999999999994,0.449999999999994,0.771999999999994,1.01699999999999,1.27999999999999,1.60199999999999,1.86499999999999,1.18699999999999,1.44999999999999,1.77199999999999,2.01699999999999,2.27999999999999,2.60199999999999,2.86499999999999,2.18699999999999,2.44999999999999
672,672,0.279999999999994,0.601999999999994,0.864999999999994,0.186999999999994,0.449999999999994,0.771999999999994,0.034999999999994,1.27999999999999,1.60199999999999,1.86499999999999,1.18699999999999,1.44999999999999,1.77199999999999,1.03499999999999,2.27999999999999,2.60199999999999,2.86499999999999,2.18699999999999,2.44999999999999,2.77199999999999
673,673,0.279999999999994,0.601999999999994,0.864999999999994,0.186999999999994,0.449999999999994,0.771999999999994,0.034999999999994,1.27999999999999,1.60199999999999,1.86499999999999,1.18699999999999,1.44999999999999,1.77199999999999,1.03499999999999,2.27999999999999,2.60199999999999,2.86499999999999,2.18699999999999,2.44999999999999,2.77199999999999
674,674,0.601999999999994,0.864999999999994,0.186999999999994,0.449999999999994,0.771999999999994,0.034999999999994,0.356999999999994,1.60199999999999,1.86499999999999,1.18699999999999,1.44999999999999,1.77199999999999,1.03499999999999,1.35699999999999,2.60199999999999,2.86499999999999,2.18699999999999,2.44999999999999,2.77199999999999,2.03499999999999
675,675,0.601999999999994,0.864999999999994,0.186999999999994,0.449999999999994,0.771999999999994,0.034999999999994,0.356999999999994,1.60199999999999,1.86499999999999,1.18699999999999,1.44999999999999,1.77199999999999,1.03499999999999,1.35699999999999,2.60199999999999,2.86499999999999,2.18699999999999,2.44999999999999,2.77199999999999,2.03499999999999
676,676,0.864999999999994,0.186999999999994,0.449999999999994,0.771999999999994,0.034999999999994,0.356999999999994,0.619999999999994,1.86499999999999,1.18699999999999,1.44999999999999,1.77199999999999,1.03499999999999,1.35699999999999,1.61999999999999,2.86499999999999,2.18699999999999,2.44999999999999,2.77199999999999,2.03499999999999,2.35699999999999
677,677,0.864999999999994,0.186999999999994,0.449999999999994,0.771999999999994,0.034999999999994,0.356999999999994,0.619999999999994,1.86499999999999,1.18699999999999,1.44999999999999,1.77199999999999,1.03499999999999,1.35699999999999,1.61999999999999,2.86499999999999,2.18699999999999,2.44999999999999,2.77199999999999,2.03499999999999,2.35699999999999
678,678,0.186999999999994,0.449999999999994,0.771999999999994,0.034999999999994,0.356999999999994,0.619999999999994,0.941999999999994,1.18699999999999,1.44999999999999,1.77199999999999,1.03499999999999,1.35699999999999,1.61999999999999,1.94199999999999,2.18699999999999,2.44999999999999,2.77199999999999,2.03499999999999,2.35699999999999,2.61999999999999
679,679,0.186999999999994,0.449999999999994,0.771999999999994,0.034999999999994,0.356999999999994,0.619999999999994,0.941999999999994,1.18699999999999,1.44999999999999,1.77199999999999,1.03499999999999,1.35699999999999,1.61999999999999,1.94199999999999,2.18699999999999,2.44999999999999,2.77199999999999,2.03499999999999,2.35699999999999,2.61999999999999
680,680,0.449999999999994,0.771999999999994,0.034999999999994,0.356999999999994,0.619999999999994,0.941999999999994,0.204999999999994,1.44999999999999,1.77199999999999,1.03499999999999,1.35699999999999,1.61999999999999,1.94199999999999,1.20499999999999,2.44999999999999,2.77199999999999,2.03499999999999,2.35699999999999,2.61999999999999,2.94199999999999
681,681,0.449999999999994,0.771999999999994,0.034999999999994,0.356999999999994,0.619999999999994,0.941999999999994,0.204999999999994,1.44999999999999,1.77199999999999,1.03499999999999,1.35699999999999,1.61999999999999,1.94199999999999,1.20499999999999,2.44999999999999,2.77199999999999,2.03499999999999,2.35699999999999,2.61999999999999,2.94199999999999
682,682,0.771999999999994,0.034999999999994,0.356999999999994,0.619999999999994,0.941999999999994,0.204999999999994,0.526999999999994,1.77199999999999,1.03499999999999,1.35699999999999,1.61999999999999,1.94199999999999,1.20499999999999,1.52699999999999,2.77199999999999,2.03499999999999,2.35699999999999,2.61999999999999,2.94199999999999,2.20499999999999
683,683,0.771999999999994,0.034999999999994,0.356999999999994,0.619999999999994,0.941999999999994,0.204999999999994,0.526999999999994,1.77199999999999,1.03499999999999,1.35699999999999,1.61999999999999,1.94199999999999,1.20499999999999,1.52699999999999,2.77199999999999,2.03499999999999,2.35699999999999,2.61999999999999,2.94199999999999,2.20499999999999
684,684,0.034999999999994,0.356999999999994,0.619999999999994,0.941999999999994,0.204999999999994,0.526999999999994,0.789999999999994,1.03499999999999,1.35699999999999,1.61999999999999,1.94199999999999,1.20499999999999,1.52699999999999,1.78999999999999,2.03499999999999,2.35699999999999,2.61999999999999,2.94199999999999,2.20499999999999,2.52699999999999
685,685,0.034999999999994,0.356999999999994,0.619999999999994,0.941999999999994,0.204999999999994,0.526999999999994,0.789999999999994,1.03499999999999,1.35699999999999,1.61999999999999,1.94199999999999,1.20499999999999,1.52699999999999,1.78999999999999,2.03499999999999,2.35699999999999,2.61999999999999,2.94199999999999,2.20499999999999,2.52699999999999
686,686,0.356999999999994,0.619999999999994,0.941999999999994,0.204999999999994,0.526999999999994,0.789999999999994,0.111999999999994,1.35699999999999,1.61999999999999,1.94199999999999,1.20499999999999,1.52699999999999,1.78999999999999,1.11199999999999,2.35699999999999,2.61999999999999,2.94199999999999,2.20499999999999,2.52699999999999,2.78999999999999
687,687,0.356999999999994,0.619999999999994,0.941999999999994,0.204999999999994,0.526999999999994,0.789999999999994,0.111999999999994,1.35699999999999,1.61999999999999,1.94199999999999,1.20499999999999,1.52699999999999,1.78999999999999,1.11199999999999,2.35699999999999,2.61999999999999,2.94199999999999,2.20499999999999,2.52699999999999,2.78999999999999
688,688,0.619999999999994,0.941999999999994,0.204999999999994,0.526999999999994,0.789999999999994,0.111999999999994,0.374999999999994,1.61999999999999,1.94199999999999,1.20499999999999,1.52699999999999,1.78999999999999,1.11199999999999,1.37499999999999,2.61999999999999,2.94199999999999,2.20499999999999,2.52699999999999,2.78999999999999,2.11199999999999
689,689,0.619999999999994,0.941999999999994,0.204999999999994,0.526999999999994,0.789999999999994,0.111999999999994,0.374999999999994,1.61999999999999,1.94199999999999,1.20499999999999,1.52699999999999,1.78999999999999,1.11199999999999,1.37499999999999,2.61999999999999,2.94199999999999,2.20499999999999,2.52699999999999,2.78999999999999,2.11199999999999
690,690,0.941999999999994,0.204999999999994,0.526999999999994,0.789999999999994,0.111999999999994,0.374999999999994,0.696999999999994,1.94199999999999,1.20499999999999,1.52699999999999,1.78999999999999,1.11199999999999,1.37499999999999,1.69699999999999,2.94199999999999,2.20499999999999,2.52699999999999,2.78999999999999,2.11199999999999,2.37499999999999
691,691,0.941999999999994,0.204999999999994,0.526999999999994,0.789999999999994,0.111999999999994,0.374999999999994,0.696999999999994,1.94199999999999,1.20499999999999,1.52699999999999,1.78999999999999,1.11199999999999,1.37499999999999,1.69699999999999,2.94199999999999,2.20499999999999,2.52699999999999,2.78999999999999,2.11199999999999,2.37499999999999
692,692,0.204999999999994,0.526999999999994,0.789999999999994,0.111999999999994,0.374999999999994,0.696999999999994,0.959999999999994,1.20499999999999,1.52699999999999,1.78999999999999,1.11199999999999,1.37499999999999,1.69699999999999,1.95999999999999,2.20499999999999,2.52699999999999,2.78999999999999,2.11199999999999,2.37499999999999,2.69699999999999
693,693,0.204999999999994,0.526999999999994,0.789999999999994,0.111999999999994,0.374999999999994,0.696999999999994,0.959999999999994,1.20499999999999,1.52699999999999,1.78999999999999,1.11199999999999,1.37499999999999,1.69699999999999,1.95999999999999,2.20499999999999,2.52699999999999,2.78999999999999,2.11199999999999,2.37499999999999,2.69699999999999
694,694,0.526999999999994,0.789999999999994,0.111999999999994,0.374999999999994,0.696999999999994,0.959999999999994,0.281999999999994,1.52699999999999,1.78999999999999,1.11199999999999,1.37499999999999,1.69699999999999,1.95999999999999,1.28199999999999,2.52699999999999,2.78999999999999,2.11199999999999,2.37499999999999,2.69699999999999,2.95999999999999
695,695,0.526999999999994,0.789999999999994,0.111999999999994,0.374999999999994,0.696999999999994,0.959999999999994,0.281999999999994,1.52699999999999,1.78999999999999,1.11199999999999,1.37499999999999,1.69699999999999,1.95999999999999,1.28199999999999,2.52699999999999,2.78999999999999,2.11199999999999,2.37499999999999,2.69699999999999,2.95999999999999
696,696,0.789999999999994,0.111999999999994,0.374999999999994,0.696999999999994,0.959999999999994,0.281999999999994,0.544999999999994,1.78999999999999,1.11199999999999,1.37499999999999,1.69699999999999,1.95999999999999,1.28199999999999,1.54499999999999,2.78999999999999,2.11199999999999,2.37499999999999,2.69699999999999,2.95999999999999,2.28199999999999
697,697,0.789999999999994,0.111999999999994,0.374999999999994,0.696999999999994,0.959999999999994,0.281999999999994,0.544999999999994,1.78999999999999,1.11199999999999,1.37499999999999,1.69699999999999,1.95999999999999,1.28199999999999,1.54499999999999,2.78999999999999,2.11199999999999,2.37499999999999,2.69699999999999,2.95999999999999,2.28199999999999
698,698,0.111999999999994,0.374999999999994,0.696999999999994,0.959999999999994,0.281999999999994,0.544999999999994,0.866999999999994,1.11199999999999,1.37499999999999,1.69699999999999,1.95999999999999,1.28199999999999,1.54499999999999,1.86699999999999,2.11199999999999,2.37499999999999,2.69699999999999,2.95999999999999,2.28199999999999,2.54499999999999
699,699,0.111999999999994,0.374999999999994,0.696999999999994,0.959999999999994,0.281999999999994,0.544999999999994,0.866999999999994,1.11199999999999,1.37499999999999,1.69699999999999,1.95999999999999,1.28199999999999,1.54499999999999,1.86699999999999,2.11199999999999,2.37499999999999,2.69699999999999,2.95999999999999,2.28199999999999,2.54499999999999
700,700,0.374999999999994,0.696999999999994,0.959999999999994,0.281999999999994,0.544999999999994,0.866999999999994,0.129999999999994,1.37499999999999,1.69699999999999,1.95999999999999,1.28199999999999,1.54499999999999,1.86699999999999,1.12999999999999,2.37499999999999,2.69699999999999,2.95999999999999,2.28199999999999,2.54499999999999,2.86699999999999
701,701,0.374999999999994,0.696999999999994,0.959999999999994,0.281999999999994,0.544999999999994,0.866999999999994,0.129999999999994,1.37499999999999,1.69699999999999,1.95999999999999,1.28199999999999,1.54499999999999,1.86699999999999,1.12999999999999,2.37499999999999,2.69699999999999,2.95999999999999,2.28199999999999,2.54499999999999,2.86699999999999
702,702,0.696999999999994,0.959999999999994,0.281999999999994,0.544999999999994,0.866999999999994,0.129999999999994,0.451999999999994,1.69699999999999,1.95999999999999,1.28199999999999,1.54499999999999,1.86699999999999,1.12999999999999,1.45199999999999,2.69699999999999,2.95999999999999,2.28199999999999,2.54499999999999,2.86699999999999,2.12999999999999
703,703,0.696999999999994,0.959999999999994,0.281999999999994,0.544999999999994,0.866999999999994,0.129999999999994,0.451999999999994,1.69699999999999,1.95999999999999,1.28199999999999,1.54499999999999,1.86699999999999,1.12999999999999,1.45199999999999,2.69699999999999,2.95999999999999,2.28199999999999,2.54499999999999,2.86699999999999,2.12999999999999
704,704,0.959999999999994,0.281999999999994,0.544999999999994,0.866999999999994,0.129999999999994,0.451999999999994,0.714999999999994,1.95999999999999,1.28199999999999,1.54499999999999,1.86699999999999,1.12999999999999,1.45199999999999,1.71499999999999,2.95999999999999,2.28199999999999,2.54499999999999,2.86699999999999,2.12999999999999,2.45199999999999
705,705,0.959999999999994,0.281999999999994,0.544999999999994,0.866999999999994,0.129999999999994,0.451999999999994,0.714999999999994,1.95999999999999,1.28199999999999,1.54499999999999,1.86699999999999,1.12999999999999,1.45199999999999,1.71499999999999,2.95999999999999,2.28199999999999,2.54499999999999,2.86699999999999,2.12999999999999,2.45199999999999
706,706,0.281999999999994,0.544999999999994,0.866999999999994,0.129999999999994,0.451999999999994,0.714999999999994,0.036999999999994,1.28199999999999,1.54499999999999,1.86699999999999,1.12999999999999,1.45199999999999,1.71499999999999,1.03699999999999,2.28199999999999,2.54499999999999,2.86699999999999,2.12999999999999,2.45199999999999,2.71499999999999
707,707,0.281999999999994,0.544999999999994,0.866999999999994,0.129999999999994,0.451999999999994,0.714999999999994,0.036999999999994,1.28199999999999,1.54499999999999,1.86699999999999,1.12999999999999,1.45199999999999,1.71499999999999,1.03699999999999,2.28199999999999,2.54499999999999,2.86699999999999,2.12999999999999,2.45199999999999,2.71499999999999
708,708,0.544999999999994,0.866999999999994,0.129999999999994,0.451999999999994,0.714999999999994,0.036999999999994,0.299999999999994,1.54499999999999,1.86699999999999,1.12999999999999,1.45199999999999,1.71499999999999,1.03699999999999,1.29999999999999,2.54499999999999,2.86699999999999,2.12999999999999,2.45199999999999,2.71499999999999,2.03699999999999
709,709,0.544999999999994,0.866999999999994,0.129999999999994,0.451999999999994,0.714999999999994,0.036999999999994,0.299999999999994,1.54499999999999,1.86699999999999,1.12999999999999,1.45199999999999,1.71499999999999,1.03699999999999,1.29999999999999,2.54499999999999,2.86699999999999,2.12999999999999,2.45199999999999,2.71499999999999,2.03699999999999
710,710,0.866999999999994,0.129999999999994,0.451999999999994,0.714999999999994,0.036999999999994,0.299999999999994,0.621999999999994,1.86699999999999,1.12999999999999,1.45199999999999,1.71499999999999,1.03699999999999,1.29999999999999,1.62199999999999,2.86699999999999,2.12999999999999,2.45199999999999,2.71499999999999,2.03699999999999,2.29999999999999
711,711,0.866999999999994,0.129999999999994,0.451999999999994,0.714999999999994,0.036999999999994,0.299999999999994,0.621999999999994,1.86699999999999,1.12999999999999,1.45199999999999,1.71499999999999,1.03699999999999,1.29999999999999,1.62199999999999,2.86699999999999,2.12999999999999,2.45199999999999,2.71499999999999,2.03699999999999,2.29999999999999
712,712,0.129999999999994,0.451999999999994,0.714999999999994,0.036999999999994,0.299999999999994,0.621999999999994,0.884999999999994,1.12999999999999,1.45199999999999,1.71499999999999,1.03699999999999,1.29999999999999,1.62199999999999,1.88499999999999,2.12999999999999,2.45199999999999,2.71499999999999,2.03699999999999,2.29999999999999,2.62199999999999
713,713,0.129999999999994,0.451999999999994,0.714999999999994,0.036999999999994,0.299999999999994,0.621999999999994,0.884999999999994,1.12999999999999,1.45199999999999,1.71499999999999,1.03699999999999,1.29999999999999,1.62199999999999,1.88499999999999,2.12999999999999,2.45199999999999,2.71499999999999,2.03699999999999,2.29999999999999,2.62199999999999
714,714,0.451999999999994,0.714999999999994,0.036999999999994,0.299999999999994,0.621999999999994,0.884999999999994,0.206999999999994,1.45199999999999,1.71499999999999,1.03699999999999,1.29999999999999,1.62199999999999,1.88499999999999,1.20699999999999,2.45199999999999,2.71499999999999,2.03699999999999,2.29999999999999,2.62199999999999,2.88499999999999
715,715,0.451999999999994,0.714999999999994,0.036999999999994,0.299999999999994,0.621999999999994,0.884999999999994,0.206999999999994,1.45199999999999,1.71499999999999,1.03699999999999,1.29999999999999,1.62199999999999,1.88499999999999,1.20699999999999,2.45199999999999,2.71499999999999,2.03699999999999,2.29999999999999,2.62199999999999,2.88499999999999
716,716,0.714999999999994,0.036999999999994,0.299999999999994,0.621999999999994,0.884999999999994,0.206999999999994,0.469999999999994,1.71499999999999,1.03699999999999,1.29999999999999,1.62199999999999,1.88499999999999,1.20699999999999,1.46999999999999,2.71499999999999,2.03699999999999,2.29999999999999,2.62199999999999,2.88499999999999,2.20699999999999
717,717,0.714999999999994,0.036999999999994,0.299999999999994,0.621999999999994,0.884999999999994,0.206999999999994,0.469999999999994,1.71499999999999,1.03699999999999,1.29999999999999,1.62199999999999,1.88499999999999,1.20699999999999,1.46999999999999,2.71499999999999,2.03699999999999,2.29999999999999,2.62199999999999,2.88499999999999,2.20699999999999
718,718,0.036999999999994,0.299999999999994,0.621999999999994,0.884999999999994,0.206999999999994,0.469999999999994,0.791999999999994,1.03699999999999,1.29999999999999,1.62199999999999,1.88499999999999,1.20699999999999,1.46999999999999,1.79199999999999,2.03699999999999,2.29999999999999,2.62199999999999,2.88499999999999,2.20699999999999,2.46999999999999
719,719,0.036999999999994,0.299999999999994,0.621999999999994,0.884999999999994,0.206999999999994,0.469999999999994,0.791999999999994,1.03699999999999,1.29999999999999,1.62199999999999,1.88499999999999,1.20699999999999,1.46999999999999,1.79199999999999,2.03699999999999,2.29999999999999,2.62199999999999,2.88499999999999,2.20699999999999,2.46999999999999
720,720,0.299999999999994,0.621999999999994,0.884999999999994,0.206999999999994,0.469999999999994,0.791999999999994,0.054999999999994,1.29999999999999,1.62199999999999,1.88499999999999,1.20699999999999,1.46999999999999,1.79199999999999,1.05499999999999,2.29999999999999,2.62199999999999,2.88499999999999,2.20699999999999,2.46999999999999,2.79199999999999
721,721,0.299999999999994,0.621999999999994,0.884999999999994,0.206999999999994,0.469999999999994,0.791999999999994,0.054999999999994,1.29999999999999,1.62199999999999,1.88499999999999,1.20699999999999,1.46999999999999,1.79199999999999,1.05499999999999,2.29999999999999,2.62199999999999,2.88499999999999,2.20699999999999,2.46999999999999,2.79199999999999
722,722,0.621999999999994,0.884999999999994,0.206999999999994,0.469999999999994,0.791999999999994,0.054999999999994,0.376999999999993,1.62199999999999,1.88499999999999,1.20699999999999,1.46999999999999,1.79199999999999,1.05499999999999,1.37699999999999,2.62199999999999,2.88499999999999,2.20699999999999,2.46999999999999,2.79199999999999,2.05499999999999
723,723,0.621999999999994,0.884999999999994,0.206999999999994,0.469999999999994,0.791999999999994,0.054999999999994,0.376999999999993,1.62199999999999,1.88499999999999,1.20699999999999,1.46999999999999,1.79199999999999,1.05499999999999,1.37699999999999,2.62199999999999,2.88499999999999,2.20699999999999,2.46999999999999,2.79199999999999,2.05499999999999
724,724,0.884999999999994,0.206999999999994,0.469999999999994,0.791999999999994,0.054999999999994,0.376999999999993,0.639999999999993,1.88499999999999,1.20699999999999,1.46999999999999,1.79199999999999,1.05499999999999,1.37699999999999,1.63999999999999,2.88499999999999,2.20699999999999,2.46999999999999,2.79199999999999,2.05499999999999,2.37699999999999
725,725,0.884999999999994,0.206999999999994,0.469999999999994,0.791999999999994,0.054999999999994,0.376999999999993,0.639999999999993,1.88499999999999,1.20699999999999,1.46999999999999,1.79199999999999,1.05499999999999,1.37699999999999,1.63999999999999,2.88499999999999,2.20699999999999,2.46999999999999,2.79199999999999,2.05499999999999,2.37699999999999
726,726,0.206999999999994,0.469999999999994,0.791999999999994,0.054999999999994,0.376999999999993,0.639999999999993,0.961999999999994,1.20699999999999,1.46999999999999,1.79199999999999,1.05499999999999,1.37699999999999,1.63999999999999,1.96199999999999,2.20699999999999,2.46999999999999,2.79199999999999,2.05499999999999,2.37699999999999,2.63999999999999
727,727,0.206999999999994,0.469999999999994,0.791999999999994,0.054999999999994,0.376999999999993,0.639999999999993,0.961999999999994,1.20699999999999,1.46999999999999,1.79199999999999,1.05499999999999,1.37699999999999,1.63999999999999,1.96199999999999,2.20699999999999,2.46999999999999,2.79199999999999,2.05499999999999,2.37699999999999,2.63999999999999
728,728,0.469999999999994,0.791999999999994,0.054999999999994,0.376999999999993,0.639999999999993,0.961999999999994,0.224999999999993,1.46999999999999,1.79199999999999,1.05499999999999,1.37699999999999,1.63999999999999,1.96199999999999,1.22499999999999,2.46999999999999,2.79199999999999,2.05499999999999,2.37699999999999,2.63999999999999,2.96199999999999
729,729,0.469999999999994,0.791999999999994,0.054999999999994,0.376999999999993,0.639999999999993,0.961999999999994,0.224999999999993,1.46999999999999,1.79199999999999,1.05499999999999,1.37699999999999,1.63999999999999,1.96199999999999,1.22499999999999,2.46999999999999,2.79199999999999,2.05499999999999,2.37699999999999,2.63999999999999,2.96199999999999
730,730,0.791999999999994,0.054999999999994,0.376999999999993,0.639999999999993,0.961999999999994,0.224999999999993,0.546999999999994,1.79199999999999,1.05499999999999,1.37699999999999,1.63999999999999,1.96199999999999,1.22499999999999,1.54699999999999,2.79199999999999,2.05499999999999,2.37699999999999,2.63999999999999,2.96199999999999,2.22499999999999
731,731,0.791999999999994,0.054999999999994,0.376999999999993,0.639999999999993,0.961999999999994,0.224999999999993,0.546999999999994,1.79199999999999,1.05499999999999,1.37699999999999,1.63999999999999,1.96199999999999,1.22499999999999,1.54699999999999,2.79199999999999,2.05499999999999,2.37699999999999,2.63999999999999,2.96199999999999,2.22499999999999
732,732,0.054999999999994,0.376999999999993,0.639999999999993,0.961999999999994,0.224999999999993,0.546999999999994,0.809999999999993,1.05499999999999,1.37699999999999,1.63999999999999,1.96199999999999,1.22499999999999,1.54699999999999,1.80999999999999,2.05499999999999,2.37699999999999,2.63999999999999,2.96199999999999,2.22499999999999,2.54699999999999
733,733,0.054999999999994,0.376999999999993,0.639999999999993,0.961999999999994,0.224999999999993,0.546999999999994,0.809999999999993,1.05499999999999,1.37699999999999,1.63999999999999,1.96199999999999,1.22499999999999,1.54699999999999,1.80999999999999,2.05499999999999,2.37699999999999,2.63999999999999,2.96199999999999,2.22499999999999,2.54699999999999
734,734,0.376999999999993,0.639999999999993,0.961999999999994,0.224999999999993,0.546999999999994,0.809999999999993,0.131999999999993,1.37699999999999,1.63999999999999,1.96199999999999,1.22499999999999,1.54699999999999,1.80999999999999,1.13199999999999,2.37699999999999,2.63999999999999,2.96199999999999,2.22499999999999,2.54699999999999,2.80999999999999
735,735,0.376999999999993,0.639999999999993,0.961999999999994,0.224999999999993,0.546999999999994,0.809999999999993,0.131999999999993,1.37699999999999,1.63999999999999,1.96199999999999,1.22499999999999,1.54699999999999,1.80999999999999,1.13199999999999,2.37699999999999,2.63999999999999,2.96199999999999,2.22499999999999,2.54699999999999,2.80999999999999
736,736,0.639999999999993,0.961999999999994,0.224999999999993,0.546999999999994,0.809999999999993,0.131999999999993,0.394999999999993,1.63999999999999,1.96199999999999,1.22499999999999,1.54699999999999,1.80999999999999,1.13199999999999,1.39499999999999,2.63999999999999,2.96199999999999,2.22499999999999,2.54699999999999,2.80999999999999,2.13199999999999
737,737,0.639999999999993,0.961999999999994,0.224999999999993,0.546999999999994,0.809999999999993,0.131999999999993,0.394999999999993,1.63999999999999,1.96199999999999,1.22499999999999,1.54699999999999,1.80999999999999,1.13199999999999,1.39499999999999,2.63999999999999,2.96199999999999,2.22499999999999,2.54699999999999,2.80999999999999,2.13199999999999
738,738,0.961999999999994,0.224999999999993,0.546999999999994,0.809999999999993,0.131999999999993,0.394999999999993,0.716999999999993,1.96199999999999,1.22499999999999,1.54699999999999,1.80999999999999,1.13199999999999,1.39499999999999,1.71699999999999,2.96199999999999,2.22499999999999,2.54699999999999,2.80999999999999,2.13199999999999,2.39499999999999
739,739,0.961999999999994,0.224999999999993,0.546999999999994,0.809999999999993,0.131999999999993,0.394999999999993,0.716999999999993,1.96199999999999,1.22499999999999,1.54699999999999,1.80999999999999,1.13199999999999,1.39499999999999,1.71699999999999,2.96199999999999,2.22499999999999,2.54699999999999,2.80999999999999,2.13199999999999,2.39499999999999
740,740,0.224999999999993,0.546999999999994,0.809999999999993,0.131999999999993,0.394999999999993,0.716999999999993,0.979999999999993,1.22499999999999,1.54699999999999,1.80999999999999,1.13199999999999,1.39499999999999,1.71699999999999,1.97999999999999,2.22499999999999,2.54699999999999,2.80999999999999,2.13199999999999,2.39499999999999,2.71699999999999
741,741,0.224999999999993,0.546999999999994,0.809999999999993,0.131999999999993,0.394999999999993,0.716999999999993,0.979999999999993,1.22499999999999,1.54699999999999,1.80999999999999,1.13199999999999,1.39499999999999,1.71699999999999,1.97999999999999,2.22499999999999,2.54699999999999,2.80999999999999,2.13199999999999,2.39499999999999,2.71699999999999
742,742,0.546999999999994,0.809999999999993,0.131999999999993,0.394999999999993,0.716999999999993,0.979999999999993,0.301999999999993,1.54699999999999,1.80999999999999,1.13199999999999,1.39499999999999,1.71699999999999,1.97999999999999,1.30199999999999,2.54699999999999,2.80999999999999,2.13199999999999,2.39499999999999,2.71699999999999,2.97999999999999
743,743,0.546999999999994,0.809999999999993,0.131999999999993,0.394999999999993,0.716999999999993,0.979999999999993,0.301999999999993,1.54699999999999,1.80999999999999,1.13199999999999,1.39499999999999,1.71699999999999,1.97999999999999,1.30199999999999,2.54699999999999,2.80999999999999,2.13199999999999,2.39499999999999,2.71699999999999,2.97999999999999
744,744,0.809999999999993,0.131999999999993,0.394999999999993,0.716999999999993,0.979999999999993,0.301999999999993,0.564999999999993,1.80999999999999,1.13199999999999,1.39499999999999,1.71699999999999,1.97999999999999,1.30199999999999,1.56499999999999,2.80999999999999,2.13199999999999,2.39499999999999,2.71699999999999,2.97999999999999,2.30199999999999
745,745,0.809999999999993,0.131999999999993,0.394999999999993,0.716999999999993,0.979999999999993,0.301999999999993,0.564999999999993,1.80999999999999,1.13199999999999,1.39499999999999,1.71699999999999,1.97999999999999,1.30199999999999,1.56499999999999,2.80999999999999,2.13199999999999,2.39499999999999,2.71699999999999,2.97999999999999,2.30199999999999
746,746,0.131999999999993,0.394999999999993,0.716999999999993,0.979999999999993,0.301999999999993,0.564999999999993,0.886999999999993,1.13199999999999,1.39499999999999,1.71699999999999,1.97999999999999,1.30199999999999,1.56499999999999,1.88699999999999,2.13199999999999,2.39499999999999,2.71699999999999,2.97999999999999,2.30199999999999,2.56499999999999
747,747,0.131999999999993,0.394999999999993,0.716999999999993,0.979999999999993,0.301999999999993,0.564999999999993,0.886999999999993,1.13199999999999,1.39499999999999,1.71699999999999,1.97999999999999,1.30199999999999,1.56499999999999,1.88699999999999,2.13199999999999,2.39499999999999,2.71699999999999,2.97999999999999,2.30199999999999,2.56499999999999
748,748,0.394999999999993,0.716999999999993,0.979999999999993,0.301999999999993,0.564999999999993,0.886999999999993,0.149999999999993,1.39499999999999,1.71699999999999,1.97999999999999,1.30199999999999,1.56499999999999,1.88699999999999,1.14999999999999,2.39499999999999,2.71699999999999,2.97999999999999,2.30199999999999,2.56499999999999,2.88699999999999
749,749,0.394999999999993,0.716999999999993,0.979999999999993,0.301999999999993,0.564999999999993,0.886999999999993,0.149999999999993,1.39499999999999,1.71699999999999,1.97999999999999,1.30199999999999,1.56499999999999,1.88699999999999,1.14999999999999,2.39499999999999,2.71699999999999,2.97999999999999,2.30199999999999,2.56499999999999,2.88699999999999
750,750,0.716999999999993,0.979999999999993,0.301999999999993,0.564999999999993,0.886999999999993,0.149999999999993,0.471999999999993,1.71699999999999,1.97999999999999,1.30199999999999,1.56499999999999,1.88699999999999,1.14999999999999,1.47199999999999,2.71699999999999,2.97999999999999,2.30199999999999,2.56499999999999,2.88699999999999,2.14999999999999
751,751,0.716999999999993,0.979999999999993,0.301999999999993,0.564999999999993,0.886999999999993,0.149999999999993,0.471999999999993,1.71699999999999,1.97999999999999,1.30199999999999,1.56499999999999,1.88699999999999,1.14999999999999,1.47199999999999,2.71699999999999,2.97999999999999,2.30199999999999,2.56499999999999,2.88699999999999,2.14999999999999
752,752,0.979999999999993,0.301999999999993,0.564999999999993,0.886999999999993,0.149999999999993,0.471999999999993,0.734999999999993,1.97999999999999,1.30199999999999,1.56499999999999,1.88699999999999,1.14999999999999,1.47199999999999,1.73499999999999,2.97999999999999,2.30199999999999,2.56499999999999,2.88699999999999,2.14999999999999,2.47199999999999
753,753,0.979999999999993,0.301999999999993,0.564999999999993,0.886999999999993,0.149999999999993,0.471999999999993,0.734999999999993,1.97999999999999,1.30199999999999,1.56499999999999,1.88699999999999,1.14999999999999,1.47199999999999,1.73499999999999,2.97999999999999,2.30199999999999,2.56499999999999,2.88699999999999,2.14999999999999,2.47199999999999
754,754,0.301999999999993,0.564999999999993,0.886999999999993,0.149999999999993,0.471999999999993,0.734999999999993,0.056999999999993,1.30199999999999,1.56499999999999,1.88699999999999,1.14999999999999,1.47199999999999,1.73499999999999,1.05699999999999,2.30199999999999,2.56499999999999,2.88699999999999,2.14999999999999,2.47199999999999,2.73499999999999
755,755,0.301999999999993,0.564999999999993,0.886999999999993,0.149999999999993,0.471999999999993,0.734999999999993,0.056999999999993,1.30199999999999,1.56499999999999,1.88699999999999,1.14999999999999,1.47199999999999,1.73499999999999,1.05699999999999,2.30199999999999,2.56499999999999,2.88699999999999,2.14999999999999,2.47199999999999,2.73499999999999
756,756,0.564999999999993,0.886999999999993,0.149999999999993,0.471999999999993,0.734999999999993,0.056999999999993,0.319999999999993,1.56499999999999,1.88699999999999,1.14999999999999,1.47199999999999,1.73499999999999,1.05699999999999,1.31999999999999,2.56499999999999,2.88699999999999,2.14999999999999,2.47199999999999,2.73499999999999,2.05699999999999
757,757,0.564999999999993,0.886999999999993,0.149999999999993,0.471999999999993,0.734999999999993,0.056999999999993,0.319999999999993,1.56499999999999,1.88699999999999,1.14999999999999,1.47199999999999,1.73499999999999,1.05699999999999,1.31999999999999,2.56499999999999,2.88699999999999,2.14999999999999,2.47199999999999,2.73499999999999,2.05699999999999
758,758,0.886999999999993,0.149999999999993,0.471999999999993,0.734999999999993,0.056999999999993,0.319999999999993,0.641999999999993,1.88699999999999,1.14999999999999,1.47199999999999,1.73499999999999,1.05699999999999,1.31999999999999,1.64199999999999,2.88699999999999,2.14999999999999,2.47199999999999,2.73499999999999,2.05699999999999,2.31999999999999
759,759,0.886999999999993,0.149999999999993,0.471999999999993,0.734999999999993,0.056999999999993,0.319999999999993,0.641999999999993,1.88699999999999,1.14999999999999,1.47199999999999,1.73499999999999,1.05699999999999,1.31999999999999,1.64199999999999,2.88699999999999,2.14999999999999,2.47199999999999,2.73499999999999,2.05699999999999,2.31999999999999
760,760,0.149999999999993,0.471999999999993,0.734999999999993,0.056999999999993,0.319999999999993,0.641999999999993,0.904999999999993,1.14999999999999,1.47199999999999,1.73499999999999,1.05699999999999,1.31999999999999,1.64199999999999,1.90499999999999,2.14999999999999,2.47199999999999,2.73499999999999,2.05699999999999,2.31999999999999,2.64199999999999
761,761,0.149999999999993,0.471999999999993,0.734999999999993,0.056999999999993,0.319999999999993,0.641999999999993,0.904999999999993,1.14999999999999,1.47199999999999,1.73499999999999,1.05699999999999,1.31999999999999,1.64199999999999,1.90499999999999,2.14999999999999,2.47199999999999,2.73499999999999,2.05699999999999,2.31999999999999,2.64199999999999
762,762,0.471999999999993,0.734999999999993,0.056999999999993,0.319999999999993,0.641999999999993,0.904999999999993,0.226999999999993,1.47199999999999,1.73499999999999,1.05699999999999,1.31999999999999,1.64199999999999,1.90499999999999,1.22699999999999,2.47199999999999,2.73499999999999,2.05699999999999,2.31999999999999,2.64199999999999,2.90499999999999
763,763,0.471999999999993,0.734999999999993,0.056999999999993,0.319999999999993,0.641999999999993,0.904999999999993,0.226999999999993,1.47199999999999,1.73499999999999,1.05699999999999,1.31999999999999,1.64199999999999,1.90499999999999,1.22699999999999,2.47199999999999,2.73499999999999,2.05699999999999,2.31999999999999,2.64199999999999,2.90499999999999
764,764,0.734999999999993,0.056999999999993,0.319999999999993,0.641999999999993,0.904999999999993,0.226999999999993,0.489999999999993,1.73499999999999,1.05699999999999,1.31999999999999,1.64199999999999,1.90499999999999,1.22699999999999,1.48999999999999,2.73499999999999,2.05699999999999,2.31999999999999,2.64199999999999,2.90499999999999,2.22699999999999
765,765,0.734999999999993,0.056999999999993,0.319999999999993,0.641999999999993,0.904999999999993,0.226999999999993,0.489999999999993,1.73499999999999,1.05699999999999,1.31999999999999,1.64199999999999,1.90499999999999,1.22699999999999,1.48999999999999,2.73499999999999,2.05699999999999,2.31999999999999,2.64199999999999,2.90499999999999,2.22699999999999
766,766,0.056999999999993,0.319999999999993,0.641999999999993,0.904999999999993,0.226999999999993,0.489999999999993,0.811999999999993,1.05699999999999,1.31999999999999,1.64199999999999,1.90499999999999,1.22699999999999,1.48999999999999,1.81199999999999,2.05699999999999,2.31999999999999,2.64199999999999,2.90499999999999,2.22699999999999,2.48999999999999
767,767,0.056999999999993,0.319999999999993,0.641999999999993,0.904999999999993,0.226999999999993,0.489999999999993,0.811999999999993,1.05699999999999,1.31999999999999,1.64199999999999,1.90499999999999,1.22699999999999,1.48999999999999,1.81199999999999,2.05699999999999,2.31999999999999,2.64199999999999,2.90499999999999,2.22699999999999,2.48999999999999
768,768,0.319999999999993,0.641999999999993,0.904999999999993,0.226999999999993,0.489999999999993,0.811999999999993,0.074999999999993,1.31999999999999,1.64199999999999,1.90499999999999,1.22699999999999,1.48999999999999,1.81199999999999,1.07499999999999,2.31999999999999,2.64199999999999,2.90499999999999,2.22699999999999,2.48999999999999,2.81199999999999
769,769,0.319999999999993,0.641999999999993,0.904999999999993,0.226999999999993,0.489999999999993,0.811999999999993,0.074999999999993,1.31999999999999,1.64199999999999,1.90499999999999,1.22699999999999,1.48999999999999,1.81199999999999,1.07499999999999,2.31999999999999,2.64199999999999,2.90499999999999,2.22699999999999,2.48999999999999,2.81199999999999
770,770,0.641999999999993,0.904999999999993,0.226999999999993,0.489999999999993,0.811999999999993,0.074999999999993,0.396999999999993,1.64199999999999,1.90499999999999,1.22699999999999,1.48999999999999,1.81199999999999,1.07499999999999,1.39699999999999,2.64199999999999,2.90499999999999,2.22699999999999,2.48999999999999,2.81199999999999,2.07499999999999
771,771,0.641999999999993,0.904999999999993,0.226999999999993,0.489999999999993,0.811999999999993,0.074999999999993,0.396999999999993,1.64199999999999,1.90499999999999,1.22699999999999,1.48999999999999,1.81199999999999,1.07499999999999,1.39699999999999,2.64199999999999,2.90499999999999,2.22699999999999,2.48999999999999,2.81199999999999,2.07499999999999
772,772,0.904999999999993,0.226999999999993,0.489999999999993,0.811999999999993,0.074999999999993,0.396999999999993,0.659999999999993,1.90499999999999,1.22699999999999,1.48999999999999,1.81199999999999,1.07499999999999,1.39699999999999,1.65999999999999,2.90499999999999,2.22699999999999,2.48999999999999,2.81199999999999,2.07499999999999,2.39699999999999
773,773,0.904999999999993,0.226999999999993,0.489999999999993,0.811999999999993,0.074999999999993,0.396999999999993,0.659999999999993,1.90499999999999,1.22699999999999,1.48999999999999,1.81199999999999,1.07499999999999,1.39699999999999,1.65999999999999,2.90499999999999,2.22699999999999,2.48999999999999,2.81199999999999,2.07499999999999,2.39699999999999
774,774,0.226999999999993,0.489999999999993,0.811999999999993,0.074999999999993,0.396999999999993,0.659999999999993,0.981999999999993,1.22699999999999,1.48999999999999,1.81199999999999,1.07499999999999,1.39699999999999,1.65999999999999,1.98199999999999,2.22699999999999,2.48999999999999,2.81199999999999,2.07499999999999,2.39699999999999,2.65999999999999
775,775,0.226999999999993,0.489999999999993,0.811999999999993,0.074999999999993,0.396999999999993,0.659999999999993,0.981999999999993,1.22699999999999,1.48999999999999,1.81199999999999,1.07499999999999,1.39699999999999,1.65999999999999,1.98199999999999,2.22699999999999,2.48999999999999,2.81199999999999,2.07499999999999,2.39699999999999,2.65999999999999
776,776,0.489999999999993,0.811999999999993,0.074999999999993,0.396999999999993,0.659999999999993,0.981999999999993,0.244999999999993,1.48999999999999,1.81199999999999,1.07499999999999,1.39699999999999,1.65999999999999,1.98199999999999,1.24499999999999,2.48999999999999,2.81199999999999,2.07499999999999,2.39699999999999,2.65999999999999,2.98199999999999
777,777,0.489999999999993,0.811999999999993,0.074999999999993,0.396999999999993,0.659999999999993,0.981999999999993,0.244999999999993,1.48999999999999,1.81199999999999,1.07499999999999,1.39699999999999,1.65999999999999,1.98199999999999,1.24499999999999,2.48999999999999,2.81199999999999,2.07499999999999,2.39699999999999,2.65999999999999,2.98199999999999
778,778,0.811999999999993,0.074999999999993,0.396999999999993,0.659999999999993,0.981999999999993,0.244999999999993,0.566999999999993,1.81199999999999,1.07499999999999,1.39699999999999,1.65999999999999,1.98199999999999,1.24499999999999,1.56699999999999,2.81199999999999,2.07499999999999,2.39699999999999,2.65999999999999,2.98199999999999,2.24499999999999
779,779,0.811999999999993,0.074999999999993,0.396999999999993,0.659999999999993,0.981999999999993,0.244999999999993,0.566999999999993,1.81199999999999,1.07499999999999,1.39699999999999,1.65999999999999,1.98199999999999,1.24499999999999,1.56699999999999,2.81199999999999,2.07499999999999,2.39699999999999,2.65999999999999,2.98199999999999,2.24499999999999
780,780,0.074999999999993,0.396999999999993,0.659999999999993,0.981999999999993,0.244999999999993,0.566999999999993,0.829999999999993,1.07499999999999,1.39699999999999,1.65999999999999,1.98199999999999,1.24499999999999,1.56699999999999,1.82999999999999,2.07499999999999,2.39699999999999,2.65999999999999,2.98199999999999,2.24499999999999,2.56699999999999
781,781,0.074999999999993,0.396999999999993,0.659999999999993,0.981999999999993,0.244999999999993,0.566999999999993,0.829999999999993,1.07499999999999,1.39699999999999,1.65999999999999,1.98199999999999,1.24499999999999,1.56699999999999,1.82999999999999,2.07499999999999,2.39699999999999,2.65999999999999,2.98199999999999,2.24499999999999,2.56699999999999
782,782,0.396999999999993,0.659999999999993,0.981999999999993,0.244999999999993,0.566999999999993,0.829999999999993,0.151999999999993,1.39699999999999,1.65999999999999,1.98199999999999,1.24499999999999,1.56699999999999,1.82999999999999,1.15199999999999,2.39699999999999,2.65999999999999,2.98199999999999,2.24499999999999,2.56699999999999,2.82999999999999
783,783,0.396999999999993,0.659999999999993,0.981999999999993,0.244999999999993,0.566999999999993,0.829999999999993,0.151999999999993,1.39699999999999,1.65999999999999,1.98199999999999,1.24499999999999,1.56699999999999,1.82999999999999,1.15199999999999,2.39699999999999,2.65999999999999,2.98199999999999,2.24499999999999,2.56699999999999,2.82999999999999
784,784,0.659999999999993,0.981999999999993,0.244999999999993,0.566999999999993,0.829999999999993,0.151999999999993,0.414999999999993,1.65999999999999,1.98199999999999,1.24499999999999,1.56699999999999,1.82999999999999,1.15199999999999,1.41499999999999,2.65999999999999,2.98199999999999,2.24499999999999,2.56699999999999,2.82999999999999,2.15199999999999
785,785,0.659999999999993,0.981999999999993,0.244999999999993,0.566999999999993,0.829999999999993,0.151999999999993,0.414999999999993,1.65999999999999,1.98199999999999,1.24499999999999,1.56699999999999,1.82999999999999,1.15199999999999,1.41499999999999,2.65999999999999,2.98199999999999,2.24499999999999,2.56699999999999,2.82999999999999,2.15199999999999
786,786,0.981999999999993,0.244999999999993,0.566999999999993,0.829999999999993,0.151999999999993,0.414999999999993,0.736999999999993,1.98199999999999,1.24499999999999,1.56699999999999,1.82999999999999,1.15199999999999,1.41499999999999,1.73699999999999,2.98199999999999,2.24499999999999,2.56699999999999,2.82999999999999,2.15199999999999,2.41499999999999
787,787,0.981999999999993,0.244999999999993,0.566999999999993,0.829999999999993,0.151999999999993,0.414999999999993,0.736999999999993,1.98199999999999,1.24499999999999,1.56699999999999,1.82999999999999,1.15199999999999,1.41499999999999,1.73699999999999,2.98199999999999,2.24499999999999,2.56699999999999,2.82999999999999,2.15199999999999,2.41499999999999
788,788,0.244999999999993,0.566999999999993,0.829999999999993,0.151999999999993,0.414999999999993,0.736999999999993,0,1.24499999999999,1.56699999999999,1.82999999999999,1.15199999999999,1.41499999999999,1.73699999999999,1,2.24499999999999,2.56699999999999,2.82999999999999,2.15199999999999,2.41499999999999,2.73699999999999
789,789,0.244999999999993,0.566999999999993,0.829999999999993,0.151999999999993,0.414999999999993,0.736999999999993,0,1.24499999999999,1.56699999999999,1.82999999999999,1.15199999999999,1.41499999999999,1.73699999999999,1,2.24499999999999,2.56699999999999,2.82999999999999,2.15199999999999,2.41499999999999,2.73699999999999
790,790,0.566999999999993,0.829999999999993,0.151999999999993,0.414999999999993,0.736999999999993,0,0.322,1.56699999999999,1.82999999999999,1.15199999999999,1.41499999999999,1.73699999999999,1,1.322,2.56699999999999,2.82999999999999,2.15199999999999,2.41499999999999,2.73699999999999,2
791,791,0.566999999999993,0.829999999999993,0.151999999999993,0.414999999999993,0.736999999999993,0,0.322,1.56699999999999,1.82999999999999,1.15199999999999,1.41499999999999,1.73699999999999,1,1.322,2.56699999999999,2.82999999999999,2.15199999999999,2.41499999999999,2.73699999999999,2
792,792,0.829999999999993,0.151999999999993,0.414999999999993,0.736999999999993,0,0.322,0.585,1.82999999999999,1.15199999999999,1.41499999999999,1.73699999999999,1,1.322,1.585,2.82999999999999,2.15199999999999,2.41499999999999,2.73699999999999,2,2.322
793,793,0.829999999999993,0.151999999999993,0.414999999999993,0.736999999999993,0,0.322,0.585,1.82999999999999,1.15199999999999,1.41499999999999,1.73699999999999,1,1.322,1.585,2.82999999999999,2.15199999999999,2.41499999999999,2.73699999999999,2,2.322
794,794,0.151999999999993,0.414999999999993,0.736999999999993,0,0.322,0.585,0.907,1.15199999999999,1.41499999999999,1.73699999999999,1,1.322,1.585,1.907,2.15199999999999,2.41499999999999,2.73699999999999,2,2.322,2.585
795,795,0.151999999999993,0.414999999999993,0.736999999999993,0,0.322,0.585,0.907,1.15199999999999,1.41499999999999,1.73699999999999,1,1.322,1.585,1.907,2.15199999999999,2.41499999999999,2.73699999999999,2,2.322,2.585
796,796,0.414999999999993,0.736999999999993,0,0.322,0.585,0.907,0.17,1.41499999999999,1.73699999999999,1,1.322,1.585,1.907,1.17,2.41499999999999,2.73699999999999,2,2.322,2.585,2.907
797,797,0.414999999999993,0.736999999999993,0,0.322,0.585,0.907,0.17,1.41499999999999,1.73699999999999,1,1.322,1.585,1.907,1.17,2.41499999999999,2.73699999999999,2,2.322,2.585,2.907
798,798,0.736999999999993,0,0.322,0.585,0.907,0.17,0.492,1.73699999999999,1,1.322,1.585,1.907,1.17,1.492,2.73699999999999,2,2.322,2.585,2.907,2.17
799,799,0.736999999999993,0,0.322,0.585,0.907,0.17,0.492,1.73699999999999,1,1.322,1.585,1.907,1.17,1.492,2.73699999999999,2,2.322,2.585,2.907,2.17
