##,###,1,2,3,4,5,6,7,1,2,3,4,5,6,7,1,2
0,0,0.585,0.755,0.907,1,1.17,1.322,1.492,1.585,1.755,1.907,2,2.17,2.322,2.492,2.585,2.755
1,1,0.585,0.755,0.907,1,1.17,1.322,1.492,1.585,1.755,1.907,2,2.17,2.322,2.492,2.585,2.755
2,2,0.907,1.077,1.17,1.322,1.492,1.585,1.755,1.907,2.077,2.17,2.322,2.492,2.585,2.755,2.907,3.077
3,3,0.907,1.077,1.17,1.322,1.492,1.585,1.755,1.907,2.077,2.17,2.322,2.492,2.585,2.755,2.907,3.077
4,4,0.17,0.34,0.492,0.585,0.755,0.907,1.077,1.17,1.34,1.492,1.585,1.755,1.907,2.077,2.17,2.34
5,5,0.17,0.34,0.492,0.585,0.755,0.907,1.077,1.17,1.34,1.492,1.585,1.755,1.907,2.077,2.17,2.34
6,6,0.492,0.662,0.755,0.907,1.077,1.17,1.34,1.492,1.662,1.755,1.907,2.077,2.17,2.34,2.492,2.662
7,7,0.492,0.662,0.755,0.907,1.077,1.17,1.34,1.492,1.662,1.755,1.907,2.077,2.17,2.34,2.492,2.662
8,8,0.755,0.925,1.077,1.17,1.34,1.492,1.662,1.755,1.925,2.077,2.17,2.34,2.492,2.662,2.755,2.925
9,9,0.755,0.925,1.077,1.17,1.34,1.492,1.662,1.755,1.925,2.077,2.17,2.34,2.492,2.662,2.755,2.925
10,10,0.077,0.247,0.34,0.492,0.662,0.755,0.925,1.077,1.247,1.34,1.492,1.662,1.755,1.925,2.077,2.247
11,11,0.077,0.247,0.34,0.492,0.662,0.755,0.925,1.077,1.247,1.34,1.492,1.662,1.755,1.925,2.077,2.247
12,12,0.34,0.51,0.662,0.755,0.925,1.077,1.247,1.34,1.51,1.662,1.755,1.925,2.077,2.247,2.34,2.51
13,13,0.34,0.51,0.662,0.755,0.925,1.077,1.247,1.34,1.51,1.662,1.755,1.925,2.077,2.247,2.34,2.51
14,14,0.662,0.832,0.925,1.077,1.247,1.34,1.51,1.662,1.832,1.925,2.077,2.247,2.34,2.51,2.662,2.832
15,15,0.662,0.832,0.925,1.077,1.247,1.34,1.51,1.662,1.832,1.925,2.077,2.247,2.34,2.51,2.662,2.832
16,16,0.925,1.095,1.247,1.34,1.51,1.662,1.832,1.925,2.095,2.247,2.34,2.51,2.662,2.832,2.925,3.095
17,17,0.925,1.095,1.247,1.34,1.51,1.662,1.832,1.925,2.095,2.247,2.34,2.51,2.662,2.832,2.925,3.095
18,18,0.247,0.417,0.51,0.662,0.832,0.925,1.095,1.247,1.417,1.51,1.662,1.832,1.925,2.095,2.247,2.417
19,19,0.247,0.417,0.51,0.662,0.832,0.925,1.095,1.247,1.417,1.51,1.662,1.832,1.925,2.095,2.247,2.417
20,20,0.51,0.68,0.832,0.925,1.095,1.247,1.417,1.51,1.68,1.832,1.925,2.095,2.247,2.417,2.51,2.68
21,21,0.51,0.68,0.832,0.925,1.095,1.247,1.417,1.51,1.68,1.832,1.925,2.095,2.247,2.417,2.51,2.68
22,22,0.832,1.002,1.095,1.247,1.417,1.51,1.68,1.832,2.002,2.095,2.247,2.417,2.51,2.68,2.832,3.002
23,23,0.832,1.002,1.095,1.247,1.417,1.51,1.68,1.832,2.002,2.095,2.247,2.417,2.51,2.68,2.832,3.002
24,24,0.095,0.265,0.417,0.51,0.68,0.832,1.002,1.095,1.265,1.417,1.51,1.68,1.832,2.002,2.095,2.265
25,25,0.095,0.265,0.417,0.51,0.68,0.832,1.002,1.095,1.265,1.417,1.51,1.68,1.832,2.002,2.095,2.265
26,26,0.417,0.587,0.68,0.832,1.002,1.095,1.265,1.417,1.587,1.68,1.832,2.002,2.095,2.265,2.417,2.587
27,27,0.417,0.587,0.68,0.832,1.002,1.095,1.265,1.417,1.587,1.68,1.832,2.002,2.095,2.265,2.417,2.587
28,28,0.68,0.85,1.002,1.095,1.265,1.417,1.587,1.68,1.85,2.002,2.095,2.265,2.417,2.587,2.68,2.85
29,29,0.68,0.85,1.002,1.095,1.265,1.417,1.587,1.68,1.85,2.002,2.095,2.265,2.417,2.587,2.68,2.85
30,30,0.002,0.172,0.265,0.417,0.587,0.68,0.85,1.002,1.172,1.265,1.417,1.587,1.68,1.85,2.002,2.172
31,31,0.002,0.172,0.265,0.417,0.587,0.68,0.85,1.002,1.172,1.265,1.417,1.587,1.68,1.85,2.002,2.172
32,32,0.265,0.435,0.587,0.68,0.85,1.002,1.172,1.265,1.435,1.587,1.68,1.85,2.002,2.172,2.265,2.435
33,33,0.265,0.435,0.587,0.68,0.85,1.002,1.172,1.265,1.435,1.587,1.68,1.85,2.002,2.172,2.265,2.435
34,34,0.587,0.757,0.85,1.002,1.172,1.265,1.435,1.587,1.757,1.85,2.002,2.172,2.265,2.435,2.587,2.757
35,35,0.587,0.757,0.85,1.002,1.172,1.265,1.435,1.587,1.757,1.85,2.002,2.172,2.265,2.435,2.587,2.757
36,36,0.85,1.02,1.172,1.265,1.435,1.587,1.757,1.85,2.02,2.172,2.265,2.435,2.587,2.757,2.85,3.02
37,37,0.85,1.02,1.172,1.265,1.435,1.587,1.757,1.85,2.02,2.172,2.265,2.435,2.587,2.757,2.85,3.02
38,38,0.172,0.342,0.435,0.587,0.757,0.85,1.02,1.172,1.342,1.435,1.587,1.757,1.85,2.02,2.172,2.342
39,39,0.172,0.342,0.435,0.587,0.757,0.85,1.02,1.172,1.342,1.435,1.587,1.757,1.85,2.02,2.172,2.342
40,40,0.435,0.605,0.757,0.85,1.02,1.172,1.342,1.435,1.605,1.757,1.85,2.02,2.172,2.342,2.435,2.605
41,41,0.435,0.605,0.757,0.85,1.02,1.172,1.342,1.435,1.605,1.757,1.85,2.02,2.172,2.342,2.435,2.605
42,42,0.757,0.927,1.02,1.172,1.342,1.435,1.605,1.757,1.927,2.02,2.172,2.342,2.435,2.605,2.757,2.927
43,43,0.757,0.927,1.02,1.172,1.342,1.435,1.605,1.757,1.927,2.02,2.172,2.342,2.435,2.605,2.757,2.927
44,44,0.02,0.19,0.342,0.435,0.605,0.757,0.927,1.02,1.19,1.342,1.435,1.605,1.757,1.927,2.02,2.19
45,45,0.02,0.19,0.342,0.435,0.605,0.757,0.927,1.02,1.19,1.342,1.435,1.605,1.757,1.927,2.02,2.19
46,46,0.342,0.512,0.605,0.757,0.927,1.02,1.19,1.342,1.512,1.605,1.757,1.927,2.02,2.19,2.342,2.512
47,47,0.342,0.512,0.605,0.757,0.927,1.02,1.19,1.342,1.512,1.605,1.757,1.927,2.02,2.19,2.342,2.512
48,48,0.605,0.775,0.927,1.02,1.19,1.342,1.512,1.605,1.775,1.927,2.02,2.19,2.342,2.512,2.605,2.775
49,49,0.605,0.775,0.927,1.02,1.19,1.342,1.512,1.605,1.775,1.927,2.02,2.19,2.342,2.512,2.605,2.775
50,50,0.927,1.097,1.19,1.342,1.512,1.605,1.775,1.927,2.097,2.19,2.342,2.512,2.605,2.775,2.927,3.097
51,51,0.927,1.097,1.19,1.342,1.512,1.605,1.775,1.927,2.097,2.19,2.342,2.512,2.605,2.775,2.927,3.097
52,52,0.19,0.359999999999999,0.512,0.605,0.775,0.927,1.097,1.19,1.36,1.512,1.605,1.775,1.927,2.097,2.19,2.36
53,53,0.19,0.359999999999999,0.512,0.605,0.775,0.927,1.097,1.19,1.36,1.512,1.605,1.775,1.927,2.097,2.19,2.36
54,54,0.512,0.682,0.775,0.927,1.097,1.19,1.36,1.512,1.682,1.775,1.927,2.097,2.19,2.36,2.512,2.682
55,55,0.512,0.682,0.775,0.927,1.097,1.19,1.36,1.512,1.682,1.775,1.927,2.097,2.19,2.36,2.512,2.682
56,56,0.775,0.944999999999999,1.097,1.19,1.36,1.512,1.682,1.775,1.945,2.097,2.19,2.36,2.512,2.682,2.775,2.945
57,57,0.775,0.944999999999999,1.097,1.19,1.36,1.512,1.682,1.775,1.945,2.097,2.19,2.36,2.512,2.682,2.775,2.945
58,58,0.097,0.266999999999999,0.359999999999999,0.512,0.682,0.775,0.944999999999999,1.097,1.267,1.36,1.512,1.682,1.775,1.945,2.097,2.267
59,59,0.097,0.266999999999999,0.359999999999999,0.512,0.682,0.775,0.944999999999999,1.097,1.267,1.36,1.512,1.682,1.775,1.945,2.097,2.267
60,60,0.359999999999999,0.529999999999999,0.682,0.775,0.944999999999999,1.097,1.267,1.36,1.53,1.682,1.775,1.945,2.097,2.267,2.36,2.53
61,61,0.359999999999999,0.529999999999999,0.682,0.775,0.944999999999999,1.097,1.267,1.36,1.53,1.682,1.775,1.945,2.097,2.267,2.36,2.53
62,62,0.682,0.851999999999999,0.944999999999999,1.097,1.267,1.36,1.53,1.682,1.852,1.945,2.097,2.267,2.36,2.53,2.682,2.852
63,63,0.682,0.851999999999999,0.944999999999999,1.097,1.267,1.36,1.53,1.682,1.852,1.945,2.097,2.267,2.36,2.53,2.682,2.852
64,64,0.944999999999999,1.115,1.267,1.36,1.53,1.682,1.852,1.945,2.115,2.267,2.36,2.53,2.682,2.852,2.945,3.115
65,65,0.944999999999999,1.115,1.267,1.36,1.53,1.682,1.852,1.945,2.115,2.267,2.36,2.53,2.682,2.852,2.945,3.115
66,66,0.266999999999999,0.436999999999999,0.529999999999999,0.682,0.851999999999999,0.944999999999999,1.115,1.267,1.437,1.53,1.682,1.852,1.945,2.115,2.267,2.437
67,67,0.266999999999999,0.436999999999999,0.529999999999999,0.682,0.851999999999999,0.944999999999999,1.115,1.267,1.437,1.53,1.682,1.852,1.945,2.115,2.267,2.437
68,68,0.529999999999999,0.699999999999999,0.851999999999999,0.944999999999999,1.115,1.267,1.437,1.53,1.7,1.852,1.945,2.115,2.267,2.437,2.53,2.7
69,69,0.529999999999999,0.699999999999999,0.851999999999999,0.944999999999999,1.115,1.267,1.437,1.53,1.7,1.852,1.945,2.115,2.267,2.437,2.53,2.7
70,70,0.851999999999999,1.022,1.115,1.267,1.437,1.53,1.7,1.852,2.022,2.115,2.267,2.437,2.53,2.7,2.852,3.022
71,71,0.851999999999999,1.022,1.115,1.267,1.437,1.53,1.7,1.852,2.022,2.115,2.267,2.437,2.53,2.7,2.852,3.022
72,72,0.114999999999999,0.284999999999999,0.436999999999999,0.529999999999999,0.699999999999999,0.851999999999999,1.022,1.115,1.285,1.437,1.53,1.7,1.852,2.022,2.115,2.285
73,73,0.114999999999999,0.284999999999999,0.436999999999999,0.529999999999999,0.699999999999999,0.851999999999999,1.022,1.115,1.285,1.437,1.53,1.7,1.852,2.022,2.115,2.285
74,74,0.436999999999999,0.606999999999999,0.699999999999999,0.851999999999999,1.022,1.115,1.285,1.437,1.607,1.7,1.852,2.022,2.115,2.285,2.437,2.607
75,75,0.436999999999999,0.606999999999999,0.699999999999999,0.851999999999999,1.022,1.115,1.285,1.437,1.607,1.7,1.852,2.022,2.115,2.285,2.437,2.607
76,76,0.699999999999999,0.869999999999999,1.022,1.115,1.285,1.437,1.607,1.7,1.87,2.022,2.115,2.285,2.437,2.607,2.7,2.87
77,77,0.699999999999999,0.869999999999999,1.022,1.115,1.285,1.437,1.607,1.7,1.87,2.022,2.115,2.285,2.437,2.607,2.7,2.87
78,78,0.021999999999999,0.191999999999999,0.284999999999999,0.436999999999999,0.606999999999999,0.699999999999999,0.869999999999999,1.022,1.192,1.285,1.437,1.607,1.7,1.87,2.022,2.192
79,79,0.021999999999999,0.191999999999999,0.284999999999999,0.436999999999999,0.606999999999999,0.699999999999999,0.869999999999999,1.022,1.192,1.285,1.437,1.607,1.7,1.87,2.022,2.192
80,80,0.284999999999999,0.454999999999999,0.606999999999999,0.699999999999999,0.869999999999999,1.022,1.192,1.285,1.455,1.607,1.7,1.87,2.022,2.192,2.285,2.455
81,81,0.284999999999999,0.454999999999999,0.606999999999999,0.699999999999999,0.869999999999999,1.022,1.192,1.285,1.455,1.607,1.7,1.87,2.022,2.192,2.285,2.455
82,82,0.606999999999999,0.776999999999999,0.869999999999999,1.022,1.192,1.285,1.455,1.607,1.777,1.87,2.022,2.192,2.285,2.455,2.607,2.777
83,83,0.606999999999999,0.776999999999999,0.869999999999999,1.022,1.192,1.285,1.455,1.607,1.777,1.87,2.022,2.192,2.285,2.455,2.607,2.777
84,84,0.869999999999999,1.04,1.192,1.285,1.455,1.607,1.777,1.87,2.04,2.192,2.285,2.455,2.607,2.777,2.87,3.04
85,85,0.869999999999999,1.04,1.192,1.285,1.455,1.607,1.777,1.87,2.04,2.192,2.285,2.455,2.607,2.777,2.87,3.04
86,86,0.191999999999999,0.361999999999999,0.454999999999999,0.606999999999999,0.776999999999999,0.869999999999999,1.04,1.192,1.362,1.455,1.607,1.777,1.87,2.04,2.192,2.362
87,87,0.191999999999999,0.361999999999999,0.454999999999999,0.606999999999999,0.776999999999999,0.869999999999999,1.04,1.192,1.362,1.455,1.607,1.777,1.87,2.04,2.192,2.362
88,88,0.454999999999999,0.624999999999999,0.776999999999999,0.869999999999999,1.04,1.192,1.362,1.455,1.625,1.777,1.87,2.04,2.192,2.362,2.455,2.625
89,89,0.454999999999999,0.624999999999999,0.776999999999999,0.869999999999999,1.04,1.192,1.362,1.455,1.625,1.777,1.87,2.04,2.192,2.362,2.455,2.625
90,90,0.776999999999999,0.946999999999999,1.04,1.192,1.362,1.455,1.625,1.777,1.947,2.04,2.192,2.362,2.455,2.625,2.777,2.947
91,91,0.776999999999999,0.946999999999999,1.04,1.192,1.362,1.455,1.625,1.777,1.947,2.04,2.192,2.362,2.455,2.625,2.777,2.947
92,92,0.039999999999999,0.209999999999999,0.361999999999999,0.454999999999999,0.624999999999999,0.776999999999999,0.946999999999999,1.04,1.21,1.362,1.455,1.625,1.777,1.947,2.04,2.21
93,93,0.039999999999999,0.209999999999999,0.361999999999999,0.454999999999999,0.624999999999999,0.776999999999999,0.946999999999999,1.04,1.21,1.362,1.455,1.625,1.777,1.947,2.04,2.21
94,94,0.361999999999999,0.531999999999999,0.624999999999999,0.776999999999999,0.946999999999999,1.04,1.21,1.362,1.532,1.625,1.777,1.947,2.04,2.21,2.362,2.532
95,95,0.361999999999999,0.531999999999999,0.624999999999999,0.776999999999999,0.946999999999999,1.04,1.21,1.362,1.532,1.625,1.777,1.947,2.04,2.21,2.362,2.532
96,96,0.624999999999999,0.794999999999999,0.946999999999999,1.04,1.21,1.362,1.532,1.625,1.795,1.947,2.04,2.21,2.362,2.532,2.625,2.795
97,97,0.624999999999999,0.794999999999999,0.946999999999999,1.04,1.21,1.362,1.532,1.625,1.795,1.947,2.04,2.21,2.362,2.532,2.625,2.795
98,98,0.946999999999999,1.117,1.21,1.362,1.532,1.625,1.795,1.947,2.117,2.21,2.362,2.532,2.625,2.795,2.947,3.117
99,99,0.946999999999999,1.117,1.21,1.362,1.532,1.625,1.795,1.947,2.117,2.21,2.362,2.532,2.625,2.795,2.947,3.117
100,100,0.209999999999999,0.379999999999999,0.531999999999999,0.624999999999999,0.794999999999999,0.946999999999999,1.117,1.21,1.38,1.532,1.625,1.795,1.947,2.117,2.21,2.38
101,101,0.209999999999999,0.379999999999999,0.531999999999999,0.624999999999999,0.794999999999999,0.946999999999999,1.117,1.21,1.38,1.532,1.625,1.795,1.947,2.117,2.21,2.38
102,102,0.531999999999999,0.701999999999999,0.794999999999999,0.946999999999999,1.117,1.21,1.38,1.532,1.702,1.795,1.947,2.117,2.21,2.38,2.532,2.702
103,103,0.531999999999999,0.701999999999999,0.794999999999999,0.946999999999999,1.117,1.21,1.38,1.532,1.702,1.795,1.947,2.117,2.21,2.38,2.532,2.702
104,104,0.794999999999999,0.964999999999999,1.117,1.21,1.38,1.532,1.702,1.795,1.965,2.117,2.21,2.38,2.532,2.702,2.795,2.965
105,105,0.794999999999999,0.964999999999999,1.117,1.21,1.38,1.532,1.702,1.795,1.965,2.117,2.21,2.38,2.532,2.702,2.795,2.965
106,106,0.116999999999999,0.286999999999999,0.379999999999999,0.531999999999999,0.701999999999999,0.794999999999999,0.964999999999999,1.117,1.287,1.38,1.532,1.702,1.795,1.965,2.117,2.287
107,107,0.116999999999999,0.286999999999999,0.379999999999999,0.531999999999999,0.701999999999999,0.794999999999999,0.964999999999999,1.117,1.287,1.38,1.532,1.702,1.795,1.965,2.117,2.287
108,108,0.379999999999999,0.549999999999999,0.701999999999999,0.794999999999999,0.964999999999999,1.117,1.287,1.38,1.55,1.702,1.795,1.965,2.117,2.287,2.38,2.55
109,109,0.379999999999999,0.549999999999999,0.701999999999999,0.794999999999999,0.964999999999999,1.117,1.287,1.38,1.55,1.702,1.795,1.965,2.117,2.287,2.38,2.55
110,110,0.701999999999999,0.871999999999999,0.964999999999999,1.117,1.287,1.38,1.55,1.702,1.872,1.965,2.117,2.287,2.38,2.55,2.702,2.872
111,111,0.701999999999999,0.871999999999999,0.964999999999999,1.117,1.287,1.38,1.55,1.702,1.872,1.965,2.117,2.287,2.38,2.55,2.702,2.872
112,112,0.964999999999999,1.135,1.287,1.38,1.55,1.702,1.872,1.965,2.135,2.287,2.38,2.55,2.702,2.872,2.965,3.135
113,113,0.964999999999999,1.135,1.287,1.38,1.55,1.702,1.872,1.965,2.135,2.287,2.38,2.55,2.702,2.872,2.965,3.135
114,114,0.286999999999999,0.456999999999999,0.549999999999999,0.701999999999999,0.871999999999999,0.964999999999999,1.135,1.287,1.457,1.55,1.702,1.872,1.965,2.135,2.287,2.457
115,115,0.286999999999999,0.456999999999999,0.549999999999999,0.701999999999999,0.871999999999999,0.964999999999999,1.135,1.287,1.457,1.55,1.702,1.872,1.965,2.135,2.287,2.457
116,116,0.549999999999999,0.719999999999999,0.871999999999999,0.964999999999999,1.135,1.287,1.457,1.55,1.72,1.872,1.965,2.135,2.287,2.457,2.55,2.72
117,117,0.549999999999999,0.719999999999999,0.871999999999999,0.964999999999999,1.135,1.287,1.457,1.55,1.72,1.872,1.965,2.135,2.287,2.457,2.55,2.72
118,118,0.871999999999999,1.042,1.135,1.287,1.457,1.55,1.72,1.872,2.042,2.135,2.287,2.457,2.55,2.72,2.872,3.042
119,119,0.871999999999999,1.042,1.135,1.287,1.457,1.55,1.72,1.872,2.042,2.135,2.287,2.457,2.55,2.72,2.872,3.042
120,120,0.134999999999999,0.304999999999999,0.456999999999999,0.549999999999999,0.719999999999999,0.871999999999999,1.042,1.135,1.305,1.457,1.55,1.72,1.872,2.042,2.135,2.305
121,121,0.134999999999999,0.304999999999999,0.456999999999999,0.549999999999999,0.719999999999999,0.871999999999999,1.042,1.135,1.305,1.457,1.55,1.72,1.872,2.042,2.135,2.305
122,122,0.456999999999999,0.626999999999999,0.719999999999999,0.871999999999999,1.042,1.135,1.305,1.457,1.627,1.72,1.872,2.042,2.135,2.305,2.457,2.627
123,123,0.456999999999999,0.626999999999999,0.719999999999999,0.871999999999999,1.042,1.135,1.305,1.457,1.627,1.72,1.872,2.042,2.135,2.305,2.457,2.627
124,124,0.719999999999999,0.889999999999999,1.042,1.135,1.305,1.457,1.627,1.72,1.89,2.042,2.135,2.305,2.457,2.627,2.72,2.89
125,125,0.719999999999999,0.889999999999999,1.042,1.135,1.305,1.457,1.627,1.72,1.89,2.042,2.135,2.305,2.457,2.627,2.72,2.89
126,126,0.041999999999999,0.211999999999999,0.304999999999999,0.456999999999999,0.626999999999999,0.719999999999999,0.889999999999999,1.042,1.212,1.305,1.457,1.627,1.72,1.89,2.042,2.212
127,127,0.041999999999999,0.211999999999999,0.304999999999999,0.456999999999999,0.626999999999999,0.719999999999999,0.889999999999999,1.042,1.212,1.305,1.457,1.627,1.72,1.89,2.042,2.212
128,128,0.304999999999999,0.474999999999999,0.626999999999999,0.719999999999999,0.889999999999999,1.042,1.212,1.305,1.475,1.627,1.72,1.89,2.042,2.212,2.305,2.475
129,129,0.304999999999999,0.474999999999999,0.626999999999999,0.719999999999999,0.889999999999999,1.042,1.212,1.305,1.475,1.627,1.72,1.89,2.042,2.212,2.305,2.475
130,130,0.626999999999999,0.796999999999999,0.889999999999999,1.042,1.212,1.305,1.475,1.627,1.797,1.89,2.042,2.212,2.305,2.475,2.627,2.797
131,131,0.626999999999999,0.796999999999999,0.889999999999999,1.042,1.212,1.305,1.475,1.627,1.797,1.89,2.042,2.212,2.305,2.475,2.627,2.797
132,132,0.889999999999999,1.06,1.212,1.305,1.475,1.627,1.797,1.89,2.06,2.212,2.305,2.475,2.627,2.797,2.89,3.06
133,133,0.889999999999999,1.06,1.212,1.305,1.475,1.627,1.797,1.89,2.06,2.212,2.305,2.475,2.627,2.797,2.89,3.06
134,134,0.211999999999999,0.381999999999999,0.474999999999999,0.626999999999999,0.796999999999999,0.889999999999999,1.06,1.212,1.382,1.475,1.627,1.797,1.89,2.06,2.212,2.382
135,135,0.211999999999999,0.381999999999999,0.474999999999999,0.626999999999999,0.796999999999999,0.889999999999999,1.06,1.212,1.382,1.475,1.627,1.797,1.89,2.06,2.212,2.382
136,136,0.474999999999999,0.644999999999999,0.796999999999999,0.889999999999999,1.06,1.212,1.382,1.475,1.645,1.797,1.89,2.06,2.212,2.382,2.475,2.645
137,137,0.474999999999999,0.644999999999999,0.796999999999999,0.889999999999999,1.06,1.212,1.382,1.475,1.645,1.797,1.89,2.06,2.212,2.382,2.475,2.645
138,138,0.796999999999999,0.966999999999999,1.06,1.212,1.382,1.475,1.645,1.797,1.967,2.06,2.212,2.382,2.475,2.645,2.797,2.967
139,139,0.796999999999999,0.966999999999999,1.06,1.212,1.382,1.475,1.645,1.797,1.967,2.06,2.212,2.382,2.475,2.645,2.797,2.967
140,140,0.059999999999999,0.229999999999999,0.381999999999999,0.474999999999999,0.644999999999999,0.796999999999999,0.966999999999999,1.06,1.23,1.382,1.475,1.645,1.797,1.967,2.06,2.23
141,141,0.059999999999999,0.229999999999999,0.381999999999999,0.474999999999999,0.644999999999999,0.796999999999999,0.966999999999999,1.06,1.23,1.382,1.475,1.645,1.797,1.967,2.06,2.23
142,142,0.381999999999999,0.551999999999999,0.644999999999999,0.796999999999999,0.966999999999999,1.06,1.23,1.382,1.552,1.645,1.797,1.967,2.06,2.23,2.382,2.552
143,143,0.381999999999999,0.551999999999999,0.644999999999999,0.796999999999999,0.966999999999999,1.06,1.23,1.382,1.552,1.645,1.797,1.967,2.06,2.23,2.382,2.552
144,144,0.644999999999999,0.814999999999999,0.966999999999999,1.06,1.23,1.382,1.552,1.645,1.815,1.967,2.06,2.23,2.382,2.552,2.645,2.815
145,145,0.644999999999999,0.814999999999999,0.966999999999999,1.06,1.23,1.382,1.552,1.645,1.815,1.967,2.06,2.23,2.382,2.552,2.645,2.815
146,146,0.966999999999999,1.137,1.23,1.382,1.552,1.645,1.815,1.967,2.137,2.23,2.382,2.552,2.645,2.815,2.967,3.137
147,147,0.966999999999999,1.137,1.23,1.382,1.552,1.645,1.815,1.967,2.137,2.23,2.382,2.552,2.645,2.815,2.967,3.137
148,148,0.229999999999999,0.399999999999999,0.551999999999999,0.644999999999999,0.814999999999999,0.966999999999999,1.137,1.23,1.4,1.552,1.645,1.815,1.967,2.137,2.23,2.4
149,149,0.229999999999999,0.399999999999999,0.551999999999999,0.644999999999999,0.814999999999999,0.966999999999999,1.137,1.23,1.4,1.552,1.645,1.815,1.967,2.137,2.23,2.4
150,150,0.551999999999999,0.721999999999999,0.814999999999999,0.966999999999999,1.137,1.23,1.4,1.552,1.722,1.815,1.967,2.137,2.23,2.4,2.552,2.722
151,151,0.551999999999999,0.721999999999999,0.814999999999999,0.966999999999999,1.137,1.23,1.4,1.552,1.722,1.815,1.967,2.137,2.23,2.4,2.552,2.722
152,152,0.814999999999999,0.984999999999999,1.137,1.23,1.4,1.552,1.722,1.815,1.985,2.137,2.23,2.4,2.552,2.722,2.815,2.985
153,153,0.814999999999999,0.984999999999999,1.137,1.23,1.4,1.552,1.722,1.815,1.985,2.137,2.23,2.4,2.552,2.722,2.815,2.985
154,154,0.136999999999999,0.306999999999999,0.399999999999999,0.551999999999999,0.721999999999999,0.814999999999999,0.984999999999999,1.137,1.307,1.4,1.552,1.722,1.815,1.985,2.137,2.307
155,155,0.136999999999999,0.306999999999999,0.399999999999999,0.551999999999999,0.721999999999999,0.814999999999999,0.984999999999999,1.137,1.307,1.4,1.552,1.722,1.815,1.985,2.137,2.307
156,156,0.399999999999999,0.569999999999999,0.721999999999999,0.814999999999999,0.984999999999999,1.137,1.307,1.4,1.57,1.722,1.815,1.985,2.137,2.307,2.4,2.57
157,157,0.399999999999999,0.569999999999999,0.721999999999999,0.814999999999999,0.984999999999999,1.137,1.307,1.4,1.57,1.722,1.815,1.985,2.137,2.307,2.4,2.57
158,158,0.721999999999999,0.891999999999999,0.984999999999999,1.137,1.307,1.4,1.57,1.722,1.892,1.985,2.137,2.307,2.4,2.57,2.722,2.892
159,159,0.721999999999999,0.891999999999999,0.984999999999999,1.137,1.307,1.4,1.57,1.722,1.892,1.985,2.137,2.307,2.4,2.57,2.722,2.892
160,160,0.984999999999999,1.155,1.307,1.4,1.57,1.722,1.892,1.985,2.155,2.307,2.4,2.57,2.722,2.892,2.985,3.155
161,161,0.984999999999999,1.155,1.307,1.4,1.57,1.722,1.892,1.985,2.155,2.307,2.4,2.57,2.722,2.892,2.985,3.155
162,162,0.306999999999999,0.476999999999998,0.569999999999999,0.721999999999999,0.891999999999999,0.984999999999999,1.155,1.307,1.477,1.57,1.722,1.892,1.985,2.155,2.307,2.477
163,163,0.306999999999999,0.476999999999998,0.569999999999999,0.721999999999999,0.891999999999999,0.984999999999999,1.155,1.307,1.477,1.57,1.722,1.892,1.985,2.155,2.307,2.477
164,164,0.569999999999999,0.739999999999998,0.891999999999999,0.984999999999999,1.155,1.307,1.477,1.57,1.74,1.892,1.985,2.155,2.307,2.477,2.57,2.74
165,165,0.569999999999999,0.739999999999998,0.891999999999999,0.984999999999999,1.155,1.307,1.477,1.57,1.74,1.892,1.985,2.155,2.307,2.477,2.57,2.74
166,166,0.891999999999999,1.062,1.155,1.307,1.477,1.57,1.74,1.892,2.062,2.155,2.307,2.477,2.57,2.74,2.892,3.062
167,167,0.891999999999999,1.062,1.155,1.307,1.477,1.57,1.74,1.892,2.062,2.155,2.307,2.477,2.57,2.74,2.892,3.062
168,168,0.154999999999998,0.324999999999998,0.476999999999998,0.569999999999999,0.739999999999998,0.891999999999999,1.062,1.155,1.325,1.477,1.57,1.74,1.892,2.062,2.155,2.325
169,169,0.154999999999998,0.324999999999998,0.476999999999998,0.569999999999999,0.739999999999998,0.891999999999999,1.062,1.155,1.325,1.477,1.57,1.74,1.892,2.062,2.155,2.325
170,170,0.476999999999998,0.646999999999998,0.739999999999998,0.891999999999999,1.062,1.155,1.325,1.477,1.647,1.74,1.892,2.062,2.155,2.325,2.477,2.647
171,171,0.476999999999998,0.646999999999998,0.739999999999998,0.891999999999999,1.062,1.155,1.325,1.477,1.647,1.74,1.892,2.062,2.155,2.325,2.477,2.647
172,172,0.739999999999998,0.909999999999998,1.062,1.155,1.325,1.477,1.647,1.74,1.91,2.062,2.155,2.325,2.477,2.647,2.74,2.91
173,173,0.739999999999998,0.909999999999998,1.062,1.155,1.325,1.477,1.647,1.74,1.91,2.062,2.155,2.325,2.477,2.647,2.74,2.91
174,174,0.061999999999999,0.231999999999998,0.324999999999998,0.476999999999998,0.646999999999998,0.739999999999998,0.909999999999998,1.062,1.232,1.325,1.477,1.647,1.74,1.91,2.062,2.232
175,175,0.061999999999999,0.231999999999998,0.324999999999998,0.476999999999998,0.646999999999998,0.739999999999998,0.909999999999998,1.062,1.232,1.325,1.477,1.647,1.74,1.91,2.062,2.232
176,176,0.324999999999998,0.494999999999998,0.646999999999998,0.739999999999998,0.909999999999998,1.062,1.232,1.325,1.495,1.647,1.74,1.91,2.062,2.232,2.325,2.495
177,177,0.324999999999998,0.494999999999998,0.646999999999998,0.739999999999998,0.909999999999998,1.062,1.232,1.325,1.495,1.647,1.74,1.91,2.062,2.232,2.325,2.495
178,178,0.646999999999998,0.816999999999998,0.909999999999998,1.062,1.232,1.325,1.495,1.647,1.817,1.91,2.062,2.232,2.325,2.495,2.647,2.817
179,179,0.646999999999998,0.816999999999998,0.909999999999998,1.062,1.232,1.325,1.495,1.647,1.817,1.91,2.062,2.232,2.325,2.495,2.647,2.817
180,180,0.909999999999998,1.08,1.232,1.325,1.495,1.647,1.817,1.91,2.08,2.232,2.325,2.495,2.647,2.817,2.91,3.08
181,181,0.909999999999998,1.08,1.232,1.325,1.495,1.647,1.817,1.91,2.08,2.232,2.325,2.495,2.647,2.817,2.91,3.08
182,182,0.231999999999998,0.401999999999998,0.494999999999998,0.646999999999998,0.816999999999998,0.909999999999998,1.08,1.232,1.402,1.495,1.647,1.817,1.91,2.08,2.232,2.402
183,183,0.231999999999998,0.401999999999998,0.494999999999998,0.646999999999998,0.816999999999998,0.909999999999998,1.08,1.232,1.402,1.495,1.647,1.817,1.91,2.08,2.232,2.402
184,184,0.494999999999998,0.664999999999998,0.816999999999998,0.909999999999998,1.08,1.232,1.402,1.495,1.665,1.817,1.91,2.08,2.232,2.402,2.495,2.665
185,185,0.494999999999998,0.664999999999998,0.816999999999998,0.909999999999998,1.08,1.232,1.402,1.495,1.665,1.817,1.91,2.08,2.232,2.402,2.495,2.665
186,186,0.816999999999998,0.986999999999998,1.08,1.232,1.402,1.495,1.665,1.817,1.987,2.08,2.232,2.402,2.495,2.665,2.817,2.987
187,187,0.816999999999998,0.986999999999998,1.08,1.232,1.402,1.495,1.665,1.817,1.987,2.08,2.232,2.402,2.495,2.665,2.817,2.987
188,188,0.079999999999998,0.249999999999998,0.401999999999998,0.494999999999998,0.664999999999998,0.816999999999998,0.986999999999998,1.08,1.25,1.402,1.495,1.665,1.817,1.987,2.08,2.25
189,189,0.079999999999998,0.249999999999998,0.401999999999998,0.494999999999998,0.664999999999998,0.816999999999998,0.986999999999998,1.08,1.25,1.402,1.495,1.665,1.817,1.987,2.08,2.25
190,190,0.401999999999998,0.571999999999998,0.664999999999998,0.816999999999998,0.986999999999998,1.08,1.25,1.402,1.572,1.665,1.817,1.987,2.08,2.25,2.402,2.572
191,191,0.401999999999998,0.571999999999998,0.664999999999998,0.816999999999998,0.986999999999998,1.08,1.25,1.402,1.572,1.665,1.817,1.987,2.08,2.25,2.402,2.572
192,192,0.664999999999998,0.834999999999998,0.986999999999998,1.08,1.25,1.402,1.572,1.665,1.835,1.987,2.08,2.25,2.402,2.572,2.665,2.835
193,193,0.664999999999998,0.834999999999998,0.986999999999998,1.08,1.25,1.402,1.572,1.665,1.835,1.987,2.08,2.25,2.402,2.572,2.665,2.835
194,194,0.986999999999998,1.157,1.25,1.402,1.572,1.665,1.835,1.987,2.157,2.25,2.402,2.572,2.665,2.835,2.987,3.157
195,195,0.986999999999998,1.157,1.25,1.402,1.572,1.665,1.835,1.987,2.157,2.25,2.402,2.572,2.665,2.835,2.987,3.157
196,196,0.249999999999998,0.419999999999998,0.571999999999998,0.664999999999998,0.834999999999998,0.986999999999998,1.157,1.25,1.42,1.572,1.665,1.835,1.987,2.157,2.25,2.42
197,197,0.249999999999998,0.419999999999998,0.571999999999998,0.664999999999998,0.834999999999998,0.986999999999998,1.157,1.25,1.42,1.572,1.665,1.835,1.987,2.157,2.25,2.42
198,198,0.571999999999998,0.741999999999998,0.834999999999998,0.986999999999998,1.157,1.25,1.42,1.572,1.742,1.835,1.987,2.157,2.25,2.42,2.572,2.742
199,199,0.571999999999998,0.741999999999998,0.834999999999998,0.986999999999998,1.157,1.25,1.42,1.572,1.742,1.835,1.987,2.157,2.25,2.42,2.572,2.742
200,200,0.834999999999998,1.005,1.157,1.25,1.42,1.572,1.742,1.835,2.005,2.157,2.25,2.42,2.572,2.742,2.835,3.005
201,201,0.834999999999998,1.005,1.157,1.25,1.42,1.572,1.742,1.835,2.005,2.157,2.25,2.42,2.572,2.742,2.835,3.005
202,202,0.156999999999998,0.326999999999998,0.419999999999998,0.571999999999998,0.741999999999998,0.834999999999998,1.005,1.157,1.327,1.42,1.572,1.742,1.835,2.005,2.157,2.327
203,203,0.156999999999998,0.326999999999998,0.419999999999998,0.571999999999998,0.741999999999998,0.834999999999998,1.005,1.157,1.327,1.42,1.572,1.742,1.835,2.005,2.157,2.327
204,204,0.419999999999998,0.589999999999998,0.741999999999998,0.834999999999998,1.005,1.157,1.327,1.42,1.59,1.742,1.835,2.005,2.157,2.327,2.42,2.59
205,205,0.419999999999998,0.589999999999998,0.741999999999998,0.834999999999998,1.005,1.157,1.327,1.42,1.59,1.742,1.835,2.005,2.157,2.327,2.42,2.59
206,206,0.741999999999998,0.911999999999998,1.005,1.157,1.327,1.42,1.59,1.742,1.912,2.005,2.157,2.327,2.42,2.59,2.742,2.912
207,207,0.741999999999998,0.911999999999998,1.005,1.157,1.327,1.42,1.59,1.742,1.912,2.005,2.157,2.327,2.42,2.59,2.742,2.912
208,208,0.004999999999998,0.174999999999998,0.326999999999998,0.419999999999998,0.589999999999998,0.741999999999998,0.911999999999998,1.005,1.175,1.327,1.42,1.59,1.742,1.912,2.005,2.175
209,209,0.004999999999998,0.174999999999998,0.326999999999998,0.419999999999998,0.589999999999998,0.741999999999998,0.911999999999998,1.005,1.175,1.327,1.42,1.59,1.742,1.912,2.005,2.175
210,210,0.326999999999998,0.496999999999998,0.589999999999998,0.741999999999998,0.911999999999998,1.005,1.175,1.327,1.497,1.59,1.742,1.912,2.005,2.175,2.327,2.497
211,211,0.326999999999998,0.496999999999998,0.589999999999998,0.741999999999998,0.911999999999998,1.005,1.175,1.327,1.497,1.59,1.742,1.912,2.005,2.175,2.327,2.497
212,212,0.589999999999998,0.759999999999998,0.911999999999998,1.005,1.175,1.327,1.497,1.59,1.76,1.912,2.005,2.175,2.327,2.497,2.59,2.76
213,213,0.589999999999998,0.759999999999998,0.911999999999998,1.005,1.175,1.327,1.497,1.59,1.76,1.912,2.005,2.175,2.327,2.497,2.59,2.76
214,214,0.911999999999998,1.082,1.175,1.327,1.497,1.59,1.76,1.912,2.082,2.175,2.327,2.497,2.59,2.76,2.912,3.082
215,215,0.911999999999998,1.082,1.175,1.327,1.497,1.59,1.76,1.912,2.082,2.175,2.327,2.497,2.59,2.76,2.912,3.082
216,216,0.174999999999998,0.344999999999998,0.496999999999998,0.589999999999998,0.759999999999998,0.911999999999998,1.082,1.175,1.345,1.497,1.59,1.76,1.912,2.082,2.175,2.345
217,217,0.174999999999998,0.344999999999998,0.496999999999998,0.589999999999998,0.759999999999998,0.911999999999998,1.082,1.175,1.345,1.497,1.59,1.76,1.912,2.082,2.175,2.345
218,218,0.496999999999998,0.666999999999998,0.759999999999998,0.911999999999998,1.082,1.175,1.345,1.497,1.667,1.76,1.912,2.082,2.175,2.345,2.497,2.667
219,219,0.496999999999998,0.666999999999998,0.759999999999998,0.911999999999998,1.082,1.175,1.345,1.497,1.667,1.76,1.912,2.082,2.175,2.345,2.497,2.667
220,220,0.759999999999998,0.929999999999998,1.082,1.175,1.345,1.497,1.667,1.76,1.93,2.082,2.175,2.345,2.497,2.667,2.76,2.93
221,221,0.759999999999998,0.929999999999998,1.082,1.175,1.345,1.497,1.667,1.76,1.93,2.082,2.175,2.345,2.497,2.667,2.76,2.93
222,222,0.081999999999998,0.251999999999998,0.344999999999998,0.496999999999998,0.666999999999998,0.759999999999998,0.929999999999998,1.082,1.252,1.345,1.497,1.667,1.76,1.93,2.082,2.252
223,223,0.081999999999998,0.251999999999998,0.344999999999998,0.496999999999998,0.666999999999998,0.759999999999998,0.929999999999998,1.082,1.252,1.345,1.497,1.667,1.76,1.93,2.082,2.252
224,224,0.344999999999998,0.514999999999998,0.666999999999998,0.759999999999998,0.929999999999998,1.082,1.252,1.345,1.515,1.667,1.76,1.93,2.082,2.252,2.345,2.515
225,225,0.344999999999998,0.514999999999998,0.666999999999998,0.759999999999998,0.929999999999998,1.082,1.252,1.345,1.515,1.667,1.76,1.93,2.082,2.252,2.345,2.515
226,226,0.666999999999998,0.836999999999998,0.929999999999998,1.082,1.252,1.345,1.515,1.667,1.837,1.93,2.082,2.252,2.345,2.515,2.667,2.837
227,227,0.666999999999998,0.836999999999998,0.929999999999998,1.082,1.252,1.345,1.515,1.667,1.837,1.93,2.082,2.252,2.345,2.515,2.667,2.837
228,228,0.929999999999998,1.1,1.252,1.345,1.515,1.667,1.837,1.93,2.1,2.252,2.345,2.515,2.667,2.837,2.93,3.1
229,229,0.929999999999998,1.1,1.252,1.345,1.515,1.667,1.837,1.93,2.1,2.252,2.345,2.515,2.667,2.837,2.93,3.1
230,230,0.251999999999998,0.421999999999998,0.514999999999998,0.666999999999998,0.836999999999998,0.929999999999998,1.1,1.252,1.422,1.515,1.667,1.837,1.93,2.1,2.252,2.422
231,231,0.251999999999998,0.421999999999998,0.514999999999998,0.666999999999998,0.836999999999998,0.929999999999998,1.1,1.252,1.422,1.515,1.667,1.837,1.93,2.1,2.252,2.422
232,232,0.514999999999998,0.684999999999998,0.836999999999998,0.929999999999998,1.1,1.252,1.422,1.515,1.685,1.837,1.93,2.1,2.252,2.422,2.515,2.685
233,233,0.514999999999998,0.684999999999998,0.836999999999998,0.929999999999998,1.1,1.252,1.422,1.515,1.685,1.837,1.93,2.1,2.252,2.422,2.515,2.685
234,234,0.836999999999998,1.007,1.1,1.252,1.422,1.515,1.685,1.837,2.007,2.1,2.252,2.422,2.515,2.685,2.837,3.007
235,235,0.836999999999998,1.007,1.1,1.252,1.422,1.515,1.685,1.837,2.007,2.1,2.252,2.422,2.515,2.685,2.837,3.007
236,236,0.099999999999998,0.269999999999998,0.421999999999998,0.514999999999998,0.684999999999998,0.836999999999998,1.007,1.1,1.27,1.422,1.515,1.685,1.837,2.007,2.1,2.27
237,237,0.099999999999998,0.269999999999998,0.421999999999998,0.514999999999998,0.684999999999998,0.836999999999998,1.007,1.1,1.27,1.422,1.515,1.685,1.837,2.007,2.1,2.27
238,238,0.421999999999998,0.591999999999998,0.684999999999998,0.836999999999998,1.007,1.1,1.27,1.422,1.592,1.685,1.837,2.007,2.1,2.27,2.422,2.592
239,239,0.421999999999998,0.591999999999998,0.684999999999998,0.836999999999998,1.007,1.1,1.27,1.422,1.592,1.685,1.837,2.007,2.1,2.27,2.422,2.592
240,240,0.684999999999998,0.854999999999998,1.007,1.1,1.27,1.422,1.592,1.685,1.855,2.007,2.1,2.27,2.422,2.592,2.685,2.855
241,241,0.684999999999998,0.854999999999998,1.007,1.1,1.27,1.422,1.592,1.685,1.855,2.007,2.1,2.27,2.422,2.592,2.685,2.855
242,242,0.006999999999998,0.176999999999998,0.269999999999998,0.421999999999998,0.591999999999998,0.684999999999998,0.854999999999998,1.007,1.177,1.27,1.422,1.592,1.685,1.855,2.007,2.177
243,243,0.006999999999998,0.176999999999998,0.269999999999998,0.421999999999998,0.591999999999998,0.684999999999998,0.854999999999998,1.007,1.177,1.27,1.422,1.592,1.685,1.855,2.007,2.177
244,244,0.269999999999998,0.439999999999998,0.591999999999998,0.684999999999998,0.854999999999998,1.007,1.177,1.27,1.44,1.592,1.685,1.855,2.007,2.177,2.27,2.44
245,245,0.269999999999998,0.439999999999998,0.591999999999998,0.684999999999998,0.854999999999998,1.007,1.177,1.27,1.44,1.592,1.685,1.855,2.007,2.177,2.27,2.44
246,246,0.591999999999998,0.761999999999998,0.854999999999998,1.007,1.177,1.27,1.44,1.592,1.762,1.855,2.007,2.177,2.27,2.44,2.592,2.762
247,247,0.591999999999998,0.761999999999998,0.854999999999998,1.007,1.177,1.27,1.44,1.592,1.762,1.855,2.007,2.177,2.27,2.44,2.592,2.762
248,248,0.854999999999998,1.025,1.177,1.27,1.44,1.592,1.762,1.855,2.025,2.177,2.27,2.44,2.592,2.762,2.855,3.025
249,249,0.854999999999998,1.025,1.177,1.27,1.44,1.592,1.762,1.855,2.025,2.177,2.27,2.44,2.592,2.762,2.855,3.025
250,250,0.176999999999998,0.346999999999998,0.439999999999998,0.591999999999998,0.761999999999998,0.854999999999998,1.025,1.177,1.347,1.44,1.592,1.762,1.855,2.025,2.177,2.347
251,251,0.176999999999998,0.346999999999998,0.439999999999998,0.591999999999998,0.761999999999998,0.854999999999998,1.025,1.177,1.347,1.44,1.592,1.762,1.855,2.025,2.177,2.347
252,252,0.439999999999998,0.609999999999998,0.761999999999998,0.854999999999998,1.025,1.177,1.347,1.44,1.61,1.762,1.855,2.025,2.177,2.347,2.44,2.61
253,253,0.439999999999998,0.609999999999998,0.761999999999998,0.854999999999998,1.025,1.177,1.347,1.44,1.61,1.762,1.855,2.025,2.177,2.347,2.44,2.61
254,254,0.761999999999998,0.931999999999998,1.025,1.177,1.347,1.44,1.61,1.762,1.932,2.025,2.177,2.347,2.44,2.61,2.762,2.932
255,255,0.761999999999998,0.931999999999998,1.025,1.177,1.347,1.44,1.61,1.762,1.932,2.025,2.177,2.347,2.44,2.61,2.762,2.932
256,256,0.024999999999998,0.194999999999998,0.346999999999998,0.439999999999998,0.609999999999998,0.761999999999998,0.931999999999998,1.025,1.195,1.347,1.44,1.61,1.762,1.932,2.025,2.195
257,257,0.024999999999998,0.194999999999998,0.346999999999998,0.439999999999998,0.609999999999998,0.761999999999998,0.931999999999998,1.025,1.195,1.347,1.44,1.61,1.762,1.932,2.025,2.195
258,258,0.346999999999998,0.516999999999998,0.609999999999998,0.761999999999998,0.931999999999998,1.025,1.195,1.347,1.517,1.61,1.762,1.932,2.025,2.195,2.347,2.517
259,259,0.346999999999998,0.516999999999998,0.609999999999998,0.761999999999998,0.931999999999998,1.025,1.195,1.347,1.517,1.61,1.762,1.932,2.025,2.195,2.347,2.517
260,260,0.609999999999998,0.779999999999998,0.931999999999998,1.025,1.195,1.347,1.517,1.61,1.78,1.932,2.025,2.195,2.347,2.517,2.61,2.78
261,261,0.609999999999998,0.779999999999998,0.931999999999998,1.025,1.195,1.347,1.517,1.61,1.78,1.932,2.025,2.195,2.347,2.517,2.61,2.78
262,262,0.931999999999998,1.102,1.195,1.347,1.517,1.61,1.78,1.932,2.102,2.195,2.347,2.517,2.61,2.78,2.932,3.102
263,263,0.931999999999998,1.102,1.195,1.347,1.517,1.61,1.78,1.932,2.102,2.195,2.347,2.517,2.61,2.78,2.932,3.102
264,264,0.194999999999998,0.364999999999998,0.516999999999998,0.609999999999998,0.779999999999998,0.931999999999998,1.102,1.195,1.365,1.517,1.61,1.78,1.932,2.102,2.195,2.365
265,265,0.194999999999998,0.364999999999998,0.516999999999998,0.609999999999998,0.779999999999998,0.931999999999998,1.102,1.195,1.365,1.517,1.61,1.78,1.932,2.102,2.195,2.365
266,266,0.516999999999998,0.686999999999998,0.779999999999998,0.931999999999998,1.102,1.195,1.365,1.517,1.687,1.78,1.932,2.102,2.195,2.365,2.517,2.687
267,267,0.516999999999998,0.686999999999998,0.779999999999998,0.931999999999998,1.102,1.195,1.365,1.517,1.687,1.78,1.932,2.102,2.195,2.365,2.517,2.687
268,268,0.779999999999998,0.949999999999998,1.102,1.195,1.365,1.517,1.687,1.78,1.95,2.102,2.195,2.365,2.517,2.687,2.78,2.95
269,269,0.779999999999998,0.949999999999998,1.102,1.195,1.365,1.517,1.687,1.78,1.95,2.102,2.195,2.365,2.517,2.687,2.78,2.95
270,270,0.101999999999998,0.271999999999998,0.364999999999998,0.516999999999998,0.686999999999998,0.779999999999998,0.949999999999998,1.102,1.272,1.365,1.517,1.687,1.78,1.95,2.102,2.272
271,271,0.101999999999998,0.271999999999998,0.364999999999998,0.516999999999998,0.686999999999998,0.779999999999998,0.949999999999998,1.102,1.272,1.365,1.517,1.687,1.78,1.95,2.102,2.272
272,272,0.364999999999998,0.534999999999998,0.686999999999998,0.779999999999998,0.949999999999998,1.102,1.272,1.365,1.535,1.687,1.78,1.95,2.102,2.272,2.365,2.535
273,273,0.364999999999998,0.534999999999998,0.686999999999998,0.779999999999998,0.949999999999998,1.102,1.272,1.365,1.535,1.687,1.78,1.95,2.102,2.272,2.365,2.535
274,274,0.686999999999998,0.856999999999998,0.949999999999998,1.102,1.272,1.365,1.535,1.687,1.857,1.95,2.102,2.272,2.365,2.535,2.687,2.857
275,275,0.686999999999998,0.856999999999998,0.949999999999998,1.102,1.272,1.365,1.535,1.687,1.857,1.95,2.102,2.272,2.365,2.535,2.687,2.857
276,276,0.949999999999998,1.12,1.272,1.365,1.535,1.687,1.857,1.95,2.12,2.272,2.365,2.535,2.687,2.857,2.95,3.12
277,277,0.949999999999998,1.12,1.272,1.365,1.535,1.687,1.857,1.95,2.12,2.272,2.365,2.535,2.687,2.857,2.95,3.12
278,278,0.271999999999998,0.441999999999997,0.534999999999998,0.686999999999998,0.856999999999998,0.949999999999998,1.12,1.272,1.442,1.535,1.687,1.857,1.95,2.12,2.272,2.442
279,279,0.271999999999998,0.441999999999997,0.534999999999998,0.686999999999998,0.856999999999998,0.949999999999998,1.12,1.272,1.442,1.535,1.687,1.857,1.95,2.12,2.272,2.442
280,280,0.534999999999998,0.704999999999997,0.856999999999998,0.949999999999998,1.12,1.272,1.442,1.535,1.705,1.857,1.95,2.12,2.272,2.442,2.535,2.705
281,281,0.534999999999998,0.704999999999997,0.856999999999998,0.949999999999998,1.12,1.272,1.442,1.535,1.705,1.857,1.95,2.12,2.272,2.442,2.535,2.705
282,282,0.856999999999998,1.027,1.12,1.272,1.442,1.535,1.705,1.857,2.027,2.12,2.272,2.442,2.535,2.705,2.857,3.027
283,283,0.856999999999998,1.027,1.12,1.272,1.442,1.535,1.705,1.857,2.027,2.12,2.272,2.442,2.535,2.705,2.857,3.027
284,284,0.119999999999997,0.289999999999997,0.441999999999997,0.534999999999998,0.704999999999997,0.856999999999998,1.027,1.12,1.29,1.442,1.535,1.705,1.857,2.027,2.12,2.29
285,285,0.119999999999997,0.289999999999997,0.441999999999997,0.534999999999998,0.704999999999997,0.856999999999998,1.027,1.12,1.29,1.442,1.535,1.705,1.857,2.027,2.12,2.29
286,286,0.441999999999997,0.611999999999997,0.704999999999997,0.856999999999998,1.027,1.12,1.29,1.442,1.612,1.705,1.857,2.027,2.12,2.29,2.442,2.612
287,287,0.441999999999997,0.611999999999997,0.704999999999997,0.856999999999998,1.027,1.12,1.29,1.442,1.612,1.705,1.857,2.027,2.12,2.29,2.442,2.612
288,288,0.704999999999997,0.874999999999997,1.027,1.12,1.29,1.442,1.612,1.705,1.875,2.027,2.12,2.29,2.442,2.612,2.705,2.875
289,289,0.704999999999997,0.874999999999997,1.027,1.12,1.29,1.442,1.612,1.705,1.875,2.027,2.12,2.29,2.442,2.612,2.705,2.875
290,290,0.026999999999998,0.196999999999997,0.289999999999997,0.441999999999997,0.611999999999997,0.704999999999997,0.874999999999997,1.027,1.197,1.29,1.442,1.612,1.705,1.875,2.027,2.197
291,291,0.026999999999998,0.196999999999997,0.289999999999997,0.441999999999997,0.611999999999997,0.704999999999997,0.874999999999997,1.027,1.197,1.29,1.442,1.612,1.705,1.875,2.027,2.197
292,292,0.289999999999997,0.459999999999997,0.611999999999997,0.704999999999997,0.874999999999997,1.027,1.197,1.29,1.46,1.612,1.705,1.875,2.027,2.197,2.29,2.46
293,293,0.289999999999997,0.459999999999997,0.611999999999997,0.704999999999997,0.874999999999997,1.027,1.197,1.29,1.46,1.612,1.705,1.875,2.027,2.197,2.29,2.46
294,294,0.611999999999997,0.781999999999997,0.874999999999997,1.027,1.197,1.29,1.46,1.612,1.782,1.875,2.027,2.197,2.29,2.46,2.612,2.782
295,295,0.611999999999997,0.781999999999997,0.874999999999997,1.027,1.197,1.29,1.46,1.612,1.782,1.875,2.027,2.197,2.29,2.46,2.612,2.782
296,296,0.874999999999997,1.045,1.197,1.29,1.46,1.612,1.782,1.875,2.045,2.197,2.29,2.46,2.612,2.782,2.875,3.045
297,297,0.874999999999997,1.045,1.197,1.29,1.46,1.612,1.782,1.875,2.045,2.197,2.29,2.46,2.612,2.782,2.875,3.045
298,298,0.196999999999997,0.366999999999997,0.459999999999997,0.611999999999997,0.781999999999997,0.874999999999997,1.045,1.197,1.367,1.46,1.612,1.782,1.875,2.045,2.197,2.367
299,299,0.196999999999997,0.366999999999997,0.459999999999997,0.611999999999997,0.781999999999997,0.874999999999997,1.045,1.197,1.367,1.46,1.612,1.782,1.875,2.045,2.197,2.367
300,300,0.459999999999997,0.629999999999997,0.781999999999997,0.874999999999997,1.045,1.197,1.367,1.46,1.63,1.782,1.875,2.045,2.197,2.367,2.46,2.63
301,301,0.459999999999997,0.629999999999997,0.781999999999997,0.874999999999997,1.045,1.197,1.367,1.46,1.63,1.782,1.875,2.045,2.197,2.367,2.46,2.63
302,302,0.781999999999997,0.951999999999997,1.045,1.197,1.367,1.46,1.63,1.782,1.952,2.045,2.197,2.367,2.46,2.63,2.782,2.952
303,303,0.781999999999997,0.951999999999997,1.045,1.197,1.367,1.46,1.63,1.782,1.952,2.045,2.197,2.367,2.46,2.63,2.782,2.952
304,304,0.044999999999997,0.214999999999997,0.366999999999997,0.459999999999997,0.629999999999997,0.781999999999997,0.951999999999997,1.045,1.215,1.367,1.46,1.63,1.782,1.952,2.045,2.215
305,305,0.044999999999997,0.214999999999997,0.366999999999997,0.459999999999997,0.629999999999997,0.781999999999997,0.951999999999997,1.045,1.215,1.367,1.46,1.63,1.782,1.952,2.045,2.215
306,306,0.366999999999997,0.536999999999997,0.629999999999997,0.781999999999997,0.951999999999997,1.045,1.215,1.367,1.537,1.63,1.782,1.952,2.045,2.215,2.367,2.537
307,307,0.366999999999997,0.536999999999997,0.629999999999997,0.781999999999997,0.951999999999997,1.045,1.215,1.367,1.537,1.63,1.782,1.952,2.045,2.215,2.367,2.537
308,308,0.629999999999997,0.799999999999997,0.951999999999997,1.045,1.215,1.367,1.537,1.63,1.8,1.952,2.045,2.215,2.367,2.537,2.63,2.8
309,309,0.629999999999997,0.799999999999997,0.951999999999997,1.045,1.215,1.367,1.537,1.63,1.8,1.952,2.045,2.215,2.367,2.537,2.63,2.8
310,310,0.951999999999997,1.122,1.215,1.367,1.537,1.63,1.8,1.952,2.122,2.215,2.367,2.537,2.63,2.8,2.952,3.122
311,311,0.951999999999997,1.122,1.215,1.367,1.537,1.63,1.8,1.952,2.122,2.215,2.367,2.537,2.63,2.8,2.952,3.122
312,312,0.214999999999997,0.384999999999997,0.536999999999997,0.629999999999997,0.799999999999997,0.951999999999997,1.122,1.215,1.385,1.537,1.63,1.8,1.952,2.122,2.215,2.385
313,313,0.214999999999997,0.384999999999997,0.536999999999997,0.629999999999997,0.799999999999997,0.951999999999997,1.122,1.215,1.385,1.537,1.63,1.8,1.952,2.122,2.215,2.385
314,314,0.536999999999997,0.706999999999997,0.799999999999997,0.951999999999997,1.122,1.215,1.385,1.537,1.707,1.8,1.952,2.122,2.215,2.385,2.537,2.707
315,315,0.536999999999997,0.706999999999997,0.799999999999997,0.951999999999997,1.122,1.215,1.385,1.537,1.707,1.8,1.952,2.122,2.215,2.385,2.537,2.707
316,316,0.799999999999997,0.969999999999997,1.122,1.215,1.385,1.537,1.707,1.8,1.97,2.122,2.215,2.385,2.537,2.707,2.8,2.97
317,317,0.799999999999997,0.969999999999997,1.122,1.215,1.385,1.537,1.707,1.8,1.97,2.122,2.215,2.385,2.537,2.707,2.8,2.97
318,318,0.121999999999997,0.291999999999997,0.384999999999997,0.536999999999997,0.706999999999997,0.799999999999997,0.969999999999997,1.122,1.292,1.385,1.537,1.707,1.8,1.97,2.122,2.292
319,319,0.121999999999997,0.291999999999997,0.384999999999997,0.536999999999997,0.706999999999997,0.799999999999997,0.969999999999997,1.122,1.292,1.385,1.537,1.707,1.8,1.97,2.122,2.292
320,320,0.384999999999997,0.554999999999997,0.706999999999997,0.799999999999997,0.969999999999997,1.122,1.292,1.385,1.555,1.707,1.8,1.97,2.122,2.292,2.385,2.555
321,321,0.384999999999997,0.554999999999997,0.706999999999997,0.799999999999997,0.969999999999997,1.122,1.292,1.385,1.555,1.707,1.8,1.97,2.122,2.292,2.385,2.555
322,322,0.706999999999997,0.876999999999997,0.969999999999997,1.122,1.292,1.385,1.555,1.707,1.877,1.97,2.122,2.292,2.385,2.555,2.707,2.877
323,323,0.706999999999997,0.876999999999997,0.969999999999997,1.122,1.292,1.385,1.555,1.707,1.877,1.97,2.122,2.292,2.385,2.555,2.707,2.877
324,324,0.969999999999997,1.14,1.292,1.385,1.555,1.707,1.877,1.97,2.14,2.292,2.385,2.555,2.707,2.877,2.97,3.14
325,325,0.969999999999997,1.14,1.292,1.385,1.555,1.707,1.877,1.97,2.14,2.292,2.385,2.555,2.707,2.877,2.97,3.14
326,326,0.291999999999997,0.461999999999997,0.554999999999997,0.706999999999997,0.876999999999997,0.969999999999997,1.14,1.292,1.462,1.555,1.707,1.877,1.97,2.14,2.292,2.462
327,327,0.291999999999997,0.461999999999997,0.554999999999997,0.706999999999997,0.876999999999997,0.969999999999997,1.14,1.292,1.462,1.555,1.707,1.877,1.97,2.14,2.292,2.462
328,328,0.554999999999997,0.724999999999997,0.876999999999997,0.969999999999997,1.14,1.292,1.462,1.555,1.725,1.877,1.97,2.14,2.292,2.462,2.555,2.725
329,329,0.554999999999997,0.724999999999997,0.876999999999997,0.969999999999997,1.14,1.292,1.462,1.555,1.725,1.877,1.97,2.14,2.292,2.462,2.555,2.725
330,330,0.876999999999997,1.047,1.14,1.292,1.462,1.555,1.725,1.877,2.047,2.14,2.292,2.462,2.555,2.725,2.877,3.047
331,331,0.876999999999997,1.047,1.14,1.292,1.462,1.555,1.725,1.877,2.047,2.14,2.292,2.462,2.555,2.725,2.877,3.047
332,332,0.139999999999997,0.309999999999997,0.461999999999997,0.554999999999997,0.724999999999997,0.876999999999997,1.047,1.14,1.31,1.462,1.555,1.725,1.877,2.047,2.14,2.31
333,333,0.139999999999997,0.309999999999997,0.461999999999997,0.554999999999997,0.724999999999997,0.876999999999997,1.047,1.14,1.31,1.462,1.555,1.725,1.877,2.047,2.14,2.31
334,334,0.461999999999997,0.631999999999997,0.724999999999997,0.876999999999997,1.047,1.14,1.31,1.462,1.632,1.725,1.877,2.047,2.14,2.31,2.462,2.632
335,335,0.461999999999997,0.631999999999997,0.724999999999997,0.876999999999997,1.047,1.14,1.31,1.462,1.632,1.725,1.877,2.047,2.14,2.31,2.462,2.632
336,336,0.724999999999997,0.894999999999997,1.047,1.14,1.31,1.462,1.632,1.725,1.895,2.047,2.14,2.31,2.462,2.632,2.725,2.895
337,337,0.724999999999997,0.894999999999997,1.047,1.14,1.31,1.462,1.632,1.725,1.895,2.047,2.14,2.31,2.462,2.632,2.725,2.895
338,338,0.046999999999997,0.216999999999997,0.309999999999997,0.461999999999997,0.631999999999997,0.724999999999997,0.894999999999997,1.047,1.217,1.31,1.462,1.632,1.725,1.895,2.047,2.217
339,339,0.046999999999997,0.216999999999997,0.309999999999997,0.461999999999997,0.631999999999997,0.724999999999997,0.894999999999997,1.047,1.217,1.31,1.462,1.632,1.725,1.895,2.047,2.217
340,340,0.309999999999997,0.479999999999997,0.631999999999997,0.724999999999997,0.894999999999997,1.047,1.217,1.31,1.48,1.632,1.725,1.895,2.047,2.217,2.31,2.48
341,341,0.309999999999997,0.479999999999997,0.631999999999997,0.724999999999997,0.894999999999997,1.047,1.217,1.31,1.48,1.632,1.725,1.895,2.047,2.217,2.31,2.48
342,342,0.631999999999997,0.801999999999997,0.894999999999997,1.047,1.217,1.31,1.48,1.632,1.802,1.895,2.047,2.217,2.31,2.48,2.632,2.802
343,343,0.631999999999997,0.801999999999997,0.894999999999997,1.047,1.217,1.31,1.48,1.632,1.802,1.895,2.047,2.217,2.31,2.48,2.632,2.802
344,344,0.894999999999997,1.065,1.217,1.31,1.48,1.632,1.802,1.895,2.065,2.217,2.31,2.48,2.632,2.802,2.895,3.065
345,345,0.894999999999997,1.065,1.217,1.31,1.48,1.632,1.802,1.895,2.065,2.217,2.31,2.48,2.632,2.802,2.895,3.065
346,346,0.216999999999997,0.386999999999997,0.479999999999997,0.631999999999997,0.801999999999997,0.894999999999997,1.065,1.217,1.387,1.48,1.632,1.802,1.895,2.065,2.217,2.387
347,347,0.216999999999997,0.386999999999997,0.479999999999997,0.631999999999997,0.801999999999997,0.894999999999997,1.065,1.217,1.387,1.48,1.632,1.802,1.895,2.065,2.217,2.387
348,348,0.479999999999997,0.649999999999997,0.801999999999997,0.894999999999997,1.065,1.217,1.387,1.48,1.65,1.802,1.895,2.065,2.217,2.387,2.48,2.65
349,349,0.479999999999997,0.649999999999997,0.801999999999997,0.894999999999997,1.065,1.217,1.387,1.48,1.65,1.802,1.895,2.065,2.217,2.387,2.48,2.65
350,350,0.801999999999997,0.971999999999997,1.065,1.217,1.387,1.48,1.65,1.802,1.972,2.065,2.217,2.387,2.48,2.65,2.802,2.972
351,351,0.801999999999997,0.971999999999997,1.065,1.217,1.387,1.48,1.65,1.802,1.972,2.065,2.217,2.387,2.48,2.65,2.802,2.972
352,352,0.064999999999997,0.234999999999997,0.386999999999997,0.479999999999997,0.649999999999997,0.801999999999997,0.971999999999997,1.065,1.235,1.387,1.48,1.65,1.802,1.972,2.065,2.235
353,353,0.064999999999997,0.234999999999997,0.386999999999997,0.479999999999997,0.649999999999997,0.801999999999997,0.971999999999997,1.065,1.235,1.387,1.48,1.65,1.802,1.972,2.065,2.235
354,354,0.386999999999997,0.556999999999997,0.649999999999997,0.801999999999997,0.971999999999997,1.065,1.235,1.387,1.557,1.65,1.802,1.972,2.065,2.235,2.387,2.557
355,355,0.386999999999997,0.556999999999997,0.649999999999997,0.801999999999997,0.971999999999997,1.065,1.235,1.387,1.557,1.65,1.802,1.972,2.065,2.235,2.387,2.557
356,356,0.649999999999997,0.819999999999997,0.971999999999997,1.065,1.235,1.387,1.557,1.65,1.82,1.972,2.065,2.235,2.387,2.557,2.65,2.82
357,357,0.649999999999997,0.819999999999997,0.971999999999997,1.065,1.235,1.387,1.557,1.65,1.82,1.972,2.065,2.235,2.387,2.557,2.65,2.82
358,358,0.971999999999997,1.142,1.235,1.387,1.557,1.65,1.82,1.972,2.142,2.235,2.387,2.557,2.65,2.82,2.972,3.142
359,359,0.971999999999997,1.142,1.235,1.387,1.557,1.65,1.82,1.972,2.142,2.235,2.387,2.557,2.65,2.82,2.972,3.142
360,360,0.234999999999997,0.404999999999997,0.556999999999997,0.649999999999997,0.819999999999997,0.971999999999997,1.142,1.235,1.405,1.557,1.65,1.82,1.972,2.142,2.235,2.405
361,361,0.234999999999997,0.404999999999997,0.556999999999997,0.649999999999997,0.819999999999997,0.971999999999997,1.142,1.235,1.405,1.557,1.65,1.82,1.972,2.142,2.235,2.405
362,362,0.556999999999997,0.726999999999997,0.819999999999997,0.971999999999997,1.142,1.235,1.405,1.557,1.727,1.82,1.972,2.142,2.235,2.405,2.557,2.727
363,363,0.556999999999997,0.726999999999997,0.819999999999997,0.971999999999997,1.142,1.235,1.405,1.557,1.727,1.82,1.972,2.142,2.235,2.405,2.557,2.727
364,364,0.819999999999997,0.989999999999997,1.142,1.235,1.405,1.557,1.727,1.82,1.99,2.142,2.235,2.405,2.557,2.727,2.82,2.99
365,365,0.819999999999997,0.989999999999997,1.142,1.235,1.405,1.557,1.727,1.82,1.99,2.142,2.235,2.405,2.557,2.727,2.82,2.99
366,366,0.141999999999997,0.311999999999997,0.404999999999997,0.556999999999997,0.726999999999997,0.819999999999997,0.989999999999997,1.142,1.312,1.405,1.557,1.727,1.82,1.99,2.142,2.312
367,367,0.141999999999997,0.311999999999997,0.404999999999997,0.556999999999997,0.726999999999997,0.819999999999997,0.989999999999997,1.142,1.312,1.405,1.557,1.727,1.82,1.99,2.142,2.312
368,368,0.404999999999997,0.574999999999997,0.726999999999997,0.819999999999997,0.989999999999997,1.142,1.312,1.405,1.575,1.727,1.82,1.99,2.142,2.312,2.405,2.575
369,369,0.404999999999997,0.574999999999997,0.726999999999997,0.819999999999997,0.989999999999997,1.142,1.312,1.405,1.575,1.727,1.82,1.99,2.142,2.312,2.405,2.575
370,370,0.726999999999997,0.896999999999997,0.989999999999997,1.142,1.312,1.405,1.575,1.727,1.897,1.99,2.142,2.312,2.405,2.575,2.727,2.897
371,371,0.726999999999997,0.896999999999997,0.989999999999997,1.142,1.312,1.405,1.575,1.727,1.897,1.99,2.142,2.312,2.405,2.575,2.727,2.897
372,372,0.989999999999997,1.16,1.312,1.405,1.575,1.727,1.897,1.99,2.16,2.312,2.405,2.575,2.727,2.897,2.99,3.16
373,373,0.989999999999997,1.16,1.312,1.405,1.575,1.727,1.897,1.99,2.16,2.312,2.405,2.575,2.727,2.897,2.99,3.16
374,374,0.311999999999997,0.481999999999997,0.574999999999997,0.726999999999997,0.896999999999997,0.989999999999997,1.16,1.312,1.482,1.575,1.727,1.897,1.99,2.16,2.312,2.482
375,375,0.311999999999997,0.481999999999997,0.574999999999997,0.726999999999997,0.896999999999997,0.989999999999997,1.16,1.312,1.482,1.575,1.727,1.897,1.99,2.16,2.312,2.482
376,376,0.574999999999997,0.744999999999997,0.896999999999997,0.989999999999997,1.16,1.312,1.482,1.575,1.745,1.897,1.99,2.16,2.312,2.482,2.575,2.745
377,377,0.574999999999997,0.744999999999997,0.896999999999997,0.989999999999997,1.16,1.312,1.482,1.575,1.745,1.897,1.99,2.16,2.312,2.482,2.575,2.745
378,378,0.896999999999997,1.067,1.16,1.312,1.482,1.575,1.745,1.897,2.067,2.16,2.312,2.482,2.575,2.745,2.897,3.067
379,379,0.896999999999997,1.067,1.16,1.312,1.482,1.575,1.745,1.897,2.067,2.16,2.312,2.482,2.575,2.745,2.897,3.067
380,380,0.159999999999997,0.329999999999997,0.481999999999997,0.574999999999997,0.744999999999997,0.896999999999997,1.067,1.16,1.33,1.482,1.575,1.745,1.897,2.067,2.16,2.33
381,381,0.159999999999997,0.329999999999997,0.481999999999997,0.574999999999997,0.744999999999997,0.896999999999997,1.067,1.16,1.33,1.482,1.575,1.745,1.897,2.067,2.16,2.33
382,382,0.481999999999997,0.651999999999997,0.744999999999997,0.896999999999997,1.067,1.16,1.33,1.482,1.652,1.745,1.897,2.067,2.16,2.33,2.482,2.652
383,383,0.481999999999997,0.651999999999997,0.744999999999997,0.896999999999997,1.067,1.16,1.33,1.482,1.652,1.745,1.897,2.067,2.16,2.33,2.482,2.652
384,384,0.744999999999997,0.914999999999997,1.067,1.16,1.33,1.482,1.652,1.745,1.915,2.067,2.16,2.33,2.482,2.652,2.745,2.915
385,385,0.744999999999997,0.914999999999997,1.067,1.16,1.33,1.482,1.652,1.745,1.915,2.067,2.16,2.33,2.482,2.652,2.745,2.915
386,386,0.066999999999997,0.236999999999997,0.329999999999997,0.481999999999997,0.651999999999997,0.744999999999997,0.914999999999997,1.067,1.237,1.33,1.482,1.652,1.745,1.915,2.067,2.237
387,387,0.066999999999997,0.236999999999997,0.329999999999997,0.481999999999997,0.651999999999997,0.744999999999997,0.914999999999997,1.067,1.237,1.33,1.482,1.652,1.745,1.915,2.067,2.237
388,388,0.329999999999997,0.499999999999996,0.651999999999997,0.744999999999997,0.914999999999997,1.067,1.237,1.33,1.5,1.652,1.745,1.915,2.067,2.237,2.33,2.5
389,389,0.329999999999997,0.499999999999996,0.651999999999997,0.744999999999997,0.914999999999997,1.067,1.237,1.33,1.5,1.652,1.745,1.915,2.067,2.237,2.33,2.5
390,390,0.651999999999997,0.821999999999997,0.914999999999997,1.067,1.237,1.33,1.5,1.652,1.822,1.915,2.067,2.237,2.33,2.5,2.652,2.822
391,391,0.651999999999997,0.821999999999997,0.914999999999997,1.067,1.237,1.33,1.5,1.652,1.822,1.915,2.067,2.237,2.33,2.5,2.652,2.822
392,392,0.914999999999997,1.085,1.237,1.33,1.5,1.652,1.822,1.915,2.085,2.237,2.33,2.5,2.652,2.822,2.915,3.085
393,393,0.914999999999997,1.085,1.237,1.33,1.5,1.652,1.822,1.915,2.085,2.237,2.33,2.5,2.652,2.822,2.915,3.085
394,394,0.236999999999997,0.406999999999996,0.499999999999996,0.651999999999997,0.821999999999997,0.914999999999997,1.085,1.237,1.407,1.5,1.652,1.822,1.915,2.085,2.237,2.407
395,395,0.236999999999997,0.406999999999996,0.499999999999996,0.651999999999997,0.821999999999997,0.914999999999997,1.085,1.237,1.407,1.5,1.652,1.822,1.915,2.085,2.237,2.407
396,396,0.499999999999996,0.669999999999996,0.821999999999997,0.914999999999997,1.085,1.237,1.407,1.5,1.67,1.822,1.915,2.085,2.237,2.407,2.5,2.67
397,397,0.499999999999996,0.669999999999996,0.821999999999997,0.914999999999997,1.085,1.237,1.407,1.5,1.67,1.822,1.915,2.085,2.237,2.407,2.5,2.67
398,398,0.821999999999997,0.991999999999996,1.085,1.237,1.407,1.5,1.67,1.822,1.992,2.085,2.237,2.407,2.5,2.67,2.822,2.992
399,399,0.821999999999997,0.991999999999996,1.085,1.237,1.407,1.5,1.67,1.822,1.992,2.085,2.237,2.407,2.5,2.67,2.822,2.992
400,400,0.084999999999996,0.254999999999996,0.406999999999996,0.499999999999996,0.669999999999996,0.821999999999997,0.991999999999996,1.085,1.255,1.407,1.5,1.67,1.822,1.992,2.085,2.255
401,401,0.084999999999996,0.254999999999996,0.406999999999996,0.499999999999996,0.669999999999996,0.821999999999997,0.991999999999996,1.085,1.255,1.407,1.5,1.67,1.822,1.992,2.085,2.255
402,402,0.406999999999996,0.576999999999996,0.669999999999996,0.821999999999997,0.991999999999996,1.085,1.255,1.407,1.577,1.67,1.822,1.992,2.085,2.255,2.407,2.577
403,403,0.406999999999996,0.576999999999996,0.669999999999996,0.821999999999997,0.991999999999996,1.085,1.255,1.407,1.577,1.67,1.822,1.992,2.085,2.255,2.407,2.577
404,404,0.669999999999996,0.839999999999996,0.991999999999996,1.085,1.255,1.407,1.577,1.67,1.84,1.992,2.085,2.255,2.407,2.577,2.67,2.84
405,405,0.669999999999996,0.839999999999996,0.991999999999996,1.085,1.255,1.407,1.577,1.67,1.84,1.992,2.085,2.255,2.407,2.577,2.67,2.84
406,406,0.991999999999996,1.162,1.255,1.407,1.577,1.67,1.84,1.992,2.162,2.255,2.407,2.577,2.67,2.84,2.992,3.162
407,407,0.991999999999996,1.162,1.255,1.407,1.577,1.67,1.84,1.992,2.162,2.255,2.407,2.577,2.67,2.84,2.992,3.162
408,408,0.254999999999996,0.424999999999996,0.576999999999996,0.669999999999996,0.839999999999996,0.991999999999996,1.162,1.255,1.425,1.577,1.67,1.84,1.992,2.162,2.255,2.425
409,409,0.254999999999996,0.424999999999996,0.576999999999996,0.669999999999996,0.839999999999996,0.991999999999996,1.162,1.255,1.425,1.577,1.67,1.84,1.992,2.162,2.255,2.425
410,410,0.576999999999996,0.746999999999996,0.839999999999996,0.991999999999996,1.162,1.255,1.425,1.577,1.747,1.84,1.992,2.162,2.255,2.425,2.577,2.747
411,411,0.576999999999996,0.746999999999996,0.839999999999996,0.991999999999996,1.162,1.255,1.425,1.577,1.747,1.84,1.992,2.162,2.255,2.425,2.577,2.747
412,412,0.839999999999996,1.01,1.162,1.255,1.425,1.577,1.747,1.84,2.01,2.162,2.255,2.425,2.577,2.747,2.84,3.01
413,413,0.839999999999996,1.01,1.162,1.255,1.425,1.577,1.747,1.84,2.01,2.162,2.255,2.425,2.577,2.747,2.84,3.01
414,414,0.161999999999996,0.331999999999996,0.424999999999996,0.576999999999996,0.746999999999996,0.839999999999996,1.01,1.162,1.332,1.425,1.577,1.747,1.84,2.01,2.162,2.332
415,415,0.161999999999996,0.331999999999996,0.424999999999996,0.576999999999996,0.746999999999996,0.839999999999996,1.01,1.162,1.332,1.425,1.577,1.747,1.84,2.01,2.162,2.332
416,416,0.424999999999996,0.594999999999996,0.746999999999996,0.839999999999996,1.01,1.162,1.332,1.425,1.595,1.747,1.84,2.01,2.162,2.332,2.425,2.595
417,417,0.424999999999996,0.594999999999996,0.746999999999996,0.839999999999996,1.01,1.162,1.332,1.425,1.595,1.747,1.84,2.01,2.162,2.332,2.425,2.595
418,418,0.746999999999996,0.916999999999996,1.01,1.162,1.332,1.425,1.595,1.747,1.917,2.01,2.162,2.332,2.425,2.595,2.747,2.917
419,419,0.746999999999996,0.916999999999996,1.01,1.162,1.332,1.425,1.595,1.747,1.917,2.01,2.162,2.332,2.425,2.595,2.747,2.917
420,420,0.009999999999996,0.179999999999996,0.331999999999996,0.424999999999996,0.594999999999996,0.746999999999996,0.916999999999996,1.01,1.18,1.332,1.425,1.595,1.747,1.917,2.01,2.18
421,421,0.009999999999996,0.179999999999996,0.331999999999996,0.424999999999996,0.594999999999996,0.746999999999996,0.916999999999996,1.01,1.18,1.332,1.425,1.595,1.747,1.917,2.01,2.18
422,422,0.331999999999996,0.501999999999996,0.594999999999996,0.746999999999996,0.916999999999996,1.01,1.18,1.332,1.502,1.595,1.747,1.917,2.01,2.18,2.332,2.502
423,423,0.331999999999996,0.501999999999996,0.594999999999996,0.746999999999996,0.916999999999996,1.01,1.18,1.332,1.502,1.595,1.747,1.917,2.01,2.18,2.332,2.502
424,424,0.594999999999996,0.764999999999996,0.916999999999996,1.01,1.18,1.332,1.502,1.595,1.765,1.917,2.01,2.18,2.332,2.502,2.595,2.765
425,425,0.594999999999996,0.764999999999996,0.916999999999996,1.01,1.18,1.332,1.502,1.595,1.765,1.917,2.01,2.18,2.332,2.502,2.595,2.765
426,426,0.916999999999996,1.087,1.18,1.332,1.502,1.595,1.765,1.917,2.087,2.18,2.332,2.502,2.595,2.765,2.917,3.087
427,427,0.916999999999996,1.087,1.18,1.332,1.502,1.595,1.765,1.917,2.087,2.18,2.332,2.502,2.595,2.765,2.917,3.087
428,428,0.179999999999996,0.349999999999996,0.501999999999996,0.594999999999996,0.764999999999996,0.916999999999996,1.087,1.18,1.35,1.502,1.595,1.765,1.917,2.087,2.18,2.35
429,429,0.179999999999996,0.349999999999996,0.501999999999996,0.594999999999996,0.764999999999996,0.916999999999996,1.087,1.18,1.35,1.502,1.595,1.765,1.917,2.087,2.18,2.35
430,430,0.501999999999996,0.671999999999996,0.764999999999996,0.916999999999996,1.087,1.18,1.35,1.502,1.672,1.765,1.917,2.087,2.18,2.35,2.502,2.672
431,431,0.501999999999996,0.671999999999996,0.764999999999996,0.916999999999996,1.087,1.18,1.35,1.502,1.672,1.765,1.917,2.087,2.18,2.35,2.502,2.672
432,432,0.764999999999996,0.934999999999996,1.087,1.18,1.35,1.502,1.672,1.765,1.935,2.087,2.18,2.35,2.502,2.672,2.765,2.935
433,433,0.764999999999996,0.934999999999996,1.087,1.18,1.35,1.502,1.672,1.765,1.935,2.087,2.18,2.35,2.502,2.672,2.765,2.935
434,434,0.086999999999996,0.256999999999996,0.349999999999996,0.501999999999996,0.671999999999996,0.764999999999996,0.934999999999996,1.087,1.257,1.35,1.502,1.672,1.765,1.935,2.087,2.257
435,435,0.086999999999996,0.256999999999996,0.349999999999996,0.501999999999996,0.671999999999996,0.764999999999996,0.934999999999996,1.087,1.257,1.35,1.502,1.672,1.765,1.935,2.087,2.257
436,436,0.349999999999996,0.519999999999996,0.671999999999996,0.764999999999996,0.934999999999996,1.087,1.257,1.35,1.52,1.672,1.765,1.935,2.087,2.257,2.35,2.52
437,437,0.349999999999996,0.519999999999996,0.671999999999996,0.764999999999996,0.934999999999996,1.087,1.257,1.35,1.52,1.672,1.765,1.935,2.087,2.257,2.35,2.52
438,438,0.671999999999996,0.841999999999996,0.934999999999996,1.087,1.257,1.35,1.52,1.672,1.842,1.935,2.087,2.257,2.35,2.52,2.672,2.842
439,439,0.671999999999996,0.841999999999996,0.934999999999996,1.087,1.257,1.35,1.52,1.672,1.842,1.935,2.087,2.257,2.35,2.52,2.672,2.842
440,440,0.934999999999996,1.105,1.257,1.35,1.52,1.672,1.842,1.935,2.105,2.257,2.35,2.52,2.672,2.842,2.935,3.105
441,441,0.934999999999996,1.105,1.257,1.35,1.52,1.672,1.842,1.935,2.105,2.257,2.35,2.52,2.672,2.842,2.935,3.105
442,442,0.256999999999996,0.426999999999996,0.519999999999996,0.671999999999996,0.841999999999996,0.934999999999996,1.105,1.257,1.427,1.52,1.672,1.842,1.935,2.105,2.257,2.427
443,443,0.256999999999996,0.426999999999996,0.519999999999996,0.671999999999996,0.841999999999996,0.934999999999996,1.105,1.257,1.427,1.52,1.672,1.842,1.935,2.105,2.257,2.427
444,444,0.519999999999996,0.689999999999996,0.841999999999996,0.934999999999996,1.105,1.257,1.427,1.52,1.69,1.842,1.935,2.105,2.257,2.427,2.52,2.69
445,445,0.519999999999996,0.689999999999996,0.841999999999996,0.934999999999996,1.105,1.257,1.427,1.52,1.69,1.842,1.935,2.105,2.257,2.427,2.52,2.69
446,446,0.841999999999996,1.012,1.105,1.257,1.427,1.52,1.69,1.842,2.012,2.105,2.257,2.427,2.52,2.69,2.842,3.012
447,447,0.841999999999996,1.012,1.105,1.257,1.427,1.52,1.69,1.842,2.012,2.105,2.257,2.427,2.52,2.69,2.842,3.012
448,448,0.104999999999996,0.274999999999996,0.426999999999996,0.519999999999996,0.689999999999996,0.841999999999996,1.012,1.105,1.275,1.427,1.52,1.69,1.842,2.012,2.105,2.275
449,449,0.104999999999996,0.274999999999996,0.426999999999996,0.519999999999996,0.689999999999996,0.841999999999996,1.012,1.105,1.275,1.427,1.52,1.69,1.842,2.012,2.105,2.275
450,450,0.426999999999996,0.596999999999996,0.689999999999996,0.841999999999996,1.012,1.105,1.275,1.427,1.597,1.69,1.842,2.012,2.105,2.275,2.427,2.597
451,451,0.426999999999996,0.596999999999996,0.689999999999996,0.841999999999996,1.012,1.105,1.275,1.427,1.597,1.69,1.842,2.012,2.105,2.275,2.427,2.597
452,452,0.689999999999996,0.859999999999996,1.012,1.105,1.275,1.427,1.597,1.69,1.86,2.012,2.105,2.275,2.427,2.597,2.69,2.86
453,453,0.689999999999996,0.859999999999996,1.012,1.105,1.275,1.427,1.597,1.69,1.86,2.012,2.105,2.275,2.427,2.597,2.69,2.86
454,454,0.011999999999996,0.181999999999996,0.274999999999996,0.426999999999996,0.596999999999996,0.689999999999996,0.859999999999996,1.012,1.182,1.275,1.427,1.597,1.69,1.86,2.012,2.182
455,455,0.011999999999996,0.181999999999996,0.274999999999996,0.426999999999996,0.596999999999996,0.689999999999996,0.859999999999996,1.012,1.182,1.275,1.427,1.597,1.69,1.86,2.012,2.182
456,456,0.274999999999996,0.444999999999996,0.596999999999996,0.689999999999996,0.859999999999996,1.012,1.182,1.275,1.445,1.597,1.69,1.86,2.012,2.182,2.275,2.445
457,457,0.274999999999996,0.444999999999996,0.596999999999996,0.689999999999996,0.859999999999996,1.012,1.182,1.275,1.445,1.597,1.69,1.86,2.012,2.182,2.275,2.445
458,458,0.596999999999996,0.766999999999996,0.859999999999996,1.012,1.182,1.275,1.445,1.597,1.767,1.86,2.012,2.182,2.275,2.445,2.597,2.767
459,459,0.596999999999996,0.766999999999996,0.859999999999996,1.012,1.182,1.275,1.445,1.597,1.767,1.86,2.012,2.182,2.275,2.445,2.597,2.767
460,460,0.859999999999996,1.03,1.182,1.275,1.445,1.597,1.767,1.86,2.03,2.182,2.275,2.445,2.597,2.767,2.86,3.03
461,461,0.859999999999996,1.03,1.182,1.275,1.445,1.597,1.767,1.86,2.03,2.182,2.275,2.445,2.597,2.767,2.86,3.03
462,462,0.181999999999996,0.351999999999996,0.444999999999996,0.596999999999996,0.766999999999996,0.859999999999996,1.03,1.182,1.352,1.445,1.597,1.767,1.86,2.03,2.182,2.352
463,463,0.181999999999996,0.351999999999996,0.444999999999996,0.596999999999996,0.766999999999996,0.859999999999996,1.03,1.182,1.352,1.445,1.597,1.767,1.86,2.03,2.182,2.352
464,464,0.444999999999996,0.614999999999996,0.766999999999996,0.859999999999996,1.03,1.182,1.352,1.445,1.615,1.767,1.86,2.03,2.182,2.352,2.445,2.615
465,465,0.444999999999996,0.614999999999996,0.766999999999996,0.859999999999996,1.03,1.182,1.352,1.445,1.615,1.767,1.86,2.03,2.182,2.352,2.445,2.615
466,466,0.766999999999996,0.936999999999996,1.03,1.182,1.352,1.445,1.615,1.767,1.937,2.03,2.182,2.352,2.445,2.615,2.767,2.937
467,467,0.766999999999996,0.936999999999996,1.03,1.182,1.352,1.445,1.615,1.767,1.937,2.03,2.182,2.352,2.445,2.615,2.767,2.937
468,468,0.029999999999996,0.199999999999996,0.351999999999996,0.444999999999996,0.614999999999996,0.766999999999996,0.936999999999996,1.03,1.2,1.352,1.445,1.615,1.767,1.937,2.03,2.2
469,469,0.029999999999996,0.199999999999996,0.351999999999996,0.444999999999996,0.614999999999996,0.766999999999996,0.936999999999996,1.03,1.2,1.352,1.445,1.615,1.767,1.937,2.03,2.2
470,470,0.351999999999996,0.521999999999996,0.614999999999996,0.766999999999996,0.936999999999996,1.03,1.2,1.352,1.522,1.615,1.767,1.937,2.03,2.2,2.352,2.522
471,471,0.351999999999996,0.521999999999996,0.614999999999996,0.766999999999996,0.936999999999996,1.03,1.2,1.352,1.522,1.615,1.767,1.937,2.03,2.2,2.352,2.522
472,472,0.614999999999996,0.784999999999996,0.936999999999996,1.03,1.2,1.352,1.522,1.615,1.785,1.937,2.03,2.2,2.352,2.522,2.615,2.785
473,473,0.614999999999996,0.784999999999996,0.936999999999996,1.03,1.2,1.352,1.522,1.615,1.785,1.937,2.03,2.2,2.352,2.522,2.615,2.785
474,474,0.936999999999996,1.107,1.2,1.352,1.522,1.615,1.785,1.937,2.107,2.2,2.352,2.522,2.615,2.785,2.937,3.107
475,475,0.936999999999996,1.107,1.2,1.352,1.522,1.615,1.785,1.937,2.107,2.2,2.352,2.522,2.615,2.785,2.937,3.107
476,476,0.199999999999996,0.369999999999996,0.521999999999996,0.614999999999996,0.784999999999996,0.936999999999996,1.107,1.2,1.37,1.522,1.615,1.785,1.937,2.107,2.2,2.37
477,477,0.199999999999996,0.369999999999996,0.521999999999996,0.614999999999996,0.784999999999996,0.936999999999996,1.107,1.2,1.37,1.522,1.615,1.785,1.937,2.107,2.2,2.37
478,478,0.521999999999996,0.691999999999996,0.784999999999996,0.936999999999996,1.107,1.2,1.37,1.522,1.692,1.785,1.937,2.107,2.2,2.37,2.522,2.692
479,479,0.521999999999996,0.691999999999996,0.784999999999996,0.936999999999996,1.107,1.2,1.37,1.522,1.692,1.785,1.937,2.107,2.2,2.37,2.522,2.692
480,480,0.784999999999996,0.954999999999996,1.107,1.2,1.37,1.522,1.692,1.785,1.955,2.107,2.2,2.37,2.522,2.692,2.785,2.955
481,481,0.784999999999996,0.954999999999996,1.107,1.2,1.37,1.522,1.692,1.785,1.955,2.107,2.2,2.37,2.522,2.692,2.785,2.955
482,482,0.106999999999996,0.276999999999996,0.369999999999996,0.521999999999996,0.691999999999996,0.784999999999996,0.954999999999996,1.107,1.277,1.37,1.522,1.692,1.785,1.955,2.107,2.277
483,483,0.106999999999996,0.276999999999996,0.369999999999996,0.521999999999996,0.691999999999996,0.784999999999996,0.954999999999996,1.107,1.277,1.37,1.522,1.692,1.785,1.955,2.107,2.277
484,484,0.369999999999996,0.539999999999996,0.691999999999996,0.784999999999996,0.954999999999996,1.107,1.277,1.37,1.54,1.692,1.785,1.955,2.107,2.277,2.37,2.54
485,485,0.369999999999996,0.539999999999996,0.691999999999996,0.784999999999996,0.954999999999996,1.107,1.277,1.37,1.54,1.692,1.785,1.955,2.107,2.277,2.37,2.54
486,486,0.691999999999996,0.861999999999996,0.954999999999996,1.107,1.277,1.37,1.54,1.692,1.862,1.955,2.107,2.277,2.37,2.54,2.692,2.862
487,487,0.691999999999996,0.861999999999996,0.954999999999996,1.107,1.277,1.37,1.54,1.692,1.862,1.955,2.107,2.277,2.37,2.54,2.692,2.862
488,488,0.954999999999996,1.125,1.277,1.37,1.54,1.692,1.862,1.955,2.125,2.277,2.37,2.54,2.692,2.862,2.955,3.125
489,489,0.954999999999996,1.125,1.277,1.37,1.54,1.692,1.862,1.955,2.125,2.277,2.37,2.54,2.692,2.862,2.955,3.125
490,490,0.276999999999996,0.446999999999996,0.539999999999996,0.691999999999996,0.861999999999996,0.954999999999996,1.125,1.277,1.447,1.54,1.692,1.862,1.955,2.125,2.277,2.447
491,491,0.276999999999996,0.446999999999996,0.539999999999996,0.691999999999996,0.861999999999996,0.954999999999996,1.125,1.277,1.447,1.54,1.692,1.862,1.955,2.125,2.277,2.447
492,492,0.539999999999996,0.709999999999996,0.861999999999996,0.954999999999996,1.125,1.277,1.447,1.54,1.71,1.862,1.955,2.125,2.277,2.447,2.54,2.71
493,493,0.539999999999996,0.709999999999996,0.861999999999996,0.954999999999996,1.125,1.277,1.447,1.54,1.71,1.862,1.955,2.125,2.277,2.447,2.54,2.71
494,494,0.861999999999996,1.032,1.125,1.277,1.447,1.54,1.71,1.862,2.032,2.125,2.277,2.447,2.54,2.71,2.862,3.032
495,495,0.861999999999996,1.032,1.125,1.277,1.447,1.54,1.71,1.862,2.032,2.125,2.277,2.447,2.54,2.71,2.862,3.032
496,496,0.124999999999996,0.294999999999995,0.446999999999996,0.539999999999996,0.709999999999996,0.861999999999996,1.032,1.125,1.295,1.447,1.54,1.71,1.862,2.032,2.125,2.29499999999999
497,497,0.124999999999996,0.294999999999995,0.446999999999996,0.539999999999996,0.709999999999996,0.861999999999996,1.032,1.125,1.295,1.447,1.54,1.71,1.862,2.032,2.125,2.29499999999999
498,498,0.446999999999996,0.616999999999996,0.709999999999996,0.861999999999996,1.032,1.125,1.295,1.447,1.617,1.71,1.862,2.032,2.125,2.29499999999999,2.447,2.617
499,499,0.446999999999996,0.616999999999996,0.709999999999996,0.861999999999996,1.032,1.125,1.295,1.447,1.617,1.71,1.862,2.032,2.125,2.29499999999999,2.447,2.617
500,500,0.709999999999996,0.879999999999995,1.032,1.125,1.295,1.447,1.617,1.71,1.88,2.032,2.125,2.29499999999999,2.447,2.617,2.71,2.87999999999999
501,501,0.709999999999996,0.879999999999995,1.032,1.125,1.295,1.447,1.617,1.71,1.88,2.032,2.125,2.29499999999999,2.447,2.617,2.71,2.87999999999999
502,502,0.031999999999996,0.201999999999996,0.294999999999995,0.446999999999996,0.616999999999996,0.709999999999996,0.879999999999995,1.032,1.202,1.295,1.447,1.617,1.71,1.88,2.032,2.202
503,503,0.031999999999996,0.201999999999996,0.294999999999995,0.446999999999996,0.616999999999996,0.709999999999996,0.879999999999995,1.032,1.202,1.295,1.447,1.617,1.71,1.88,2.032,2.202
504,504,0.294999999999995,0.464999999999995,0.616999999999996,0.709999999999996,0.879999999999995,1.032,1.202,1.295,1.465,1.617,1.71,1.88,2.032,2.202,2.29499999999999,2.46499999999999
505,505,0.294999999999995,0.464999999999995,0.616999999999996,0.709999999999996,0.879999999999995,1.032,1.202,1.295,1.465,1.617,1.71,1.88,2.032,2.202,2.29499999999999,2.46499999999999
506,506,0.616999999999996,0.786999999999996,0.879999999999995,1.032,1.202,1.295,1.465,1.617,1.787,1.88,2.032,2.202,2.29499999999999,2.46499999999999,2.617,2.787
507,507,0.616999999999996,0.786999999999996,0.879999999999995,1.032,1.202,1.295,1.465,1.617,1.787,1.88,2.032,2.202,2.29499999999999,2.46499999999999,2.617,2.787
508,508,0.879999999999995,1.05,1.202,1.295,1.465,1.617,1.787,1.88,2.05,2.202,2.29499999999999,2.46499999999999,2.617,2.787,2.87999999999999,3.05
509,509,0.879999999999995,1.05,1.202,1.295,1.465,1.617,1.787,1.88,2.05,2.202,2.29499999999999,2.46499999999999,2.617,2.787,2.87999999999999,3.05
510,510,0.201999999999996,0.371999999999995,0.464999999999995,0.616999999999996,0.786999999999996,0.879999999999995,1.05,1.202,1.372,1.465,1.617,1.787,1.88,2.05,2.202,2.37199999999999
511,511,0.201999999999996,0.371999999999995,0.464999999999995,0.616999999999996,0.786999999999996,0.879999999999995,1.05,1.202,1.372,1.465,1.617,1.787,1.88,2.05,2.202,2.37199999999999
512,512,0.464999999999995,0.634999999999995,0.786999999999996,0.879999999999995,1.05,1.202,1.372,1.465,1.63499999999999,1.787,1.88,2.05,2.202,2.37199999999999,2.46499999999999,2.63499999999999
513,513,0.464999999999995,0.634999999999995,0.786999999999996,0.879999999999995,1.05,1.202,1.372,1.465,1.63499999999999,1.787,1.88,2.05,2.202,2.37199999999999,2.46499999999999,2.63499999999999
514,514,0.786999999999996,0.956999999999995,1.05,1.202,1.372,1.465,1.63499999999999,1.787,1.957,2.05,2.202,2.37199999999999,2.46499999999999,2.63499999999999,2.787,2.95699999999999
515,515,0.786999999999996,0.956999999999995,1.05,1.202,1.372,1.465,1.63499999999999,1.787,1.957,2.05,2.202,2.37199999999999,2.46499999999999,2.63499999999999,2.787,2.95699999999999
516,516,0.049999999999995,0.219999999999995,0.371999999999995,0.464999999999995,0.634999999999995,0.786999999999996,0.956999999999995,1.05,1.22,1.372,1.465,1.63499999999999,1.787,1.957,2.05,2.22
517,517,0.049999999999995,0.219999999999995,0.371999999999995,0.464999999999995,0.634999999999995,0.786999999999996,0.956999999999995,1.05,1.22,1.372,1.465,1.63499999999999,1.787,1.957,2.05,2.22
518,518,0.371999999999995,0.541999999999995,0.634999999999995,0.786999999999996,0.956999999999995,1.05,1.22,1.372,1.54199999999999,1.63499999999999,1.787,1.957,2.05,2.22,2.37199999999999,2.54199999999999
519,519,0.371999999999995,0.541999999999995,0.634999999999995,0.786999999999996,0.956999999999995,1.05,1.22,1.372,1.54199999999999,1.63499999999999,1.787,1.957,2.05,2.22,2.37199999999999,2.54199999999999
520,520,0.634999999999995,0.804999999999995,0.956999999999995,1.05,1.22,1.372,1.54199999999999,1.63499999999999,1.805,1.957,2.05,2.22,2.37199999999999,2.54199999999999,2.63499999999999,2.805
521,521,0.634999999999995,0.804999999999995,0.956999999999995,1.05,1.22,1.372,1.54199999999999,1.63499999999999,1.805,1.957,2.05,2.22,2.37199999999999,2.54199999999999,2.63499999999999,2.805
522,522,0.956999999999995,1.127,1.22,1.372,1.54199999999999,1.63499999999999,1.805,1.957,2.12699999999999,2.22,2.37199999999999,2.54199999999999,2.63499999999999,2.805,2.95699999999999,3.12699999999999
523,523,0.956999999999995,1.127,1.22,1.372,1.54199999999999,1.63499999999999,1.805,1.957,2.12699999999999,2.22,2.37199999999999,2.54199999999999,2.63499999999999,2.805,2.95699999999999,3.12699999999999
524,524,0.219999999999995,0.389999999999995,0.541999999999995,0.634999999999995,0.804999999999995,0.956999999999995,1.127,1.22,1.39,1.54199999999999,1.63499999999999,1.805,1.957,2.12699999999999,2.22,2.39
525,525,0.219999999999995,0.389999999999995,0.541999999999995,0.634999999999995,0.804999999999995,0.956999999999995,1.127,1.22,1.39,1.54199999999999,1.63499999999999,1.805,1.957,2.12699999999999,2.22,2.39
526,526,0.541999999999995,0.711999999999995,0.804999999999995,0.956999999999995,1.127,1.22,1.39,1.54199999999999,1.71199999999999,1.805,1.957,2.12699999999999,2.22,2.39,2.54199999999999,2.71199999999999
527,527,0.541999999999995,0.711999999999995,0.804999999999995,0.956999999999995,1.127,1.22,1.39,1.54199999999999,1.71199999999999,1.805,1.957,2.12699999999999,2.22,2.39,2.54199999999999,2.71199999999999
528,528,0.804999999999995,0.974999999999995,1.127,1.22,1.39,1.54199999999999,1.71199999999999,1.805,1.975,2.12699999999999,2.22,2.39,2.54199999999999,2.71199999999999,2.805,2.975
529,529,0.804999999999995,0.974999999999995,1.127,1.22,1.39,1.54199999999999,1.71199999999999,1.805,1.975,2.12699999999999,2.22,2.39,2.54199999999999,2.71199999999999,2.805,2.975
530,530,0.126999999999995,0.296999999999995,0.389999999999995,0.541999999999995,0.711999999999995,0.804999999999995,0.974999999999995,1.127,1.297,1.39,1.54199999999999,1.71199999999999,1.805,1.975,2.12699999999999,2.297
531,531,0.126999999999995,0.296999999999995,0.389999999999995,0.541999999999995,0.711999999999995,0.804999999999995,0.974999999999995,1.127,1.297,1.39,1.54199999999999,1.71199999999999,1.805,1.975,2.12699999999999,2.297
532,532,0.389999999999995,0.559999999999995,0.711999999999995,0.804999999999995,0.974999999999995,1.127,1.297,1.39,1.56,1.71199999999999,1.805,1.975,2.12699999999999,2.297,2.39,2.56
533,533,0.389999999999995,0.559999999999995,0.711999999999995,0.804999999999995,0.974999999999995,1.127,1.297,1.39,1.56,1.71199999999999,1.805,1.975,2.12699999999999,2.297,2.39,2.56
534,534,0.711999999999995,0.881999999999995,0.974999999999995,1.127,1.297,1.39,1.56,1.71199999999999,1.882,1.975,2.12699999999999,2.297,2.39,2.56,2.71199999999999,2.882
535,535,0.711999999999995,0.881999999999995,0.974999999999995,1.127,1.297,1.39,1.56,1.71199999999999,1.882,1.975,2.12699999999999,2.297,2.39,2.56,2.71199999999999,2.882
536,536,0.974999999999995,1.145,1.297,1.39,1.56,1.71199999999999,1.882,1.975,2.145,2.297,2.39,2.56,2.71199999999999,2.882,2.975,3.145
537,537,0.974999999999995,1.145,1.297,1.39,1.56,1.71199999999999,1.882,1.975,2.145,2.297,2.39,2.56,2.71199999999999,2.882,2.975,3.145
538,538,0.296999999999995,0.466999999999995,0.559999999999995,0.711999999999995,0.881999999999995,0.974999999999995,1.145,1.297,1.467,1.56,1.71199999999999,1.882,1.975,2.145,2.297,2.467
539,539,0.296999999999995,0.466999999999995,0.559999999999995,0.711999999999995,0.881999999999995,0.974999999999995,1.145,1.297,1.467,1.56,1.71199999999999,1.882,1.975,2.145,2.297,2.467
540,540,0.559999999999995,0.729999999999995,0.881999999999995,0.974999999999995,1.145,1.297,1.467,1.56,1.73,1.882,1.975,2.145,2.297,2.467,2.56,2.72999999999999
541,541,0.559999999999995,0.729999999999995,0.881999999999995,0.974999999999995,1.145,1.297,1.467,1.56,1.73,1.882,1.975,2.145,2.297,2.467,2.56,2.72999999999999
542,542,0.881999999999995,1.052,1.145,1.297,1.467,1.56,1.73,1.882,2.052,2.145,2.297,2.467,2.56,2.72999999999999,2.882,3.052
543,543,0.881999999999995,1.052,1.145,1.297,1.467,1.56,1.73,1.882,2.052,2.145,2.297,2.467,2.56,2.72999999999999,2.882,3.052
544,544,0.144999999999995,0.314999999999995,0.466999999999995,0.559999999999995,0.729999999999995,0.881999999999995,1.052,1.145,1.315,1.467,1.56,1.73,1.882,2.052,2.145,2.31499999999999
545,545,0.144999999999995,0.314999999999995,0.466999999999995,0.559999999999995,0.729999999999995,0.881999999999995,1.052,1.145,1.315,1.467,1.56,1.73,1.882,2.052,2.145,2.31499999999999
546,546,0.466999999999995,0.636999999999995,0.729999999999995,0.881999999999995,1.052,1.145,1.315,1.467,1.637,1.73,1.882,2.052,2.145,2.31499999999999,2.467,2.637
547,547,0.466999999999995,0.636999999999995,0.729999999999995,0.881999999999995,1.052,1.145,1.315,1.467,1.637,1.73,1.882,2.052,2.145,2.31499999999999,2.467,2.637
548,548,0.729999999999995,0.899999999999995,1.052,1.145,1.315,1.467,1.637,1.73,1.9,2.052,2.145,2.31499999999999,2.467,2.637,2.72999999999999,2.9
549,549,0.729999999999995,0.899999999999995,1.052,1.145,1.315,1.467,1.637,1.73,1.9,2.052,2.145,2.31499999999999,2.467,2.637,2.72999999999999,2.9
550,550,0.051999999999995,0.221999999999995,0.314999999999995,0.466999999999995,0.636999999999995,0.729999999999995,0.899999999999995,1.052,1.222,1.315,1.467,1.637,1.73,1.9,2.052,2.22199999999999
551,551,0.051999999999995,0.221999999999995,0.314999999999995,0.466999999999995,0.636999999999995,0.729999999999995,0.899999999999995,1.052,1.222,1.315,1.467,1.637,1.73,1.9,2.052,2.22199999999999
552,552,0.314999999999995,0.484999999999995,0.636999999999995,0.729999999999995,0.899999999999995,1.052,1.222,1.315,1.485,1.637,1.73,1.9,2.052,2.22199999999999,2.31499999999999,2.48499999999999
553,553,0.314999999999995,0.484999999999995,0.636999999999995,0.729999999999995,0.899999999999995,1.052,1.222,1.315,1.485,1.637,1.73,1.9,2.052,2.22199999999999,2.31499999999999,2.48499999999999
554,554,0.636999999999995,0.806999999999995,0.899999999999995,1.052,1.222,1.315,1.485,1.637,1.807,1.9,2.052,2.22199999999999,2.31499999999999,2.48499999999999,2.637,2.807
555,555,0.636999999999995,0.806999999999995,0.899999999999995,1.052,1.222,1.315,1.485,1.637,1.807,1.9,2.052,2.22199999999999,2.31499999999999,2.48499999999999,2.637,2.807
556,556,0.899999999999995,1.07,1.222,1.315,1.485,1.637,1.807,1.9,2.06999999999999,2.22199999999999,2.31499999999999,2.48499999999999,2.637,2.807,2.9,3.06999999999999
557,557,0.899999999999995,1.07,1.222,1.315,1.485,1.637,1.807,1.9,2.06999999999999,2.22199999999999,2.31499999999999,2.48499999999999,2.637,2.807,2.9,3.06999999999999
558,558,0.221999999999995,0.391999999999995,0.484999999999995,0.636999999999995,0.806999999999995,0.899999999999995,1.07,1.222,1.392,1.485,1.637,1.807,1.9,2.06999999999999,2.22199999999999,2.39199999999999
559,559,0.221999999999995,0.391999999999995,0.484999999999995,0.636999999999995,0.806999999999995,0.899999999999995,1.07,1.222,1.392,1.485,1.637,1.807,1.9,2.06999999999999,2.22199999999999,2.39199999999999
560,560,0.484999999999995,0.654999999999995,0.806999999999995,0.899999999999995,1.07,1.222,1.392,1.485,1.655,1.807,1.9,2.06999999999999,2.22199999999999,2.39199999999999,2.48499999999999,2.65499999999999
561,561,0.484999999999995,0.654999999999995,0.806999999999995,0.899999999999995,1.07,1.222,1.392,1.485,1.655,1.807,1.9,2.06999999999999,2.22199999999999,2.39199999999999,2.48499999999999,2.65499999999999
562,562,0.806999999999995,0.976999999999995,1.07,1.222,1.392,1.485,1.655,1.807,1.977,2.06999999999999,2.22199999999999,2.39199999999999,2.48499999999999,2.65499999999999,2.807,2.97699999999999
563,563,0.806999999999995,0.976999999999995,1.07,1.222,1.392,1.485,1.655,1.807,1.977,2.06999999999999,2.22199999999999,2.39199999999999,2.48499999999999,2.65499999999999,2.807,2.97699999999999
564,564,0.069999999999995,0.239999999999995,0.391999999999995,0.484999999999995,0.654999999999995,0.806999999999995,0.976999999999995,1.07,1.24,1.392,1.485,1.655,1.807,1.977,2.06999999999999,2.23999999999999
565,565,0.069999999999995,0.239999999999995,0.391999999999995,0.484999999999995,0.654999999999995,0.806999999999995,0.976999999999995,1.07,1.24,1.392,1.485,1.655,1.807,1.977,2.06999999999999,2.23999999999999
566,566,0.391999999999995,0.561999999999995,0.654999999999995,0.806999999999995,0.976999999999995,1.07,1.24,1.392,1.562,1.655,1.807,1.977,2.06999999999999,2.23999999999999,2.39199999999999,2.56199999999999
567,567,0.391999999999995,0.561999999999995,0.654999999999995,0.806999999999995,0.976999999999995,1.07,1.24,1.392,1.562,1.655,1.807,1.977,2.06999999999999,2.23999999999999,2.39199999999999,2.56199999999999
568,568,0.654999999999995,0.824999999999995,0.976999999999995,1.07,1.24,1.392,1.562,1.655,1.825,1.977,2.06999999999999,2.23999999999999,2.39199999999999,2.56199999999999,2.65499999999999,2.82499999999999
569,569,0.654999999999995,0.824999999999995,0.976999999999995,1.07,1.24,1.392,1.562,1.655,1.825,1.977,2.06999999999999,2.23999999999999,2.39199999999999,2.56199999999999,2.65499999999999,2.82499999999999
570,570,0.976999999999995,1.147,1.24,1.392,1.562,1.655,1.825,1.977,2.14699999999999,2.23999999999999,2.39199999999999,2.56199999999999,2.65499999999999,2.82499999999999,2.97699999999999,3.14699999999999
571,571,0.976999999999995,1.147,1.24,1.392,1.562,1.655,1.825,1.977,2.14699999999999,2.23999999999999,2.39199999999999,2.56199999999999,2.65499999999999,2.82499999999999,2.97699999999999,3.14699999999999
572,572,0.239999999999995,0.409999999999995,0.561999999999995,0.654999999999995,0.824999999999995,0.976999999999995,1.147,1.24,1.41,1.562,1.655,1.825,1.977,2.14699999999999,2.23999999999999,2.40999999999999
573,573,0.239999999999995,0.409999999999995,0.561999999999995,0.654999999999995,0.824999999999995,0.976999999999995,1.147,1.24,1.41,1.562,1.655,1.825,1.977,2.14699999999999,2.23999999999999,2.40999999999999
574,574,0.561999999999995,0.731999999999995,0.824999999999995,0.976999999999995,1.147,1.24,1.41,1.562,1.732,1.825,1.977,2.14699999999999,2.23999999999999,2.40999999999999,2.56199999999999,2.73199999999999
575,575,0.561999999999995,0.731999999999995,0.824999999999995,0.976999999999995,1.147,1.24,1.41,1.562,1.732,1.825,1.977,2.14699999999999,2.23999999999999,2.40999999999999,2.56199999999999,2.73199999999999
576,576,0.824999999999995,0.994999999999995,1.147,1.24,1.41,1.562,1.732,1.825,1.995,2.14699999999999,2.23999999999999,2.40999999999999,2.56199999999999,2.73199999999999,2.82499999999999,2.99499999999999
577,577,0.824999999999995,0.994999999999995,1.147,1.24,1.41,1.562,1.732,1.825,1.995,2.14699999999999,2.23999999999999,2.40999999999999,2.56199999999999,2.73199999999999,2.82499999999999,2.99499999999999
578,578,0.146999999999995,0.316999999999995,0.409999999999995,0.561999999999995,0.731999999999995,0.824999999999995,0.994999999999995,1.147,1.317,1.41,1.562,1.732,1.825,1.995,2.14699999999999,2.31699999999999
579,579,0.146999999999995,0.316999999999995,0.409999999999995,0.561999999999995,0.731999999999995,0.824999999999995,0.994999999999995,1.147,1.317,1.41,1.562,1.732,1.825,1.995,2.14699999999999,2.31699999999999
580,580,0.409999999999995,0.579999999999995,0.731999999999995,0.824999999999995,0.994999999999995,1.147,1.317,1.41,1.58,1.732,1.825,1.995,2.14699999999999,2.31699999999999,2.40999999999999,2.57999999999999
581,581,0.409999999999995,0.579999999999995,0.731999999999995,0.824999999999995,0.994999999999995,1.147,1.317,1.41,1.58,1.732,1.825,1.995,2.14699999999999,2.31699999999999,2.40999999999999,2.57999999999999
582,582,0.731999999999995,0.901999999999995,0.994999999999995,1.147,1.317,1.41,1.58,1.732,1.902,1.995,2.14699999999999,2.31699999999999,2.40999999999999,2.57999999999999,2.73199999999999,2.90199999999999
583,583,0.731999999999995,0.901999999999995,0.994999999999995,1.147,1.317,1.41,1.58,1.732,1.902,1.995,2.14699999999999,2.31699999999999,2.40999999999999,2.57999999999999,2.73199999999999,2.90199999999999
584,584,0.994999999999995,1.165,1.317,1.41,1.58,1.732,1.902,1.995,2.16499999999999,2.31699999999999,2.40999999999999,2.57999999999999,2.73199999999999,2.90199999999999,2.99499999999999,3.16499999999999
585,585,0.994999999999995,1.165,1.317,1.41,1.58,1.732,1.902,1.995,2.16499999999999,2.31699999999999,2.40999999999999,2.57999999999999,2.73199999999999,2.90199999999999,2.99499999999999,3.16499999999999
586,586,0.316999999999995,0.486999999999995,0.579999999999995,0.731999999999995,0.901999999999995,0.994999999999995,1.165,1.317,1.487,1.58,1.732,1.902,1.995,2.16499999999999,2.31699999999999,2.48699999999999
587,587,0.316999999999995,0.486999999999995,0.579999999999995,0.731999999999995,0.901999999999995,0.994999999999995,1.165,1.317,1.487,1.58,1.732,1.902,1.995,2.16499999999999,2.31699999999999,2.48699999999999
588,588,0.579999999999995,0.749999999999995,0.901999999999995,0.994999999999995,1.165,1.317,1.487,1.58,1.75,1.902,1.995,2.16499999999999,2.31699999999999,2.48699999999999,2.57999999999999,2.75
589,589,0.579999999999995,0.749999999999995,0.901999999999995,0.994999999999995,1.165,1.317,1.487,1.58,1.75,1.902,1.995,2.16499999999999,2.31699999999999,2.48699999999999,2.57999999999999,2.75
590,590,0.901999999999995,1.07199999999999,1.165,1.317,1.487,1.58,1.75,1.902,2.07199999999999,2.16499999999999,2.31699999999999,2.48699999999999,2.57999999999999,2.75,2.90199999999999,3.07199999999999
591,591,0.901999999999995,1.07199999999999,1.165,1.317,1.487,1.58,1.75,1.902,2.07199999999999,2.16499999999999,2.31699999999999,2.48699999999999,2.57999999999999,2.75,2.90199999999999,3.07199999999999
592,592,0.164999999999995,0.334999999999995,0.486999999999995,0.579999999999995,0.749999999999995,0.901999999999995,1.07199999999999,1.165,1.335,1.487,1.58,1.75,1.902,2.07199999999999,2.16499999999999,2.33499999999999
593,593,0.164999999999995,0.334999999999995,0.486999999999995,0.579999999999995,0.749999999999995,0.901999999999995,1.07199999999999,1.165,1.335,1.487,1.58,1.75,1.902,2.07199999999999,2.16499999999999,2.33499999999999
594,594,0.486999999999995,0.656999999999995,0.749999999999995,0.901999999999995,1.07199999999999,1.165,1.335,1.487,1.657,1.75,1.902,2.07199999999999,2.16499999999999,2.33499999999999,2.48699999999999,2.657
595,595,0.486999999999995,0.656999999999995,0.749999999999995,0.901999999999995,1.07199999999999,1.165,1.335,1.487,1.657,1.75,1.902,2.07199999999999,2.16499999999999,2.33499999999999,2.48699999999999,2.657
596,596,0.749999999999995,0.919999999999995,1.07199999999999,1.165,1.335,1.487,1.657,1.75,1.92,2.07199999999999,2.16499999999999,2.33499999999999,2.48699999999999,2.657,2.75,2.91999999999999
597,597,0.749999999999995,0.919999999999995,1.07199999999999,1.165,1.335,1.487,1.657,1.75,1.92,2.07199999999999,2.16499999999999,2.33499999999999,2.48699999999999,2.657,2.75,2.91999999999999
598,598,0.071999999999995,0.241999999999995,0.334999999999995,0.486999999999995,0.656999999999995,0.749999999999995,0.919999999999995,1.07199999999999,1.242,1.335,1.487,1.657,1.75,1.92,2.07199999999999,2.24199999999999
599,599,0.071999999999995,0.241999999999995,0.334999999999995,0.486999999999995,0.656999999999995,0.749999999999995,0.919999999999995,1.07199999999999,1.242,1.335,1.487,1.657,1.75,1.92,2.07199999999999,2.24199999999999
600,600,0.334999999999995,0.504999999999995,0.656999999999995,0.749999999999995,0.919999999999995,1.07199999999999,1.242,1.335,1.505,1.657,1.75,1.92,2.07199999999999,2.24199999999999,2.33499999999999,2.50499999999999
601,601,0.334999999999995,0.504999999999995,0.656999999999995,0.749999999999995,0.919999999999995,1.07199999999999,1.242,1.335,1.505,1.657,1.75,1.92,2.07199999999999,2.24199999999999,2.33499999999999,2.50499999999999
602,602,0.656999999999995,0.826999999999995,0.919999999999995,1.07199999999999,1.242,1.335,1.505,1.657,1.827,1.92,2.07199999999999,2.24199999999999,2.33499999999999,2.50499999999999,2.657,2.82699999999999
603,603,0.656999999999995,0.826999999999995,0.919999999999995,1.07199999999999,1.242,1.335,1.505,1.657,1.827,1.92,2.07199999999999,2.24199999999999,2.33499999999999,2.50499999999999,2.657,2.82699999999999
604,604,0.919999999999995,1.08999999999999,1.242,1.335,1.505,1.657,1.827,1.92,2.08999999999999,2.24199999999999,2.33499999999999,2.50499999999999,2.657,2.82699999999999,2.91999999999999,3.08999999999999
605,605,0.919999999999995,1.08999999999999,1.242,1.335,1.505,1.657,1.827,1.92,2.08999999999999,2.24199999999999,2.33499999999999,2.50499999999999,2.657,2.82699999999999,2.91999999999999,3.08999999999999
606,606,0.241999999999995,0.411999999999995,0.504999999999995,0.656999999999995,0.826999999999995,0.919999999999995,1.08999999999999,1.242,1.412,1.505,1.657,1.827,1.92,2.08999999999999,2.24199999999999,2.41199999999999
607,607,0.241999999999995,0.411999999999995,0.504999999999995,0.656999999999995,0.826999999999995,0.919999999999995,1.08999999999999,1.242,1.412,1.505,1.657,1.827,1.92,2.08999999999999,2.24199999999999,2.41199999999999
608,608,0.504999999999995,0.674999999999995,0.826999999999995,0.919999999999995,1.08999999999999,1.242,1.412,1.505,1.675,1.827,1.92,2.08999999999999,2.24199999999999,2.41199999999999,2.50499999999999,2.67499999999999
609,609,0.504999999999995,0.674999999999995,0.826999999999995,0.919999999999995,1.08999999999999,1.242,1.412,1.505,1.675,1.827,1.92,2.08999999999999,2.24199999999999,2.41199999999999,2.50499999999999,2.67499999999999
610,610,0.826999999999995,0.996999999999995,1.08999999999999,1.242,1.412,1.505,1.675,1.827,1.997,2.08999999999999,2.24199999999999,2.41199999999999,2.50499999999999,2.67499999999999,2.82699999999999,2.99699999999999
611,611,0.826999999999995,0.996999999999995,1.08999999999999,1.242,1.412,1.505,1.675,1.827,1.997,2.08999999999999,2.24199999999999,2.41199999999999,2.50499999999999,2.67499999999999,2.82699999999999,2.99699999999999
612,612,0.089999999999995,0.259999999999994,0.411999999999995,0.504999999999995,0.674999999999995,0.826999999999995,0.996999999999995,1.08999999999999,1.25999999999999,1.412,1.505,1.675,1.827,1.997,2.08999999999999,2.25999999999999
613,613,0.089999999999995,0.259999999999994,0.411999999999995,0.504999999999995,0.674999999999995,0.826999999999995,0.996999999999995,1.08999999999999,1.25999999999999,1.412,1.505,1.675,1.827,1.997,2.08999999999999,2.25999999999999
614,614,0.411999999999995,0.581999999999995,0.674999999999995,0.826999999999995,0.996999999999995,1.08999999999999,1.25999999999999,1.412,1.582,1.675,1.827,1.997,2.08999999999999,2.25999999999999,2.41199999999999,2.58199999999999
615,615,0.411999999999995,0.581999999999995,0.674999999999995,0.826999999999995,0.996999999999995,1.08999999999999,1.25999999999999,1.412,1.582,1.675,1.827,1.997,2.08999999999999,2.25999999999999,2.41199999999999,2.58199999999999
616,616,0.674999999999995,0.844999999999994,0.996999999999995,1.08999999999999,1.25999999999999,1.412,1.582,1.675,1.84499999999999,1.997,2.08999999999999,2.25999999999999,2.41199999999999,2.58199999999999,2.67499999999999,2.84499999999999
617,617,0.674999999999995,0.844999999999994,0.996999999999995,1.08999999999999,1.25999999999999,1.412,1.582,1.675,1.84499999999999,1.997,2.08999999999999,2.25999999999999,2.41199999999999,2.58199999999999,2.67499999999999,2.84499999999999
618,618,0.996999999999995,1.167,1.25999999999999,1.412,1.582,1.675,1.84499999999999,1.997,2.16699999999999,2.25999999999999,2.41199999999999,2.58199999999999,2.67499999999999,2.84499999999999,2.99699999999999,3.16699999999999
619,619,0.996999999999995,1.167,1.25999999999999,1.412,1.582,1.675,1.84499999999999,1.997,2.16699999999999,2.25999999999999,2.41199999999999,2.58199999999999,2.67499999999999,2.84499999999999,2.99699999999999,3.16699999999999
620,620,0.259999999999994,0.429999999999994,0.581999999999995,0.674999999999995,0.844999999999994,0.996999999999995,1.167,1.25999999999999,1.42999999999999,1.582,1.675,1.84499999999999,1.997,2.16699999999999,2.25999999999999,2.42999999999999
621,621,0.259999999999994,0.429999999999994,0.581999999999995,0.674999999999995,0.844999999999994,0.996999999999995,1.167,1.25999999999999,1.42999999999999,1.582,1.675,1.84499999999999,1.997,2.16699999999999,2.25999999999999,2.42999999999999
622,622,0.581999999999995,0.751999999999994,0.844999999999994,0.996999999999995,1.167,1.25999999999999,1.42999999999999,1.582,1.75199999999999,1.84499999999999,1.997,2.16699999999999,2.25999999999999,2.42999999999999,2.58199999999999,2.75199999999999
623,623,0.581999999999995,0.751999999999994,0.844999999999994,0.996999999999995,1.167,1.25999999999999,1.42999999999999,1.582,1.75199999999999,1.84499999999999,1.997,2.16699999999999,2.25999999999999,2.42999999999999,2.58199999999999,2.75199999999999
624,624,0.844999999999994,1.01499999999999,1.167,1.25999999999999,1.42999999999999,1.582,1.75199999999999,1.84499999999999,2.01499999999999,2.16699999999999,2.25999999999999,2.42999999999999,2.58199999999999,2.75199999999999,2.84499999999999,3.01499999999999
625,625,0.844999999999994,1.01499999999999,1.167,1.25999999999999,1.42999999999999,1.582,1.75199999999999,1.84499999999999,2.01499999999999,2.16699999999999,2.25999999999999,2.42999999999999,2.58199999999999,2.75199999999999,2.84499999999999,3.01499999999999
626,626,0.166999999999995,0.336999999999994,0.429999999999994,0.581999999999995,0.751999999999994,0.844999999999994,1.01499999999999,1.167,1.33699999999999,1.42999999999999,1.582,1.75199999999999,1.84499999999999,2.01499999999999,2.16699999999999,2.33699999999999
627,627,0.166999999999995,0.336999999999994,0.429999999999994,0.581999999999995,0.751999999999994,0.844999999999994,1.01499999999999,1.167,1.33699999999999,1.42999999999999,1.582,1.75199999999999,1.84499999999999,2.01499999999999,2.16699999999999,2.33699999999999
628,628,0.429999999999994,0.599999999999994,0.751999999999994,0.844999999999994,1.01499999999999,1.167,1.33699999999999,1.42999999999999,1.59999999999999,1.75199999999999,1.84499999999999,2.01499999999999,2.16699999999999,2.33699999999999,2.42999999999999,2.59999999999999
629,629,0.429999999999994,0.599999999999994,0.751999999999994,0.844999999999994,1.01499999999999,1.167,1.33699999999999,1.42999999999999,1.59999999999999,1.75199999999999,1.84499999999999,2.01499999999999,2.16699999999999,2.33699999999999,2.42999999999999,2.59999999999999
630,630,0.751999999999994,0.921999999999994,1.01499999999999,1.167,1.33699999999999,1.42999999999999,1.59999999999999,1.75199999999999,1.92199999999999,2.01499999999999,2.16699999999999,2.33699999999999,2.42999999999999,2.59999999999999,2.75199999999999,2.92199999999999
631,631,0.751999999999994,0.921999999999994,1.01499999999999,1.167,1.33699999999999,1.42999999999999,1.59999999999999,1.75199999999999,1.92199999999999,2.01499999999999,2.16699999999999,2.33699999999999,2.42999999999999,2.59999999999999,2.75199999999999,2.92199999999999
632,632,0.014999999999994,0.184999999999994,0.336999999999994,0.429999999999994,0.599999999999994,0.751999999999994,0.921999999999994,1.01499999999999,1.18499999999999,1.33699999999999,1.42999999999999,1.59999999999999,1.75199999999999,1.92199999999999,2.01499999999999,2.18499999999999
633,633,0.014999999999994,0.184999999999994,0.336999999999994,0.429999999999994,0.599999999999994,0.751999999999994,0.921999999999994,1.01499999999999,1.18499999999999,1.33699999999999,1.42999999999999,1.59999999999999,1.75199999999999,1.92199999999999,2.01499999999999,2.18499999999999
634,634,0.336999999999994,0.506999999999994,0.599999999999994,0.751999999999994,0.921999999999994,1.01499999999999,1.18499999999999,1.33699999999999,1.50699999999999,1.59999999999999,1.75199999999999,1.92199999999999,2.01499999999999,2.18499999999999,2.33699999999999,2.50699999999999
635,635,0.336999999999994,0.506999999999994,0.599999999999994,0.751999999999994,0.921999999999994,1.01499999999999,1.18499999999999,1.33699999999999,1.50699999999999,1.59999999999999,1.75199999999999,1.92199999999999,2.01499999999999,2.18499999999999,2.33699999999999,2.50699999999999
636,636,0.599999999999994,0.769999999999994,0.921999999999994,1.01499999999999,1.18499999999999,1.33699999999999,1.50699999999999,1.59999999999999,1.76999999999999,1.92199999999999,2.01499999999999,2.18499999999999,2.33699999999999,2.50699999999999,2.59999999999999,2.76999999999999
637,637,0.599999999999994,0.769999999999994,0.921999999999994,1.01499999999999,1.18499999999999,1.33699999999999,1.50699999999999,1.59999999999999,1.76999999999999,1.92199999999999,2.01499999999999,2.18499999999999,2.33699999999999,2.50699999999999,2.59999999999999,2.76999999999999
638,638,0.921999999999994,1.09199999999999,1.18499999999999,1.33699999999999,1.50699999999999,1.59999999999999,1.76999999999999,1.92199999999999,2.09199999999999,2.18499999999999,2.33699999999999,2.50699999999999,2.59999999999999,2.76999999999999,2.92199999999999,3.09199999999999
639,639,0.921999999999994,1.09199999999999,1.18499999999999,1.33699999999999,1.50699999999999,1.59999999999999,1.76999999999999,1.92199999999999,2.09199999999999,2.18499999999999,2.33699999999999,2.50699999999999,2.59999999999999,2.76999999999999,2.92199999999999,3.09199999999999
640,640,0.184999999999994,0.354999999999994,0.506999999999994,0.599999999999994,0.769999999999994,0.921999999999994,1.09199999999999,1.18499999999999,1.35499999999999,1.50699999999999,1.59999999999999,1.76999999999999,1.92199999999999,2.09199999999999,2.18499999999999,2.35499999999999
641,641,0.184999999999994,0.354999999999994,0.506999999999994,0.599999999999994,0.769999999999994,0.921999999999994,1.09199999999999,1.18499999999999,1.35499999999999,1.50699999999999,1.59999999999999,1.76999999999999,1.92199999999999,2.09199999999999,2.18499999999999,2.35499999999999
642,642,0.506999999999994,0.676999999999994,0.769999999999994,0.921999999999994,1.09199999999999,1.18499999999999,1.35499999999999,1.50699999999999,1.67699999999999,1.76999999999999,1.92199999999999,2.09199999999999,2.18499999999999,2.35499999999999,2.50699999999999,2.67699999999999
643,643,0.506999999999994,0.676999999999994,0.769999999999994,0.921999999999994,1.09199999999999,1.18499999999999,1.35499999999999,1.50699999999999,1.67699999999999,1.76999999999999,1.92199999999999,2.09199999999999,2.18499999999999,2.35499999999999,2.50699999999999,2.67699999999999
644,644,0.769999999999994,0.939999999999994,1.09199999999999,1.18499999999999,1.35499999999999,1.50699999999999,1.67699999999999,1.76999999999999,1.93999999999999,2.09199999999999,2.18499999999999,2.35499999999999,2.50699999999999,2.67699999999999,2.76999999999999,2.93999999999999
645,645,0.769999999999994,0.939999999999994,1.09199999999999,1.18499999999999,1.35499999999999,1.50699999999999,1.67699999999999,1.76999999999999,1.93999999999999,2.09199999999999,2.18499999999999,2.35499999999999,2.50699999999999,2.67699999999999,2.76999999999999,2.93999999999999
646,646,0.091999999999994,0.261999999999994,0.354999999999994,0.506999999999994,0.676999999999994,0.769999999999994,0.939999999999994,1.09199999999999,1.26199999999999,1.35499999999999,1.50699999999999,1.67699999999999,1.76999999999999,1.93999999999999,2.09199999999999,2.26199999999999
647,647,0.091999999999994,0.261999999999994,0.354999999999994,0.506999999999994,0.676999999999994,0.769999999999994,0.939999999999994,1.09199999999999,1.26199999999999,1.35499999999999,1.50699999999999,1.67699999999999,1.76999999999999,1.93999999999999,2.09199999999999,2.26199999999999
648,648,0.354999999999994,0.524999999999994,0.676999999999994,0.769999999999994,0.939999999999994,1.09199999999999,1.26199999999999,1.35499999999999,1.52499999999999,1.67699999999999,1.76999999999999,1.93999999999999,2.09199999999999,2.26199999999999,2.35499999999999,2.52499999999999
649,649,0.354999999999994,0.524999999999994,0.676999999999994,0.769999999999994,0.939999999999994,1.09199999999999,1.26199999999999,1.35499999999999,1.52499999999999,1.67699999999999,1.76999999999999,1.93999999999999,2.09199999999999,2.26199999999999,2.35499999999999,2.52499999999999
650,650,0.676999999999994,0.846999999999994,0.939999999999994,1.09199999999999,1.26199999999999,1.35499999999999,1.52499999999999,1.67699999999999,1.84699999999999,1.93999999999999,2.09199999999999,2.26199999999999,2.35499999999999,2.52499999999999,2.67699999999999,2.84699999999999
651,651,0.676999999999994,0.846999999999994,0.939999999999994,1.09199999999999,1.26199999999999,1.35499999999999,1.52499999999999,1.67699999999999,1.84699999999999,1.93999999999999,2.09199999999999,2.26199999999999,2.35499999999999,2.52499999999999,2.67699999999999,2.84699999999999
652,652,0.939999999999994,1.10999999999999,1.26199999999999,1.35499999999999,1.52499999999999,1.67699999999999,1.84699999999999,1.93999999999999,2.10999999999999,2.26199999999999,2.35499999999999,2.52499999999999,2.67699999999999,2.84699999999999,2.93999999999999,3.10999999999999
653,653,0.939999999999994,1.10999999999999,1.26199999999999,1.35499999999999,1.52499999999999,1.67699999999999,1.84699999999999,1.93999999999999,2.10999999999999,2.26199999999999,2.35499999999999,2.52499999999999,2.67699999999999,2.84699999999999,2.93999999999999,3.10999999999999
654,654,0.261999999999994,0.431999999999994,0.524999999999994,0.676999999999994,0.846999999999994,0.939999999999994,1.10999999999999,1.26199999999999,1.43199999999999,1.52499999999999,1.67699999999999,1.84699999999999,1.93999999999999,2.10999999999999,2.26199999999999,2.43199999999999
655,655,0.261999999999994,0.431999999999994,0.524999999999994,0.676999999999994,0.846999999999994,0.939999999999994,1.10999999999999,1.26199999999999,1.43199999999999,1.52499999999999,1.67699999999999,1.84699999999999,1.93999999999999,2.10999999999999,2.26199999999999,2.43199999999999
656,656,0.524999999999994,0.694999999999994,0.846999999999994,0.939999999999994,1.10999999999999,1.26199999999999,1.43199999999999,1.52499999999999,1.69499999999999,1.84699999999999,1.93999999999999,2.10999999999999,2.26199999999999,2.43199999999999,2.52499999999999,2.69499999999999
657,657,0.524999999999994,0.694999999999994,0.846999999999994,0.939999999999994,1.10999999999999,1.26199999999999,1.43199999999999,1.52499999999999,1.69499999999999,1.84699999999999,1.93999999999999,2.10999999999999,2.26199999999999,2.43199999999999,2.52499999999999,2.69499999999999
658,658,0.846999999999994,1.01699999999999,1.10999999999999,1.26199999999999,1.43199999999999,1.52499999999999,1.69499999999999,1.84699999999999,2.01699999999999,2.10999999999999,2.26199999999999,2.43199999999999,2.52499999999999,2.69499999999999,2.84699999999999,3.01699999999999
659,659,0.846999999999994,1.01699999999999,1.10999999999999,1.26199999999999,1.43199999999999,1.52499999999999,1.69499999999999,1.84699999999999,2.01699999999999,2.10999999999999,2.26199999999999,2.43199999999999,2.52499999999999,2.69499999999999,2.84699999999999,3.01699999999999
660,660,0.109999999999994,0.279999999999994,0.431999999999994,0.524999999999994,0.694999999999994,0.846999999999994,1.01699999999999,1.10999999999999,1.27999999999999,1.43199999999999,1.52499999999999,1.69499999999999,1.84699999999999,2.01699999999999,2.10999999999999,2.27999999999999
661,661,0.109999999999994,0.279999999999994,0.431999999999994,0.524999999999994,0.694999999999994,0.846999999999994,1.01699999999999,1.10999999999999,1.27999999999999,1.43199999999999,1.52499999999999,1.69499999999999,1.84699999999999,2.01699999999999,2.10999999999999,2.27999999999999
662,662,0.431999999999994,0.601999999999994,0.694999999999994,0.846999999999994,1.01699999999999,1.10999999999999,1.27999999999999,1.43199999999999,1.60199999999999,1.69499999999999,1.84699999999999,2.01699999999999,2.10999999999999,2.27999999999999,2.43199999999999,2.60199999999999
663,663,0.431999999999994,0.601999999999994,0.694999999999994,0.846999999999994,1.01699999999999,1.10999999999999,1.27999999999999,1.43199999999999,1.60199999999999,1.69499999999999,1.84699999999999,2.01699999999999,2.10999999999999,2.27999999999999,2.43199999999999,2.60199999999999
664,664,0.694999999999994,0.864999999999994,1.01699999999999,1.10999999999999,1.27999999999999,1.43199999999999,1.60199999999999,1.69499999999999,1.86499999999999,2.01699999999999,2.10999999999999,2.27999999999999,2.43199999999999,2.60199999999999,2.69499999999999,2.86499999999999
665,665,0.694999999999994,0.864999999999994,1.01699999999999,1.10999999999999,1.27999999999999,1.43199999999999,1.60199999999999,1.69499999999999,1.86499999999999,2.01699999999999,2.10999999999999,2.27999999999999,2.43199999999999,2.60199999999999,2.69499999999999,2.86499999999999
666,666,0.016999999999994,0.186999999999994,0.279999999999994,0.431999999999994,0.601999999999994,0.694999999999994,0.864999999999994,1.01699999999999,1.18699999999999,1.27999999999999,1.43199999999999,1.60199999999999,1.69499999999999,1.86499999999999,2.01699999999999,2.18699999999999
667,667,0.016999999999994,0.186999999999994,0.279999999999994,0.431999999999994,0.601999999999994,0.694999999999994,0.864999999999994,1.01699999999999,1.18699999999999,1.27999999999999,1.43199999999999,1.60199999999999,1.69499999999999,1.86499999999999,2.01699999999999,2.18699999999999
668,668,0.279999999999994,0.449999999999994,0.601999999999994,0.694999999999994,0.864999999999994,1.01699999999999,1.18699999999999,1.27999999999999,1.44999999999999,1.60199999999999,1.69499999999999,1.86499999999999,2.01699999999999,2.18699999999999,2.27999999999999,2.44999999999999
669,669,0.279999999999994,0.449999999999994,0.601999999999994,0.694999999999994,0.864999999999994,1.01699999999999,1.18699999999999,1.27999999999999,1.44999999999999,1.60199999999999,1.69499999999999,1.86499999999999,2.01699999999999,2.18699999999999,2.27999999999999,2.44999999999999
670,670,0.601999999999994,0.771999999999994,0.864999999999994,1.01699999999999,1.18699999999999,1.27999999999999,1.44999999999999,1.60199999999999,1.77199999999999,1.86499999999999,2.01699999999999,2.18699999999999,2.27999999999999,2.44999999999999,2.60199999999999,2.77199999999999
671,671,0.601999999999994,0.771999999999994,0.864999999999994,1.01699999999999,1.18699999999999,1.27999999999999,1.44999999999999,1.60199999999999,1.77199999999999,1.86499999999999,2.01699999999999,2.18699999999999,2.27999999999999,2.44999999999999,2.60199999999999,2.77199999999999
672,672,0.864999999999994,1.03499999999999,1.18699999999999,1.27999999999999,1.44999999999999,1.60199999999999,1.77199999999999,1.86499999999999,2.03499999999999,2.18699999999999,2.27999999999999,2.44999999999999,2.60199999999999,2.77199999999999,2.86499999999999,3.03499999999999
673,673,0.864999999999994,1.03499999999999,1.18699999999999,1.27999999999999,1.44999999999999,1.60199999999999,1.77199999999999,1.86499999999999,2.03499999999999,2.18699999999999,2.27999999999999,2.44999999999999,2.60199999999999,2.77199999999999,2.86499999999999,3.03499999999999
674,674,0.186999999999994,0.356999999999994,0.449999999999994,0.601999999999994,0.771999999999994,0.864999999999994,1.03499999999999,1.18699999999999,1.35699999999999,1.44999999999999,1.60199999999999,1.77199999999999,1.86499999999999,2.03499999999999,2.18699999999999,2.35699999999999
675,675,0.186999999999994,0.356999999999994,0.449999999999994,0.601999999999994,0.771999999999994,0.864999999999994,1.03499999999999,1.18699999999999,1.35699999999999,1.44999999999999,1.60199999999999,1.77199999999999,1.86499999999999,2.03499999999999,2.18699999999999,2.35699999999999
676,676,0.449999999999994,0.619999999999994,0.771999999999994,0.864999999999994,1.03499999999999,1.18699999999999,1.35699999999999,1.44999999999999,1.61999999999999,1.77199999999999,1.86499999999999,2.03499999999999,2.18699999999999,2.35699999999999,2.44999999999999,2.61999999999999
677,677,0.449999999999994,0.619999999999994,0.771999999999994,0.864999999999994,1.03499999999999,1.18699999999999,1.35699999999999,1.44999999999999,1.61999999999999,1.77199999999999,1.86499999999999,2.03499999999999,2.18699999999999,2.35699999999999,2.44999999999999,2.61999999999999
678,678,0.771999999999994,0.941999999999994,1.03499999999999,1.18699999999999,1.35699999999999,1.44999999999999,1.61999999999999,1.77199999999999,1.94199999999999,2.03499999999999,2.18699999999999,2.35699999999999,2.44999999999999,2.61999999999999,2.77199999999999,2.94199999999999
679,679,0.771999999999994,0.941999999999994,1.03499999999999,1.18699999999999,1.35699999999999,1.44999999999999,1.61999999999999,1.77199999999999,1.94199999999999,2.03499999999999,2.18699999999999,2.35699999999999,2.44999999999999,2.61999999999999,2.77199999999999,2.94199999999999
680,680,0.034999999999994,0.204999999999994,0.356999999999994,0.449999999999994,0.619999999999994,0.771999999999994,0.941999999999994,1.03499999999999,1.20499999999999,1.35699999999999,1.44999999999999,1.61999999999999,1.77199999999999,1.94199999999999,2.03499999999999,2.20499999999999
681,681,0.034999999999994,0.204999999999994,0.356999999999994,0.449999999999994,0.619999999999994,0.771999999999994,0.941999999999994,1.03499999999999,1.20499999999999,1.35699999999999,1.44999999999999,1.61999999999999,1.77199999999999,1.94199999999999,2.03499999999999,2.20499999999999
682,682,0.356999999999994,0.526999999999994,0.619999999999994,0.771999999999994,0.941999999999994,1.03499999999999,1.20499999999999,1.35699999999999,1.52699999999999,1.61999999999999,1.77199999999999,1.94199999999999,2.03499999999999,2.20499999999999,2.35699999999999,2.52699999999999
683,683,0.356999999999994,0.526999999999994,0.619999999999994,0.771999999999994,0.941999999999994,1.03499999999999,1.20499999999999,1.35699999999999,1.52699999999999,1.61999999999999,1.77199999999999,1.94199999999999,2.03499999999999,2.20499999999999,2.35699999999999,2.52699999999999
684,684,0.619999999999994,0.789999999999994,0.941999999999994,1.03499999999999,1.20499999999999,1.35699999999999,1.52699999999999,1.61999999999999,1.78999999999999,1.94199999999999,2.03499999999999,2.20499999999999,2.35699999999999,2.52699999999999,2.61999999999999,2.78999999999999
685,685,0.619999999999994,0.789999999999994,0.941999999999994,1.03499999999999,1.20499999999999,1.35699999999999,1.52699999999999,1.61999999999999,1.78999999999999,1.94199999999999,2.03499999999999,2.20499999999999,2.35699999999999,2.52699999999999,2.61999999999999,2.78999999999999
686,686,0.941999999999994,1.11199999999999,1.20499999999999,1.35699999999999,1.52699999999999,1.61999999999999,1.78999999999999,1.94199999999999,2.11199999999999,2.20499999999999,2.35699999999999,2.52699999999999,2.61999999999999,2.78999999999999,2.94199999999999,3.11199999999999
687,687,0.941999999999994,1.11199999999999,1.20499999999999,1.35699999999999,1.52699999999999,1.61999999999999,1.78999999999999,1.94199999999999,2.11199999999999,2.20499999999999,2.35699999999999,2.52699999999999,2.61999999999999,2.78999999999999,2.94199999999999,3.11199999999999
688,688,0.204999999999994,0.374999999999994,0.526999999999994,0.619999999999994,0.789999999999994,0.941999999999994,1.11199999999999,1.20499999999999,1.37499999999999,1.52699999999999,1.61999999999999,1.78999999999999,1.94199999999999,2.11199999999999,2.20499999999999,2.37499999999999
689,689,0.204999999999994,0.374999999999994,0.526999999999994,0.619999999999994,0.789999999999994,0.941999999999994,1.11199999999999,1.20499999999999,1.37499999999999,1.52699999999999,1.61999999999999,1.78999999999999,1.94199999999999,2.11199999999999,2.20499999999999,2.37499999999999
690,690,0.526999999999994,0.696999999999994,0.789999999999994,0.941999999999994,1.11199999999999,1.20499999999999,1.37499999999999,1.52699999999999,1.69699999999999,1.78999999999999,1.94199999999999,2.11199999999999,2.20499999999999,2.37499999999999,2.52699999999999,2.69699999999999
691,691,0.526999999999994,0.696999999999994,0.789999999999994,0.941999999999994,1.11199999999999,1.20499999999999,1.37499999999999,1.52699999999999,1.69699999999999,1.78999999999999,1.94199999999999,2.11199999999999,2.20499999999999,2.37499999999999,2.52699999999999,2.69699999999999
692,692,0.789999999999994,0.959999999999994,1.11199999999999,1.20499999999999,1.37499999999999,1.52699999999999,1.69699999999999,1.78999999999999,1.95999999999999,2.11199999999999,2.20499999999999,2.37499999999999,2.52699999999999,2.69699999999999,2.78999999999999,2.95999999999999
693,693,0.789999999999994,0.959999999999994,1.11199999999999,1.20499999999999,1.37499999999999,1.52699999999999,1.69699999999999,1.78999999999999,1.95999999999999,2.11199999999999,2.20499999999999,2.37499999999999,2.52699999999999,2.69699999999999,2.78999999999999,2.95999999999999
694,694,0.111999999999994,0.281999999999994,0.374999999999994,0.526999999999994,0.696999999999994,0.789999999999994,0.959999999999994,1.11199999999999,1.28199999999999,1.37499999999999,1.52699999999999,1.69699999999999,1.78999999999999,1.95999999999999,2.11199999999999,2.28199999999999
695,695,0.111999999999994,0.281999999999994,0.374999999999994,0.526999999999994,0.696999999999994,0.789999999999994,0.959999999999994,1.11199999999999,1.28199999999999,1.37499999999999,1.52699999999999,1.69699999999999,1.78999999999999,1.95999999999999,2.11199999999999,2.28199999999999
696,696,0.374999999999994,0.544999999999994,0.696999999999994,0.789999999999994,0.959999999999994,1.11199999999999,1.28199999999999,1.37499999999999,1.54499999999999,1.69699999999999,1.78999999999999,1.95999999999999,2.11199999999999,2.28199999999999,2.37499999999999,2.54499999999999
697,697,0.374999999999994,0.544999999999994,0.696999999999994,0.789999999999994,0.959999999999994,1.11199999999999,1.28199999999999,1.37499999999999,1.54499999999999,1.69699999999999,1.78999999999999,1.95999999999999,2.11199999999999,2.28199999999999,2.37499999999999,2.54499999999999
698,698,0.696999999999994,0.866999999999994,0.959999999999994,1.11199999999999,1.28199999999999,1.37499999999999,1.54499999999999,1.69699999999999,1.86699999999999,1.95999999999999,2.11199999999999,2.28199999999999,2.37499999999999,2.54499999999999,2.69699999999999,2.86699999999999
699,699,0.696999999999994,0.866999999999994,0.959999999999994,1.11199999999999,1.28199999999999,1.37499999999999,1.54499999999999,1.69699999999999,1.86699999999999,1.95999999999999,2.11199999999999,2.28199999999999,2.37499999999999,2.54499999999999,2.69699999999999,2.86699999999999
700,700,0.959999999999994,1.12999999999999,1.28199999999999,1.37499999999999,1.54499999999999,1.69699999999999,1.86699999999999,1.95999999999999,2.12999999999999,2.28199999999999,2.37499999999999,2.54499999999999,2.69699999999999,2.86699999999999,2.95999999999999,3.12999999999999
701,701,0.959999999999994,1.12999999999999,1.28199999999999,1.37499999999999,1.54499999999999,1.69699999999999,1.86699999999999,1.95999999999999,2.12999999999999,2.28199999999999,2.37499999999999,2.54499999999999,2.69699999999999,2.86699999999999,2.95999999999999,3.12999999999999
702,702,0.281999999999994,0.451999999999994,0.544999999999994,0.696999999999994,0.866999999999994,0.959999999999994,1.12999999999999,1.28199999999999,1.45199999999999,1.54499999999999,1.69699999999999,1.86699999999999,1.95999999999999,2.12999999999999,2.28199999999999,2.45199999999999
703,703,0.281999999999994,0.451999999999994,0.544999999999994,0.696999999999994,0.866999999999994,0.959999999999994,1.12999999999999,1.28199999999999,1.45199999999999,1.54499999999999,1.69699999999999,1.86699999999999,1.95999999999999,2.12999999999999,2.28199999999999,2.45199999999999
704,704,0.544999999999994,0.714999999999994,0.866999999999994,0.959999999999994,1.12999999999999,1.28199999999999,1.45199999999999,1.54499999999999,1.71499999999999,1.86699999999999,1.95999999999999,2.12999999999999,2.28199999999999,2.45199999999999,2.54499999999999,2.71499999999999
705,705,0.544999999999994,0.714999999999994,0.866999999999994,0.959999999999994,1.12999999999999,1.28199999999999,1.45199999999999,1.54499999999999,1.71499999999999,1.86699999999999,1.95999999999999,2.12999999999999,2.28199999999999,2.45199999999999,2.54499999999999,2.71499999999999
706,706,0.866999999999994,1.03699999999999,1.12999999999999,1.28199999999999,1.45199999999999,1.54499999999999,1.71499999999999,1.86699999999999,2.03699999999999,2.12999999999999,2.28199999999999,2.45199999999999,2.54499999999999,2.71499999999999,2.86699999999999,3.03699999999999
707,707,0.866999999999994,1.03699999999999,1.12999999999999,1.28199999999999,1.45199999999999,1.54499999999999,1.71499999999999,1.86699999999999,2.03699999999999,2.12999999999999,2.28199999999999,2.45199999999999,2.54499999999999,2.71499999999999,2.86699999999999,3.03699999999999
708,708,0.129999999999994,0.299999999999994,0.451999999999994,0.544999999999994,0.714999999999994,0.866999999999994,1.03699999999999,1.12999999999999,1.29999999999999,1.45199999999999,1.54499999999999,1.71499999999999,1.86699999999999,2.03699999999999,2.12999999999999,2.29999999999999
709,709,0.129999999999994,0.299999999999994,0.451999999999994,0.544999999999994,0.714999999999994,0.866999999999994,1.03699999999999,1.12999999999999,1.29999999999999,1.45199999999999,1.54499999999999,1.71499999999999,1.86699999999999,2.03699999999999,2.12999999999999,2.29999999999999
710,710,0.451999999999994,0.621999999999994,0.714999999999994,0.866999999999994,1.03699999999999,1.12999999999999,1.29999999999999,1.45199999999999,1.62199999999999,1.71499999999999,1.86699999999999,2.03699999999999,2.12999999999999,2.29999999999999,2.45199999999999,2.62199999999999
711,711,0.451999999999994,0.621999999999994,0.714999999999994,0.866999999999994,1.03699999999999,1.12999999999999,1.29999999999999,1.45199999999999,1.62199999999999,1.71499999999999,1.86699999999999,2.03699999999999,2.12999999999999,2.29999999999999,2.45199999999999,2.62199999999999
712,712,0.714999999999994,0.884999999999994,1.03699999999999,1.12999999999999,1.29999999999999,1.45199999999999,1.62199999999999,1.71499999999999,1.88499999999999,2.03699999999999,2.12999999999999,2.29999999999999,2.45199999999999,2.62199999999999,2.71499999999999,2.88499999999999
713,713,0.714999999999994,0.884999999999994,1.03699999999999,1.12999999999999,1.29999999999999,1.45199999999999,1.62199999999999,1.71499999999999,1.88499999999999,2.03699999999999,2.12999999999999,2.29999999999999,2.45199999999999,2.62199999999999,2.71499999999999,2.88499999999999
714,714,0.036999999999994,0.206999999999994,0.299999999999994,0.451999999999994,0.621999999999994,0.714999999999994,0.884999999999994,1.03699999999999,1.20699999999999,1.29999999999999,1.45199999999999,1.62199999999999,1.71499999999999,1.88499999999999,2.03699999999999,2.20699999999999
715,715,0.036999999999994,0.206999999999994,0.299999999999994,0.451999999999994,0.621999999999994,0.714999999999994,0.884999999999994,1.03699999999999,1.20699999999999,1.29999999999999,1.45199999999999,1.62199999999999,1.71499999999999,1.88499999999999,2.03699999999999,2.20699999999999
716,716,0.299999999999994,0.469999999999994,0.621999999999994,0.714999999999994,0.884999999999994,1.03699999999999,1.20699999999999,1.29999999999999,1.46999999999999,1.62199999999999,1.71499999999999,1.88499999999999,2.03699999999999,2.20699999999999,2.29999999999999,2.46999999999999
717,717,0.299999999999994,0.469999999999994,0.621999999999994,0.714999999999994,0.884999999999994,1.03699999999999,1.20699999999999,1.29999999999999,1.46999999999999,1.62199999999999,1.71499999999999,1.88499999999999,2.03699999999999,2.20699999999999,2.29999999999999,2.46999999999999
718,718,0.621999999999994,0.791999999999994,0.884999999999994,1.03699999999999,1.20699999999999,1.29999999999999,1.46999999999999,1.62199999999999,1.79199999999999,1.88499999999999,2.03699999999999,2.20699999999999,2.29999999999999,2.46999999999999,2.62199999999999,2.79199999999999
719,719,0.621999999999994,0.791999999999994,0.884999999999994,1.03699999999999,1.20699999999999,1.29999999999999,1.46999999999999,1.62199999999999,1.79199999999999,1.88499999999999,2.03699999999999,2.20699999999999,2.29999999999999,2.46999999999999,2.62199999999999,2.79199999999999
720,720,0.884999999999994,1.05499999999999,1.20699999999999,1.29999999999999,1.46999999999999,1.62199999999999,1.79199999999999,1.88499999999999,2.05499999999999,2.20699999999999,2.29999999999999,2.46999999999999,2.62199999999999,2.79199999999999,2.88499999999999,3.05499999999999
721,721,0.884999999999994,1.05499999999999,1.20699999999999,1.29999999999999,1.46999999999999,1.62199999999999,1.79199999999999,1.88499999999999,2.05499999999999,2.20699999999999,2.29999999999999,2.46999999999999,2.62199999999999,2.79199999999999,2.88499999999999,3.05499999999999
722,722,0.206999999999994,0.376999999999993,0.469999999999994,0.621999999999994,0.791999999999994,0.884999999999994,1.05499999999999,1.20699999999999,1.37699999999999,1.46999999999999,1.62199999999999,1.79199999999999,1.88499999999999,2.05499999999999,2.20699999999999,2.37699999999999
723,723,0.206999999999994,0.376999999999993,0.469999999999994,0.621999999999994,0.791999999999994,0.884999999999994,1.05499999999999,1.20699999999999,1.37699999999999,1.46999999999999,1.62199999999999,1.79199999999999,1.88499999999999,2.05499999999999,2.20699999999999,2.37699999999999
724,724,0.469999999999994,0.639999999999993,0.791999999999994,0.884999999999994,1.05499999999999,1.20699999999999,1.37699999999999,1.46999999999999,1.63999999999999,1.79199999999999,1.88499999999999,2.05499999999999,2.20699999999999,2.37699999999999,2.46999999999999,2.63999999999999
725,725,0.469999999999994,0.639999999999993,0.791999999999994,0.884999999999994,1.05499999999999,1.20699999999999,1.37699999999999,1.46999999999999,1.63999999999999,1.79199999999999,1.88499999999999,2.05499999999999,2.20699999999999,2.37699999999999,2.46999999999999,2.63999999999999
726,726,0.791999999999994,0.961999999999994,1.05499999999999,1.20699999999999,1.37699999999999,1.46999999999999,1.63999999999999,1.79199999999999,1.96199999999999,2.05499999999999,2.20699999999999,2.37699999999999,2.46999999999999,2.63999999999999,2.79199999999999,2.96199999999999
727,727,0.791999999999994,0.961999999999994,1.05499999999999,1.20699999999999,1.37699999999999,1.46999999999999,1.63999999999999,1.79199999999999,1.96199999999999,2.05499999999999,2.20699999999999,2.37699999999999,2.46999999999999,2.63999999999999,2.79199999999999,2.96199999999999
728,728,0.054999999999994,0.224999999999993,0.376999999999993,0.469999999999994,0.639999999999993,0.791999999999994,0.961999999999994,1.05499999999999,1.22499999999999,1.37699999999999,1.46999999999999,1.63999999999999,1.79199999999999,1.96199999999999,2.05499999999999,2.22499999999999
729,729,0.054999999999994,0.224999999999993,0.376999999999993,0.469999999999994,0.639999999999993,0.791999999999994,0.961999999999994,1.05499999999999,1.22499999999999,1.37699999999999,1.46999999999999,1.63999999999999,1.79199999999999,1.96199999999999,2.05499999999999,2.22499999999999
730,730,0.376999999999993,0.546999999999994,0.639999999999993,0.791999999999994,0.961999999999994,1.05499999999999,1.22499999999999,1.37699999999999,1.54699999999999,1.63999999999999,1.79199999999999,1.96199999999999,2.05499999999999,2.22499999999999,2.37699999999999,2.54699999999999
731,731,0.376999999999993,0.546999999999994,0.639999999999993,0.791999999999994,0.961999999999994,1.05499999999999,1.22499999999999,1.37699999999999,1.54699999999999,1.63999999999999,1.79199999999999,1.96199999999999,2.05499999999999,2.22499999999999,2.37699999999999,2.54699999999999
732,732,0.639999999999993,0.809999999999993,0.961999999999994,1.05499999999999,1.22499999999999,1.37699999999999,1.54699999999999,1.63999999999999,1.80999999999999,1.96199999999999,2.05499999999999,2.22499999999999,2.37699999999999,2.54699999999999,2.63999999999999,2.80999999999999
733,733,0.639999999999993,0.809999999999993,0.961999999999994,1.05499999999999,1.22499999999999,1.37699999999999,1.54699999999999,1.63999999999999,1.80999999999999,1.96199999999999,2.05499999999999,2.22499999999999,2.37699999999999,2.54699999999999,2.63999999999999,2.80999999999999
734,734,0.961999999999994,1.13199999999999,1.22499999999999,1.37699999999999,1.54699999999999,1.63999999999999,1.80999999999999,1.96199999999999,2.13199999999999,2.22499999999999,2.37699999999999,2.54699999999999,2.63999999999999,2.80999999999999,2.96199999999999,3.13199999999999
735,735,0.961999999999994,1.13199999999999,1.22499999999999,1.37699999999999,1.54699999999999,1.63999999999999,1.80999999999999,1.96199999999999,2.13199999999999,2.22499999999999,2.37699999999999,2.54699999999999,2.63999999999999,2.80999999999999,2.96199999999999,3.13199999999999
736,736,0.224999999999993,0.394999999999993,0.546999999999994,0.639999999999993,0.809999999999993,0.961999999999994,1.13199999999999,1.22499999999999,1.39499999999999,1.54699999999999,1.63999999999999,1.80999999999999,1.96199999999999,2.13199999999999,2.22499999999999,2.39499999999999
737,737,0.224999999999993,0.394999999999993,0.546999999999994,0.639999999999993,0.809999999999993,0.961999999999994,1.13199999999999,1.22499999999999,1.39499999999999,1.54699999999999,1.63999999999999,1.80999999999999,1.96199999999999,2.13199999999999,2.22499999999999,2.39499999999999
738,738,0.546999999999994,0.716999999999993,0.809999999999993,0.961999999999994,1.13199999999999,1.22499999999999,1.39499999999999,1.54699999999999,1.71699999999999,1.80999999999999,1.96199999999999,2.13199999999999,2.22499999999999,2.39499999999999,2.54699999999999,2.71699999999999
739,739,0.546999999999994,0.716999999999993,0.809999999999993,0.961999999999994,1.13199999999999,1.22499999999999,1.39499999999999,1.54699999999999,1.71699999999999,1.80999999999999,1.96199999999999,2.13199999999999,2.22499999999999,2.39499999999999,2.54699999999999,2.71699999999999
740,740,0.809999999999993,0.979999999999993,1.13199999999999,1.22499999999999,1.39499999999999,1.54699999999999,1.71699999999999,1.80999999999999,1.97999999999999,2.13199999999999,2.22499999999999,2.39499999999999,2.54699999999999,2.71699999999999,2.80999999999999,2.97999999999999
741,741,0.809999999999993,0.979999999999993,1.13199999999999,1.22499999999999,1.39499999999999,1.54699999999999,1.71699999999999,1.80999999999999,1.97999999999999,2.13199999999999,2.22499999999999,2.39499999999999,2.54699999999999,2.71699999999999,2.80999999999999,2.97999999999999
742,742,0.131999999999993,0.301999999999993,0.394999999999993,0.546999999999994,0.716999999999993,0.809999999999993,0.979999999999993,1.13199999999999,1.30199999999999,1.39499999999999,1.54699999999999,1.71699999999999,1.80999999999999,1.97999999999999,2.13199999999999,2.30199999999999
743,743,0.131999999999993,0.301999999999993,0.394999999999993,0.546999999999994,0.716999999999993,0.809999999999993,0.979999999999993,1.13199999999999,1.30199999999999,1.39499999999999,1.54699999999999,1.71699999999999,1.80999999999999,1.97999999999999,2.13199999999999,2.30199999999999
744,744,0.394999999999993,0.564999999999993,0.716999999999993,0.809999999999993,0.979999999999993,1.13199999999999,1.30199999999999,1.39499999999999,1.56499999999999,1.71699999999999,1.80999999999999,1.97999999999999,2.13199999999999,2.30199999999999,2.39499999999999,2.56499999999999
745,745,0.394999999999993,0.564999999999993,0.716999999999993,0.809999999999993,0.979999999999993,1.13199999999999,1.30199999999999,1.39499999999999,1.56499999999999,1.71699999999999,1.80999999999999,1.97999999999999,2.13199999999999,2.30199999999999,2.39499999999999,2.56499999999999
746,746,0.716999999999993,0.886999999999993,0.979999999999993,1.13199999999999,1.30199999999999,1.39499999999999,1.56499999999999,1.71699999999999,1.88699999999999,1.97999999999999,2.13199999999999,2.30199999999999,2.39499999999999,2.56499999999999,2.71699999999999,2.88699999999999
747,747,0.716999999999993,0.886999999999993,0.979999999999993,1.13199999999999,1.30199999999999,1.39499999999999,1.56499999999999,1.71699999999999,1.88699999999999,1.97999999999999,2.13199999999999,2.30199999999999,2.39499999999999,2.56499999999999,2.71699999999999,2.88699999999999
748,748,0.979999999999993,1.14999999999999,1.30199999999999,1.39499999999999,1.56499999999999,1.71699999999999,1.88699999999999,1.97999999999999,2.14999999999999,2.30199999999999,2.39499999999999,2.56499999999999,2.71699999999999,2.88699999999999,2.97999999999999,3.14999999999999
749,749,0.979999999999993,1.14999999999999,1.30199999999999,1.39499999999999,1.56499999999999,1.71699999999999,1.88699999999999,1.97999999999999,2.14999999999999,2.30199999999999,2.39499999999999,2.56499999999999,2.71699999999999,2.88699999999999,2.97999999999999,3.14999999999999
750,750,0.301999999999993,0.471999999999993,0.564999999999993,0.716999999999993,0.886999999999993,0.979999999999993,1.14999999999999,1.30199999999999,1.47199999999999,1.56499999999999,1.71699999999999,1.88699999999999,1.97999999999999,2.14999999999999,2.30199999999999,2.47199999999999
751,751,0.301999999999993,0.471999999999993,0.564999999999993,0.716999999999993,0.886999999999993,0.979999999999993,1.14999999999999,1.30199999999999,1.47199999999999,1.56499999999999,1.71699999999999,1.88699999999999,1.97999999999999,2.14999999999999,2.30199999999999,2.47199999999999
752,752,0.564999999999993,0.734999999999993,0.886999999999993,0.979999999999993,1.14999999999999,1.30199999999999,1.47199999999999,1.56499999999999,1.73499999999999,1.88699999999999,1.97999999999999,2.14999999999999,2.30199999999999,2.47199999999999,2.56499999999999,2.73499999999999
753,753,0.564999999999993,0.734999999999993,0.886999999999993,0.979999999999993,1.14999999999999,1.30199999999999,1.47199999999999,1.56499999999999,1.73499999999999,1.88699999999999,1.97999999999999,2.14999999999999,2.30199999999999,2.47199999999999,2.56499999999999,2.73499999999999
754,754,0.886999999999993,1.05699999999999,1.14999999999999,1.30199999999999,1.47199999999999,1.56499999999999,1.73499999999999,1.88699999999999,2.05699999999999,2.14999999999999,2.30199999999999,2.47199999999999,2.56499999999999,2.73499999999999,2.88699999999999,3.05699999999999
755,755,0.886999999999993,1.05699999999999,1.14999999999999,1.30199999999999,1.47199999999999,1.56499999999999,1.73499999999999,1.88699999999999,2.05699999999999,2.14999999999999,2.30199999999999,2.47199999999999,2.56499999999999,2.73499999999999,2.88699999999999,3.05699999999999
756,756,0.149999999999993,0.319999999999993,0.471999999999993,0.564999999999993,0.734999999999993,0.886999999999993,1.05699999999999,1.14999999999999,1.31999999999999,1.47199999999999,1.56499999999999,1.73499999999999,1.88699999999999,2.05699999999999,2.14999999999999,2.31999999999999
757,757,0.149999999999993,0.319999999999993,0.471999999999993,0.564999999999993,0.734999999999993,0.886999999999993,1.05699999999999,1.14999999999999,1.31999999999999,1.47199999999999,1.56499999999999,1.73499999999999,1.88699999999999,2.05699999999999,2.14999999999999,2.31999999999999
758,758,0.471999999999993,0.641999999999993,0.734999999999993,0.886999999999993,1.05699999999999,1.14999999999999,1.31999999999999,1.47199999999999,1.64199999999999,1.73499999999999,1.88699999999999,2.05699999999999,2.14999999999999,2.31999999999999,2.47199999999999,2.64199999999999
759,759,0.471999999999993,0.641999999999993,0.734999999999993,0.886999999999993,1.05699999999999,1.14999999999999,1.31999999999999,1.47199999999999,1.64199999999999,1.73499999999999,1.88699999999999,2.05699999999999,2.14999999999999,2.31999999999999,2.47199999999999,2.64199999999999
760,760,0.734999999999993,0.904999999999993,1.05699999999999,1.14999999999999,1.31999999999999,1.47199999999999,1.64199999999999,1.73499999999999,1.90499999999999,2.05699999999999,2.14999999999999,2.31999999999999,2.47199999999999,2.64199999999999,2.73499999999999,2.90499999999999
761,761,0.734999999999993,0.904999999999993,1.05699999999999,1.14999999999999,1.31999999999999,1.47199999999999,1.64199999999999,1.73499999999999,1.90499999999999,2.05699999999999,2.14999999999999,2.31999999999999,2.47199999999999,2.64199999999999,2.73499999999999,2.90499999999999
762,762,0.056999999999993,0.226999999999993,0.319999999999993,0.471999999999993,0.641999999999993,0.734999999999993,0.904999999999993,1.05699999999999,1.22699999999999,1.31999999999999,1.47199999999999,1.64199999999999,1.73499999999999,1.90499999999999,2.05699999999999,2.22699999999999
763,763,0.056999999999993,0.226999999999993,0.319999999999993,0.471999999999993,0.641999999999993,0.734999999999993,0.904999999999993,1.05699999999999,1.22699999999999,1.31999999999999,1.47199999999999,1.64199999999999,1.73499999999999,1.90499999999999,2.05699999999999,2.22699999999999
764,764,0.319999999999993,0.489999999999993,0.641999999999993,0.734999999999993,0.904999999999993,1.05699999999999,1.22699999999999,1.31999999999999,1.48999999999999,1.64199999999999,1.73499999999999,1.90499999999999,2.05699999999999,2.22699999999999,2.31999999999999,2.48999999999999
765,765,0.319999999999993,0.489999999999993,0.641999999999993,0.734999999999993,0.904999999999993,1.05699999999999,1.22699999999999,1.31999999999999,1.48999999999999,1.64199999999999,1.73499999999999,1.90499999999999,2.05699999999999,2.22699999999999,2.31999999999999,2.48999999999999
766,766,0.641999999999993,0.811999999999993,0.904999999999993,1.05699999999999,1.22699999999999,1.31999999999999,1.48999999999999,1.64199999999999,1.81199999999999,1.90499999999999,2.05699999999999,2.22699999999999,2.31999999999999,2.48999999999999,2.64199999999999,2.81199999999999
767,767,0.641999999999993,0.811999999999993,0.904999999999993,1.05699999999999,1.22699999999999,1.31999999999999,1.48999999999999,1.64199999999999,1.81199999999999,1.90499999999999,2.05699999999999,2.22699999999999,2.31999999999999,2.48999999999999,2.64199999999999,2.81199999999999
768,768,0.904999999999993,1.07499999999999,1.22699999999999,1.31999999999999,1.48999999999999,1.64199999999999,1.81199999999999,1.90499999999999,2.07499999999999,2.22699999999999,2.31999999999999,2.48999999999999,2.64199999999999,2.81199999999999,2.90499999999999,3.07499999999999
769,769,0.904999999999993,1.07499999999999,1.22699999999999,1.31999999999999,1.48999999999999,1.64199999999999,1.81199999999999,1.90499999999999,2.07499999999999,2.22699999999999,2.31999999999999,2.48999999999999,2.64199999999999,2.81199999999999,2.90499999999999,3.07499999999999
770,770,0.226999999999993,0.396999999999993,0.489999999999993,0.641999999999993,0.811999999999993,0.904999999999993,1.07499999999999,1.22699999999999,1.39699999999999,1.48999999999999,1.64199999999999,1.81199999999999,1.90499999999999,2.07499999999999,2.22699999999999,2.39699999999999
771,771,0.226999999999993,0.396999999999993,0.489999999999993,0.641999999999993,0.811999999999993,0.904999999999993,1.07499999999999,1.22699999999999,1.39699999999999,1.48999999999999,1.64199999999999,1.81199999999999,1.90499999999999,2.07499999999999,2.22699999999999,2.39699999999999
772,772,0.489999999999993,0.659999999999993,0.811999999999993,0.904999999999993,1.07499999999999,1.22699999999999,1.39699999999999,1.48999999999999,1.65999999999999,1.81199999999999,1.90499999999999,2.07499999999999,2.22699999999999,2.39699999999999,2.48999999999999,2.65999999999999
773,773,0.489999999999993,0.659999999999993,0.811999999999993,0.904999999999993,1.07499999999999,1.22699999999999,1.39699999999999,1.48999999999999,1.65999999999999,1.81199999999999,1.90499999999999,2.07499999999999,2.22699999999999,2.39699999999999,2.48999999999999,2.65999999999999
774,774,0.811999999999993,0.981999999999993,1.07499999999999,1.22699999999999,1.39699999999999,1.48999999999999,1.65999999999999,1.81199999999999,1.98199999999999,2.07499999999999,2.22699999999999,2.39699999999999,2.48999999999999,2.65999999999999,2.81199999999999,2.98199999999999
775,775,0.811999999999993,0.981999999999993,1.07499999999999,1.22699999999999,1.39699999999999,1.48999999999999,1.65999999999999,1.81199999999999,1.98199999999999,2.07499999999999,2.22699999999999,2.39699999999999,2.48999999999999,2.65999999999999,2.81199999999999,2.98199999999999
776,776,0.074999999999993,0.244999999999993,0.396999999999993,0.489999999999993,0.659999999999993,0.811999999999993,0.981999999999993,1.07499999999999,1.24499999999999,1.39699999999999,1.48999999999999,1.65999999999999,1.81199999999999,1.98199999999999,2.07499999999999,2.24499999999999
777,777,0.074999999999993,0.244999999999993,0.396999999999993,0.489999999999993,0.659999999999993,0.811999999999993,0.981999999999993,1.07499999999999,1.24499999999999,1.39699999999999,1.48999999999999,1.65999999999999,1.81199999999999,1.98199999999999,2.07499999999999,2.24499999999999
778,778,0.396999999999993,0.566999999999993,0.659999999999993,0.811999999999993,0.981999999999993,1.07499999999999,1.24499999999999,1.39699999999999,1.56699999999999,1.65999999999999,1.81199999999999,1.98199999999999,2.07499999999999,2.24499999999999,2.39699999999999,2.56699999999999
779,779,0.396999999999993,0.566999999999993,0.659999999999993,0.811999999999993,0.981999999999993,1.07499999999999,1.24499999999999,1.39699999999999,1.56699999999999,1.65999999999999,1.81199999999999,1.98199999999999,2.07499999999999,2.24499999999999,2.39699999999999,2.56699999999999
780,780,0.659999999999993,0.829999999999993,0.981999999999993,1.07499999999999,1.24499999999999,1.39699999999999,1.56699999999999,1.65999999999999,1.82999999999999,1.98199999999999,2.07499999999999,2.24499999999999,2.39699999999999,2.56699999999999,2.65999999999999,2.82999999999999
781,781,0.659999999999993,0.829999999999993,0.981999999999993,1.07499999999999,1.24499999999999,1.39699999999999,1.56699999999999,1.65999999999999,1.82999999999999,1.98199999999999,2.07499999999999,2.24499999999999,2.39699999999999,2.56699999999999,2.65999999999999,2.82999999999999
782,782,0.981999999999993,1.15199999999999,1.24499999999999,1.39699999999999,1.56699999999999,1.65999999999999,1.82999999999999,1.98199999999999,2.15199999999999,2.24499999999999,2.39699999999999,2.56699999999999,2.65999999999999,2.82999999999999,2.98199999999999,3.15199999999999
783,783,0.981999999999993,1.15199999999999,1.24499999999999,1.39699999999999,1.56699999999999,1.65999999999999,1.82999999999999,1.98199999999999,2.15199999999999,2.24499999999999,2.39699999999999,2.56699999999999,2.65999999999999,2.82999999999999,2.98199999999999,3.15199999999999
784,784,0.244999999999993,0.414999999999993,0.566999999999993,0.659999999999993,0.829999999999993,0.981999999999993,1.15199999999999,1.24499999999999,1.41499999999999,1.56699999999999,1.65999999999999,1.82999999999999,1.98199999999999,2.15199999999999,2.24499999999999,2.41499999999999
785,785,0.244999999999993,0.414999999999993,0.566999999999993,0.659999999999993,0.829999999999993,0.981999999999993,1.15199999999999,1.24499999999999,1.41499999999999,1.56699999999999,1.65999999999999,1.82999999999999,1.98199999999999,2.15199999999999,2.24499999999999,2.41499999999999
786,786,0.566999999999993,0.736999999999993,0.829999999999993,0.981999999999993,1.15199999999999,1.24499999999999,1.41499999999999,1.56699999999999,1.73699999999999,1.82999999999999,1.98199999999999,2.15199999999999,2.24499999999999,2.41499999999999,2.56699999999999,2.73699999999999
787,787,0.566999999999993,0.736999999999993,0.829999999999993,0.981999999999993,1.15199999999999,1.24499999999999,1.41499999999999,1.56699999999999,1.73699999999999,1.82999999999999,1.98199999999999,2.15199999999999,2.24499999999999,2.41499999999999,2.56699999999999,2.73699999999999
788,788,0.829999999999993,1,1.15199999999999,1.24499999999999,1.41499999999999,1.56699999999999,1.73699999999999,1.82999999999999,2,2.15199999999999,2.24499999999999,2.41499999999999,2.56699999999999,2.73699999999999,2.82999999999999,3
789,789,0.829999999999993,1,1.15199999999999,1.24499999999999,1.41499999999999,1.56699999999999,1.73699999999999,1.82999999999999,2,2.15199999999999,2.24499999999999,2.41499999999999,2.56699999999999,2.73699999999999,2.82999999999999,3
790,790,0.151999999999993,0.322,0.414999999999993,0.566999999999993,0.736999999999993,0.829999999999993,1,1.15199999999999,1.322,1.41499999999999,1.56699999999999,1.73699999999999,1.82999999999999,2,2.15199999999999,2.322
791,791,0.151999999999993,0.322,0.414999999999993,0.566999999999993,0.736999999999993,0.829999999999993,1,1.15199999999999,1.322,1.41499999999999,1.56699999999999,1.73699999999999,1.82999999999999,2,2.15199999999999,2.322
792,792,0.414999999999993,0.585,0.736999999999993,0.829999999999993,1,1.15199999999999,1.322,1.41499999999999,1.585,1.73699999999999,1.82999999999999,2,2.15199999999999,2.322,2.41499999999999,2.585
793,793,0.414999999999993,0.585,0.736999999999993,0.829999999999993,1,1.15199999999999,1.322,1.41499999999999,1.585,1.73699999999999,1.82999999999999,2,2.15199999999999,2.322,2.41499999999999,2.585
794,794,0.736999999999993,0.907,1,1.15199999999999,1.322,1.41499999999999,1.585,1.73699999999999,1.907,2,2.15199999999999,2.322,2.41499999999999,2.585,2.73699999999999,2.907
795,795,0.736999999999993,0.907,1,1.15199999999999,1.322,1.41499999999999,1.585,1.73699999999999,1.907,2,2.15199999999999,2.322,2.41499999999999,2.585,2.73699999999999,2.907
796,796,0,0.17,0.322,0.414999999999993,0.585,0.736999999999993,0.907,1,1.17,1.322,1.41499999999999,1.585,1.73699999999999,1.907,2,2.17
797,797,0,0.17,0.322,0.414999999999993,0.585,0.736999999999993,0.907,1,1.17,1.322,1.41499999999999,1.585,1.73699999999999,1.907,2,2.17
798,798,0.322,0.492,0.585,0.736999999999993,0.907,1,1.17,1.322,1.492,1.585,1.73699999999999,1.907,2,2.17,2.322,2.492
799,799,0.322,0.492,0.585,0.736999999999993,0.907,1,1.17,1.322,1.492,1.585,1.73699999999999,1.907,2,2.17,2.322,2.492
